ISO-10303-21;
HEADER;
/* Generated by software containing ST-Developer
 * from STEP Tools, Inc. (www.steptools.com) 
 */

FILE_DESCRIPTION(
/* description */ (''),
/* implementation_level */ '2;1');

FILE_NAME(
/* name */ 'Carbon.step',
/* time_stamp */ '2026-07-23T20:47:07+05:30',
/* author */ (''),
/* organization */ (''),
/* preprocessor_version */ 'ST-DEVELOPER v20.1',
/* originating_system */ 'Autodesk Translation Framework v15.8.0.0',
/* authorisation */ '');

FILE_SCHEMA (('AUTOMOTIVE_DESIGN { 1 0 10303 214 3 1 1 }'));
ENDSEC;

DATA;
#10=MECHANICAL_DESIGN_GEOMETRIC_PRESENTATION_REPRESENTATION('',(#682,#683,
#684,#685,#686,#687,#688,#689,#690,#691,#692,#693,#694,#695,#696,#697,#698,
#699,#700,#701,#702,#703,#704,#705,#706,#707,#708,#709,#710,#711,#712,#713,
#714,#715,#716,#717,#718,#719,#720,#721,#722,#723,#724,#725,#726,#727,#728,
#729,#730,#731,#732,#733,#734,#735,#736,#737,#738,#739,#740,#741,#742,#743,
#744,#745,#746,#747,#748,#749,#750,#751,#752,#753,#754,#755,#756,#757,#758,
#759,#760,#761,#762,#763,#764,#765,#766,#767,#768,#769,#770,#771,#772,#773,
#774,#775,#776,#777,#778,#779,#780,#781,#782,#783,#784,#785,#786,#787,#788,
#789,#790,#791,#792,#793,#794,#795,#796,#797,#798,#799,#800,#801,#802,#803,
#804,#805,#806,#807,#808,#809,#810,#811,#812,#813,#814,#815,#816,#817,#818,
#819,#820,#821,#822,#823,#824,#825,#826,#827,#828,#829,#830,#831,#832,#833,
#834,#835,#836,#837,#838,#839,#840,#841,#842,#843,#844,#845,#846,#847,#848,
#849,#850,#851,#852,#853,#854,#855,#856,#857,#858,#859,#860,#861,#862,#863,
#864,#865,#866,#867,#868,#869,#870,#871,#872,#873,#874,#875,#876,#877,#878,
#879,#880,#881,#882,#883,#884,#885,#886,#887,#888,#889,#890,#891,#892,#893,
#894,#895,#896,#897,#898,#899,#900,#901,#902,#903,#904,#905,#906,#907,#908,
#909,#910,#911,#912,#913,#914,#915,#916,#917,#918,#919,#920,#921,#922,#923,
#924,#925,#926,#927,#928,#929,#930,#931,#932,#933,#934,#935,#936,#937,#938,
#939,#940,#941,#942,#943,#944,#945,#946,#947,#948,#949,#950,#951,#952,#953,
#954,#955,#956,#957,#958,#959,#960,#961,#962,#963,#964,#965,#966,#967,#968,
#969,#970,#971,#972,#973,#974,#975,#976,#977,#978,#979),#21137);
#11=ITEM_DEFINED_TRANSFORMATION($,$,#13325,#13592);
#12=ITEM_DEFINED_TRANSFORMATION($,$,#12740,#13593);
#13=ITEM_DEFINED_TRANSFORMATION($,$,#13325,#13594);
#14=ITEM_DEFINED_TRANSFORMATION($,$,#13517,#13595);
#15=ITEM_DEFINED_TRANSFORMATION($,$,#12739,#13762);
#16=(
REPRESENTATION_RELATIONSHIP($,$,#21160,#21158)
REPRESENTATION_RELATIONSHIP_WITH_TRANSFORMATION(#11)
SHAPE_REPRESENTATION_RELATIONSHIP()
);
#17=(
REPRESENTATION_RELATIONSHIP($,$,#21159,#21158)
REPRESENTATION_RELATIONSHIP_WITH_TRANSFORMATION(#12)
SHAPE_REPRESENTATION_RELATIONSHIP()
);
#18=(
REPRESENTATION_RELATIONSHIP($,$,#21160,#21158)
REPRESENTATION_RELATIONSHIP_WITH_TRANSFORMATION(#13)
SHAPE_REPRESENTATION_RELATIONSHIP()
);
#19=(
REPRESENTATION_RELATIONSHIP($,$,#21161,#21158)
REPRESENTATION_RELATIONSHIP_WITH_TRANSFORMATION(#14)
SHAPE_REPRESENTATION_RELATIONSHIP()
);
#20=(
REPRESENTATION_RELATIONSHIP($,$,#21158,#21157)
REPRESENTATION_RELATIONSHIP_WITH_TRANSFORMATION(#15)
SHAPE_REPRESENTATION_RELATIONSHIP()
);
#21=CONTEXT_DEPENDENT_SHAPE_REPRESENTATION(#16,#21152);
#22=CONTEXT_DEPENDENT_SHAPE_REPRESENTATION(#17,#21153);
#23=CONTEXT_DEPENDENT_SHAPE_REPRESENTATION(#18,#21154);
#24=CONTEXT_DEPENDENT_SHAPE_REPRESENTATION(#19,#21155);
#25=CONTEXT_DEPENDENT_SHAPE_REPRESENTATION(#20,#21156);
#26=NEXT_ASSEMBLY_USAGE_OCCURRENCE('SW_SPST_PTS647Sx38:1',
'SW_SPST_PTS647Sx38:1','SW_SPST_PTS647Sx38:1',#21164,#21166,
'SW_SPST_PTS647Sx38:1');
#27=NEXT_ASSEMBLY_USAGE_OCCURRENCE(
'USB_C_Receptacle_HRO_TYPE-C-31-M-12:1',
'USB_C_Receptacle_HRO_TYPE-C-31-M-12:1',
'USB_C_Receptacle_HRO_TYPE-C-31-M-12:1',#21164,#21165,
'USB_C_Receptacle_HRO_TYPE-C-31-M-12:1');
#28=NEXT_ASSEMBLY_USAGE_OCCURRENCE('SW_SPST_PTS647Sx38:2',
'SW_SPST_PTS647Sx38:2','SW_SPST_PTS647Sx38:2',#21164,#21166,
'SW_SPST_PTS647Sx38:2');
#29=NEXT_ASSEMBLY_USAGE_OCCURRENCE('Carbon_PCB:1','Carbon_PCB:1',
'Carbon_PCB:1',#21164,#21167,'Carbon_PCB:1');
#30=NEXT_ASSEMBLY_USAGE_OCCURRENCE('PCBc:1','PCBc:1','PCBc:1',#21163,#21164,
'PCBc:1');
#31=SHAPE_REPRESENTATION_RELATIONSHIP('SRR','None',#21159,#35);
#32=SHAPE_REPRESENTATION_RELATIONSHIP('SRR','None',#21160,#36);
#33=SHAPE_REPRESENTATION_RELATIONSHIP('SRR','None',#21161,#37);
#34=SHAPE_REPRESENTATION_RELATIONSHIP('SRR','None',#21157,#38);
#35=ADVANCED_BREP_SHAPE_REPRESENTATION('',(#645,#646,#647,#648,#649,#650,
#651,#652,#653,#654,#655,#656,#657,#658,#659,#660,#661,#662,#663,#664,#665,
#666,#667,#668),#21134);
#36=ADVANCED_BREP_SHAPE_REPRESENTATION('',(#669,#670,#671,#672,#673,#674,
#675,#676,#677,#678,#679),#21135);
#37=ADVANCED_BREP_SHAPE_REPRESENTATION('',(#680),#21136);
#38=ADVANCED_BREP_SHAPE_REPRESENTATION('',(#681),#21132);
#39=FACE_BOUND('',#1943,.T.);
#40=FACE_BOUND('',#1944,.T.);
#41=FACE_BOUND('',#1949,.T.);
#42=FACE_BOUND('',#1950,.T.);
#43=FACE_BOUND('',#1957,.T.);
#44=FACE_BOUND('',#1958,.T.);
#45=FACE_BOUND('',#1960,.T.);
#46=FACE_BOUND('',#1968,.T.);
#47=FACE_BOUND('',#1969,.T.);
#48=FACE_BOUND('',#2154,.T.);
#49=FACE_BOUND('',#2156,.T.);
#50=FACE_BOUND('',#2177,.T.);
#51=FACE_BOUND('',#2178,.T.);
#52=FACE_BOUND('',#2179,.T.);
#53=FACE_BOUND('',#2180,.T.);
#54=FACE_BOUND('',#2181,.T.);
#55=FACE_BOUND('',#2182,.T.);
#56=FACE_BOUND('',#2183,.T.);
#57=FACE_BOUND('',#2184,.T.);
#58=FACE_BOUND('',#2185,.T.);
#59=FACE_BOUND('',#2186,.T.);
#60=FACE_BOUND('',#2188,.T.);
#61=FACE_BOUND('',#2189,.T.);
#62=FACE_BOUND('',#2190,.T.);
#63=FACE_BOUND('',#2191,.T.);
#64=FACE_BOUND('',#2192,.T.);
#65=FACE_BOUND('',#2193,.T.);
#66=FACE_BOUND('',#2194,.T.);
#67=FACE_BOUND('',#2195,.T.);
#68=FACE_BOUND('',#2196,.T.);
#69=FACE_BOUND('',#2197,.T.);
#70=FACE_BOUND('',#2240,.T.);
#71=FACE_BOUND('',#2241,.T.);
#72=FACE_BOUND('',#2242,.T.);
#73=FACE_BOUND('',#2243,.T.);
#74=FACE_BOUND('',#2330,.T.);
#75=FACE_BOUND('',#2336,.T.);
#76=FACE_BOUND('',#2350,.T.);
#77=FACE_BOUND('',#2351,.T.);
#78=FACE_BOUND('',#2352,.T.);
#79=FACE_BOUND('',#2353,.T.);
#80=FACE_BOUND('',#2355,.T.);
#81=FACE_BOUND('',#2356,.T.);
#82=FACE_BOUND('',#2357,.T.);
#83=FACE_BOUND('',#2358,.T.);
#84=FACE_BOUND('',#2370,.T.);
#85=FACE_BOUND('',#2371,.T.);
#86=FACE_BOUND('',#2372,.T.);
#87=FACE_BOUND('',#2373,.T.);
#88=FACE_BOUND('',#2374,.T.);
#89=FACE_BOUND('',#2375,.T.);
#90=FACE_BOUND('',#2379,.T.);
#91=FACE_BOUND('',#2380,.T.);
#92=FACE_BOUND('',#2381,.T.);
#93=FACE_BOUND('',#2382,.T.);
#94=FACE_BOUND('',#2385,.T.);
#95=FACE_BOUND('',#2386,.T.);
#96=FACE_BOUND('',#2387,.T.);
#97=FACE_BOUND('',#2388,.T.);
#98=FACE_BOUND('',#2389,.T.);
#99=FACE_BOUND('',#2390,.T.);
#100=FACE_BOUND('',#2391,.T.);
#101=FACE_BOUND('',#2394,.T.);
#102=FACE_BOUND('',#2395,.T.);
#103=FACE_BOUND('',#2396,.T.);
#104=FACE_BOUND('',#2397,.T.);
#105=FACE_BOUND('',#2398,.T.);
#106=FACE_BOUND('',#2399,.T.);
#107=FACE_BOUND('',#2400,.T.);
#108=FACE_BOUND('',#2401,.T.);
#109=FACE_BOUND('',#2404,.T.);
#110=FACE_BOUND('',#2405,.T.);
#111=ELLIPSE('',#12980,0.141421356239831,0.100000000001781);
#112=ELLIPSE('',#13014,0.141421356239849,0.100000000001794);
#113=SPHERICAL_SURFACE('',#12958,0.1);
#114=SPHERICAL_SURFACE('',#12963,0.1);
#115=SPHERICAL_SURFACE('',#12977,0.1);
#116=SPHERICAL_SURFACE('',#12981,0.1);
#117=SPHERICAL_SURFACE('',#12989,0.1);
#118=SPHERICAL_SURFACE('',#13003,0.1);
#119=(
BOUNDED_SURFACE()
B_SPLINE_SURFACE(3,2,((#18043,#18044,#18045),(#18046,#18047,#18048),(#18049,
#18050,#18051),(#18052,#18053,#18054),(#18055,#18056,#18057),(#18058,#18059,
#18060)),.UNSPECIFIED.,.F.,.F.,.F.)
B_SPLINE_SURFACE_WITH_KNOTS((4,2,4),(3,3),(0.0001644278201952,0.0004911416820172,
0.0008178555438392),(0.,1.),.UNSPECIFIED.)
GEOMETRIC_REPRESENTATION_ITEM()
RATIONAL_B_SPLINE_SURFACE(((1.,0.707106781187,1.),(1.,0.798799638566,1.),
(1.,0.872522243408,1.),(1.,0.973396041876,1.),(1.,1.000114498185,1.),(1.,
1.,1.)))
REPRESENTATION_ITEM('')
SURFACE()
);
#120=(
BOUNDED_SURFACE()
B_SPLINE_SURFACE(3,2,((#18149,#18150,#18151),(#18152,#18153,#18154),(#18155,
#18156,#18157),(#18158,#18159,#18160),(#18161,#18162,#18163),(#18164,#18165,
#18166)),.UNSPECIFIED.,.F.,.F.,.F.)
B_SPLINE_SURFACE_WITH_KNOTS((4,2,4),(3,3),(0.0001644278201952,0.0004911416820172,
0.0008178555438392),(0.,1.),.UNSPECIFIED.)
GEOMETRIC_REPRESENTATION_ITEM()
RATIONAL_B_SPLINE_SURFACE(((1.,0.707106781187,1.),(1.,0.798799638566,1.),
(1.,0.872522243408,1.),(1.,0.973396041876,1.),(1.,1.000114498185,1.),(1.,
1.,1.)))
REPRESENTATION_ITEM('')
SURFACE()
);
#121=(
BOUNDED_SURFACE()
B_SPLINE_SURFACE(6,2,((#19551,#19552,#19553,#19554,#19555,#19556,#19557,
#19558,#19559),(#19560,#19561,#19562,#19563,#19564,#19565,#19566,#19567,
#19568),(#19569,#19570,#19571,#19572,#19573,#19574,#19575,#19576,#19577),
(#19578,#19579,#19580,#19581,#19582,#19583,#19584,#19585,#19586),(#19587,
#19588,#19589,#19590,#19591,#19592,#19593,#19594,#19595),(#19596,#19597,
#19598,#19599,#19600,#19601,#19602,#19603,#19604),(#19605,#19606,#19607,
#19608,#19609,#19610,#19611,#19612,#19613)),.UNSPECIFIED.,.F.,.T.,.F.)
B_SPLINE_SURFACE_WITH_KNOTS((7,7),(3,2,2,2,3),(0.,1.570796326795),(0.,1.5707963267949,
3.14159265358979,4.71238898038469,6.28318530717959),.UNSPECIFIED.)
GEOMETRIC_REPRESENTATION_ITEM()
RATIONAL_B_SPLINE_SURFACE(((1.,0.707106781186548,1.,0.707106781186548,1.,
0.707106781186548,1.,0.707106781186548,1.),(1.,0.707106781186548,1.,0.707106781186548,
1.,0.707106781186548,1.,0.707106781186548,1.),(1.,0.707106781186548,1.,
0.707106781186548,1.,0.707106781186548,1.,0.707106781186548,1.),(1.,0.707106781186548,
1.,0.707106781186548,1.,0.707106781186548,1.,0.707106781186548,1.),(1.,
0.707106781186548,1.,0.707106781186548,1.,0.707106781186548,1.,0.707106781186548,
1.),(1.,0.707106781186548,1.,0.707106781186548,1.,0.707106781186548,1.,
0.707106781186548,1.),(1.,0.707106781186548,1.,0.707106781186548,1.,0.707106781186548,
1.,0.707106781186548,1.)))
REPRESENTATION_ITEM('')
SURFACE()
);
#122=(
BOUNDED_SURFACE()
B_SPLINE_SURFACE(6,2,((#19913,#19914,#19915,#19916,#19917,#19918,#19919,
#19920,#19921),(#19922,#19923,#19924,#19925,#19926,#19927,#19928,#19929,
#19930),(#19931,#19932,#19933,#19934,#19935,#19936,#19937,#19938,#19939),
(#19940,#19941,#19942,#19943,#19944,#19945,#19946,#19947,#19948),(#19949,
#19950,#19951,#19952,#19953,#19954,#19955,#19956,#19957),(#19958,#19959,
#19960,#19961,#19962,#19963,#19964,#19965,#19966),(#19967,#19968,#19969,
#19970,#19971,#19972,#19973,#19974,#19975)),.UNSPECIFIED.,.F.,.T.,.F.)
B_SPLINE_SURFACE_WITH_KNOTS((7,7),(3,2,2,2,3),(0.,1.570796326795),(0.,1.5707963267949,
3.14159265358979,4.71238898038469,6.28318530717959),.UNSPECIFIED.)
GEOMETRIC_REPRESENTATION_ITEM()
RATIONAL_B_SPLINE_SURFACE(((1.,0.707106781186548,1.,0.707106781186548,1.,
0.707106781186548,1.,0.707106781186548,1.),(1.,0.707106781186548,1.,0.707106781186548,
1.,0.707106781186548,1.,0.707106781186548,1.),(1.,0.707106781186548,1.,
0.707106781186548,1.,0.707106781186548,1.,0.707106781186548,1.),(1.,0.707106781186548,
1.,0.707106781186548,1.,0.707106781186548,1.,0.707106781186548,1.),(1.,
0.707106781186548,1.,0.707106781186548,1.,0.707106781186548,1.,0.707106781186548,
1.),(1.,0.707106781186548,1.,0.707106781186548,1.,0.707106781186548,1.,
0.707106781186548,1.),(1.,0.707106781186548,1.,0.707106781186548,1.,0.707106781186548,
1.,0.707106781186548,1.)))
REPRESENTATION_ITEM('')
SURFACE()
);
#123=(
BOUNDED_SURFACE()
B_SPLINE_SURFACE(6,2,((#19989,#19990,#19991,#19992,#19993,#19994,#19995,
#19996,#19997),(#19998,#19999,#20000,#20001,#20002,#20003,#20004,#20005,
#20006),(#20007,#20008,#20009,#20010,#20011,#20012,#20013,#20014,#20015),
(#20016,#20017,#20018,#20019,#20020,#20021,#20022,#20023,#20024),(#20025,
#20026,#20027,#20028,#20029,#20030,#20031,#20032,#20033),(#20034,#20035,
#20036,#20037,#20038,#20039,#20040,#20041,#20042),(#20043,#20044,#20045,
#20046,#20047,#20048,#20049,#20050,#20051)),.UNSPECIFIED.,.F.,.T.,.F.)
B_SPLINE_SURFACE_WITH_KNOTS((7,7),(3,2,2,2,3),(0.,1.570796326795),(0.,1.5707963267949,
3.14159265358979,4.71238898038469,6.28318530717959),.UNSPECIFIED.)
GEOMETRIC_REPRESENTATION_ITEM()
RATIONAL_B_SPLINE_SURFACE(((1.,0.707106781186548,1.,0.707106781186548,1.,
0.707106781186548,1.,0.707106781186548,1.),(1.,0.707106781186548,1.,0.707106781186548,
1.,0.707106781186548,1.,0.707106781186548,1.),(1.,0.707106781186548,1.,
0.707106781186548,1.,0.707106781186548,1.,0.707106781186548,1.),(1.,0.707106781186548,
1.,0.707106781186548,1.,0.707106781186548,1.,0.707106781186548,1.),(1.,
0.707106781186548,1.,0.707106781186548,1.,0.707106781186548,1.,0.707106781186548,
1.),(1.,0.707106781186548,1.,0.707106781186548,1.,0.707106781186548,1.,
0.707106781186548,1.),(1.,0.707106781186548,1.,0.707106781186548,1.,0.707106781186548,
1.,0.707106781186548,1.)))
REPRESENTATION_ITEM('')
SURFACE()
);
#124=(
BOUNDED_SURFACE()
B_SPLINE_SURFACE(6,2,((#20065,#20066,#20067,#20068,#20069,#20070,#20071,
#20072,#20073),(#20074,#20075,#20076,#20077,#20078,#20079,#20080,#20081,
#20082),(#20083,#20084,#20085,#20086,#20087,#20088,#20089,#20090,#20091),
(#20092,#20093,#20094,#20095,#20096,#20097,#20098,#20099,#20100),(#20101,
#20102,#20103,#20104,#20105,#20106,#20107,#20108,#20109),(#20110,#20111,
#20112,#20113,#20114,#20115,#20116,#20117,#20118),(#20119,#20120,#20121,
#20122,#20123,#20124,#20125,#20126,#20127)),.UNSPECIFIED.,.F.,.T.,.F.)
B_SPLINE_SURFACE_WITH_KNOTS((7,7),(3,2,2,2,3),(0.,1.570796326795),(0.,1.5707963267949,
3.14159265358979,4.71238898038469,6.28318530717959),.UNSPECIFIED.)
GEOMETRIC_REPRESENTATION_ITEM()
RATIONAL_B_SPLINE_SURFACE(((1.,0.707106781186548,1.,0.707106781186548,1.,
0.707106781186548,1.,0.707106781186548,1.),(1.,0.707106781186548,1.,0.707106781186548,
1.,0.707106781186548,1.,0.707106781186548,1.),(1.,0.707106781186548,1.,
0.707106781186548,1.,0.707106781186548,1.,0.707106781186548,1.),(1.,0.707106781186548,
1.,0.707106781186548,1.,0.707106781186548,1.,0.707106781186548,1.),(1.,
0.707106781186548,1.,0.707106781186548,1.,0.707106781186548,1.,0.707106781186548,
1.),(1.,0.707106781186548,1.,0.707106781186548,1.,0.707106781186548,1.,
0.707106781186548,1.),(1.,0.707106781186548,1.,0.707106781186548,1.,0.707106781186548,
1.,0.707106781186548,1.)))
REPRESENTATION_ITEM('')
SURFACE()
);
#125=TOROIDAL_SURFACE('',#12943,0.85,0.1);
#126=TOROIDAL_SURFACE('',#12951,1.05,0.1);
#127=TOROIDAL_SURFACE('',#12959,0.85,0.1);
#128=TOROIDAL_SURFACE('',#12970,0.2,0.1);
#129=TOROIDAL_SURFACE('',#12994,0.2,0.1);
#130=TOROIDAL_SURFACE('',#13005,1.05,0.1);
#131=TOROIDAL_SURFACE('',#13007,0.2,0.1);
#132=TOROIDAL_SURFACE('',#13015,0.2,0.1);
#133=TOROIDAL_SURFACE('',#13018,0.85,0.1);
#134=TOROIDAL_SURFACE('',#13025,0.85,0.1);
#135=TOROIDAL_SURFACE('',#13027,0.85,0.1);
#136=TOROIDAL_SURFACE('',#13033,0.85,0.1);
#137=TOROIDAL_SURFACE('',#13488,1.05,0.1);
#138=B_SPLINE_CURVE_WITH_KNOTS('',3,(#17778,#17779,#17780,#17781,#17782,
#17783,#17784,#17785,#17786,#17787,#17788,#17789,#17790,#17791,#17792,#17793,
#17794,#17795,#17796),.UNSPECIFIED.,.F.,.F.,(4,3,3,3,3,3,4),(0.,0.000105992282217534,
0.000225167668719547,0.000325200964121032,0.0003252144646744,0.000472563821645706,
0.0006504289293488),.UNSPECIFIED.);
#139=B_SPLINE_CURVE_WITH_KNOTS('',3,(#17800,#17801,#17802,#17803,#17804,
#17805,#17806,#17807,#17808,#17809,#17810,#17811,#17812,#17813,#17814,#17815),
 .UNSPECIFIED.,.F.,.F.,(4,3,3,3,3,4),(-5.830951895862E-6,0.000287743933486327,
0.0003208886745745,0.000461061163549125,0.000568882616022539,0.0006476083010449),
 .UNSPECIFIED.);
#140=B_SPLINE_CURVE_WITH_KNOTS('',3,(#18062,#18063,#18064,#18065,#18066,
#18067,#18068,#18069,#18070,#18071,#18072,#18073,#18074,#18075,#18076,#18077,
#18078,#18079,#18080,#18081,#18082,#18083,#18084,#18085,#18086,#18087,#18088,
#18089,#18090,#18091,#18092,#18093,#18094,#18095),.UNSPECIFIED.,.F.,.F.,
(4,3,3,3,3,3,3,3,3,3,3,4),(0.,1.98614640194125E-5,8.59403585558065E-5,0.000157917209715371,
0.000237702258505978,0.000303671042535013,0.0003177834243106,0.000430294856408803,
0.0004766751364659,0.000516398064504725,0.000623027589716326,0.0006355668486212),
 .UNSPECIFIED.);
#141=B_SPLINE_CURVE_WITH_KNOTS('',3,(#18167,#18168,#18169,#18170,#18171,
#18172,#18173,#18174,#18175,#18176,#18177,#18178,#18179,#18180,#18181,#18182,
#18183,#18184,#18185,#18186,#18187,#18188,#18189,#18190,#18191,#18192,#18193,
#18194,#18195,#18196,#18197,#18198,#18199,#18200),.UNSPECIFIED.,.F.,.F.,
(4,3,3,3,3,3,3,3,3,3,3,4),(-6.195397950229E-6,9.78444032540071E-5,0.000132524336988752,
0.000152341441980036,0.000266482519696146,0.0003108782819103,0.000324965824417411,
0.000404766238717718,0.000479173485232511,0.000546956895292651,0.000608134856779519,
0.0006279519617708),.UNSPECIFIED.);
#142=CONICAL_SURFACE('',#12857,0.15,0.785398163397);
#143=CONICAL_SURFACE('',#12860,0.15,0.785398163397);
#144=CONICAL_SURFACE('',#13247,0.95,0.523598775598);
#145=CONICAL_SURFACE('',#13248,0.95,0.523598775598);
#146=CONICAL_SURFACE('',#13251,0.95,0.523598775598);
#147=CONICAL_SURFACE('',#13252,0.95,0.523598775598);
#148=CIRCLE('',#12768,0.15);
#149=CIRCLE('',#12769,0.15);
#150=CIRCLE('',#12772,0.15);
#151=CIRCLE('',#12773,0.15);
#152=CIRCLE('',#12778,0.15);
#153=CIRCLE('',#12779,0.15);
#154=CIRCLE('',#12782,0.15);
#155=CIRCLE('',#12783,0.15);
#156=CIRCLE('',#12788,0.15);
#157=CIRCLE('',#12789,0.15);
#158=CIRCLE('',#12792,0.15);
#159=CIRCLE('',#12793,0.15);
#160=CIRCLE('',#12798,0.15);
#161=CIRCLE('',#12799,0.15);
#162=CIRCLE('',#12802,0.15);
#163=CIRCLE('',#12803,0.15);
#164=CIRCLE('',#12808,0.15);
#165=CIRCLE('',#12809,0.15);
#166=CIRCLE('',#12812,0.15);
#167=CIRCLE('',#12813,0.15);
#168=CIRCLE('',#12818,0.15);
#169=CIRCLE('',#12819,0.15);
#170=CIRCLE('',#12822,0.15);
#171=CIRCLE('',#12823,0.15);
#172=CIRCLE('',#12828,0.15);
#173=CIRCLE('',#12829,0.15);
#174=CIRCLE('',#12832,0.15);
#175=CIRCLE('',#12833,0.15);
#176=CIRCLE('',#12838,0.15);
#177=CIRCLE('',#12839,0.15);
#178=CIRCLE('',#12842,0.15);
#179=CIRCLE('',#12843,0.15);
#180=CIRCLE('',#12848,0.15);
#181=CIRCLE('',#12849,0.15);
#182=CIRCLE('',#12852,0.15);
#183=CIRCLE('',#12853,0.15);
#184=CIRCLE('',#12858,0.25);
#185=CIRCLE('',#12859,0.15);
#186=CIRCLE('',#12861,0.25);
#187=CIRCLE('',#12862,0.15);
#188=CIRCLE('',#12864,0.25);
#189=CIRCLE('',#12865,0.25);
#190=CIRCLE('',#12866,0.25);
#191=CIRCLE('',#12868,0.25);
#192=CIRCLE('',#12869,0.25);
#193=CIRCLE('',#12870,0.25);
#194=CIRCLE('',#12872,0.1);
#195=CIRCLE('',#12873,0.1);
#196=CIRCLE('',#12875,0.1);
#197=CIRCLE('',#12876,0.1);
#198=CIRCLE('',#12878,0.1);
#199=CIRCLE('',#12879,0.1);
#200=CIRCLE('',#12881,0.1);
#201=CIRCLE('',#12882,0.1);
#202=CIRCLE('',#12884,0.1);
#203=CIRCLE('',#12885,0.1);
#204=CIRCLE('',#12887,0.1);
#205=CIRCLE('',#12888,0.1);
#206=CIRCLE('',#12890,0.1);
#207=CIRCLE('',#12891,0.1);
#208=CIRCLE('',#12893,0.1);
#209=CIRCLE('',#12894,0.1);
#210=CIRCLE('',#12896,0.1);
#211=CIRCLE('',#12897,0.1);
#212=CIRCLE('',#12899,0.1);
#213=CIRCLE('',#12900,0.1);
#214=CIRCLE('',#12902,0.1);
#215=CIRCLE('',#12903,0.1);
#216=CIRCLE('',#12905,0.1);
#217=CIRCLE('',#12906,0.1);
#218=CIRCLE('',#12908,0.95);
#219=CIRCLE('',#12909,0.95);
#220=CIRCLE('',#12911,0.2);
#221=CIRCLE('',#12912,0.2);
#222=CIRCLE('',#12914,0.95);
#223=CIRCLE('',#12915,0.95);
#224=CIRCLE('',#12917,0.95);
#225=CIRCLE('',#12918,0.95);
#226=CIRCLE('',#12921,0.95);
#227=CIRCLE('',#12922,0.95);
#228=CIRCLE('',#12926,0.85);
#229=CIRCLE('',#12927,0.85);
#230=CIRCLE('',#12928,0.85);
#231=CIRCLE('',#12929,0.85);
#232=CIRCLE('',#12931,0.85);
#233=CIRCLE('',#12932,0.85);
#234=CIRCLE('',#12934,1.05);
#235=CIRCLE('',#12939,1.05);
#236=CIRCLE('',#12941,0.2);
#237=CIRCLE('',#12942,0.2);
#238=CIRCLE('',#12944,0.1);
#239=CIRCLE('',#12945,0.1);
#240=CIRCLE('',#12946,0.1);
#241=CIRCLE('',#12948,0.1);
#242=CIRCLE('',#12950,0.1);
#243=CIRCLE('',#12952,0.1);
#244=CIRCLE('',#12954,0.1);
#245=CIRCLE('',#12956,0.1);
#246=CIRCLE('',#12957,0.1);
#247=CIRCLE('',#12960,0.1);
#248=CIRCLE('',#12962,0.1);
#249=CIRCLE('',#12964,0.1);
#250=CIRCLE('',#12966,0.1);
#251=CIRCLE('',#12967,0.1);
#252=CIRCLE('',#12969,0.1);
#253=CIRCLE('',#12971,0.1);
#254=CIRCLE('',#12972,0.1);
#255=CIRCLE('',#12974,0.1);
#256=CIRCLE('',#12976,0.1);
#257=CIRCLE('',#12978,0.1);
#258=CIRCLE('',#12982,0.1);
#259=CIRCLE('',#12984,0.1);
#260=CIRCLE('',#12986,0.1);
#261=CIRCLE('',#12988,0.1);
#262=CIRCLE('',#12990,0.1);
#263=CIRCLE('',#12991,0.1);
#264=CIRCLE('',#12993,0.1);
#265=CIRCLE('',#12995,0.1);
#266=CIRCLE('',#12997,0.1);
#267=CIRCLE('',#12999,0.1);
#268=CIRCLE('',#13001,0.1);
#269=CIRCLE('',#13002,0.1);
#270=CIRCLE('',#13004,0.1);
#271=CIRCLE('',#13006,0.1);
#272=CIRCLE('',#13008,0.1);
#273=CIRCLE('',#13010,0.1);
#274=CIRCLE('',#13012,0.1);
#275=CIRCLE('',#13016,0.1);
#276=CIRCLE('',#13019,0.1);
#277=CIRCLE('',#13020,0.1);
#278=CIRCLE('',#13022,0.1);
#279=CIRCLE('',#13024,0.1);
#280=CIRCLE('',#13026,0.1);
#281=CIRCLE('',#13028,0.1);
#282=CIRCLE('',#13030,0.1);
#283=CIRCLE('',#13032,0.1);
#284=CIRCLE('',#13159,0.3);
#285=CIRCLE('',#13160,0.3);
#286=CIRCLE('',#13161,0.3);
#287=CIRCLE('',#13162,0.3);
#288=CIRCLE('',#13163,0.125);
#289=CIRCLE('',#13164,0.3);
#290=CIRCLE('',#13165,0.3);
#291=CIRCLE('',#13166,0.15);
#292=CIRCLE('',#13167,0.125);
#293=CIRCLE('',#13169,0.3);
#294=CIRCLE('',#13170,0.3);
#295=CIRCLE('',#13171,0.125);
#296=CIRCLE('',#13172,0.15);
#297=CIRCLE('',#13173,0.3);
#298=CIRCLE('',#13174,0.3);
#299=CIRCLE('',#13175,0.125);
#300=CIRCLE('',#13176,0.3);
#301=CIRCLE('',#13177,0.3);
#302=CIRCLE('',#13182,1.25);
#303=CIRCLE('',#13183,1.25);
#304=CIRCLE('',#13184,0.95);
#305=CIRCLE('',#13185,0.95);
#306=CIRCLE('',#13187,1.25);
#307=CIRCLE('',#13188,1.25);
#308=CIRCLE('',#13190,1.25);
#309=CIRCLE('',#13191,1.25);
#310=CIRCLE('',#13194,0.95);
#311=CIRCLE('',#13195,0.95);
#312=CIRCLE('',#13197,0.95);
#313=CIRCLE('',#13198,0.95);
#314=CIRCLE('',#13200,1.25);
#315=CIRCLE('',#13201,1.25);
#316=CIRCLE('',#13203,0.95);
#317=CIRCLE('',#13204,0.95);
#318=CIRCLE('',#13206,0.3);
#319=CIRCLE('',#13207,0.3);
#320=CIRCLE('',#13208,0.125);
#321=CIRCLE('',#13209,0.15);
#322=CIRCLE('',#13210,0.3);
#323=CIRCLE('',#13211,0.3);
#324=CIRCLE('',#13212,0.125);
#325=CIRCLE('',#13213,0.3);
#326=CIRCLE('',#13214,0.3);
#327=CIRCLE('',#13217,1.25);
#328=CIRCLE('',#13218,1.25);
#329=CIRCLE('',#13219,1.1);
#330=CIRCLE('',#13220,1.1);
#331=CIRCLE('',#13221,1.1);
#332=CIRCLE('',#13222,1.1);
#333=CIRCLE('',#13226,1.25);
#334=CIRCLE('',#13227,1.25);
#335=CIRCLE('',#13229,0.3);
#336=CIRCLE('',#13230,0.3);
#337=CIRCLE('',#13231,0.3);
#338=CIRCLE('',#13232,0.3);
#339=CIRCLE('',#13233,0.125);
#340=CIRCLE('',#13234,0.3);
#341=CIRCLE('',#13235,0.3);
#342=CIRCLE('',#13236,0.15);
#343=CIRCLE('',#13237,0.125);
#344=CIRCLE('',#13239,0.95);
#345=CIRCLE('',#13240,0.95);
#346=CIRCLE('',#13242,0.95);
#347=CIRCLE('',#13245,0.95);
#348=CIRCLE('',#13327,0.343726483817);
#349=CIRCLE('',#13328,0.343726483817);
#350=CIRCLE('',#13331,0.07956495531162);
#351=CIRCLE('',#13332,0.07956495531162);
#352=CIRCLE('',#13338,0.406991536515);
#353=CIRCLE('',#13339,0.406991536515);
#354=CIRCLE('',#13342,0.05905358475505);
#355=CIRCLE('',#13343,0.05905358475505);
#356=CIRCLE('',#13348,0.343726483817);
#357=CIRCLE('',#13349,0.343726483817);
#358=CIRCLE('',#13352,0.07956495531162);
#359=CIRCLE('',#13353,0.07956495531162);
#360=CIRCLE('',#13359,0.406991536515);
#361=CIRCLE('',#13360,0.406991536515);
#362=CIRCLE('',#13363,0.05905358475505);
#363=CIRCLE('',#13364,0.05905358475505);
#364=CIRCLE('',#13369,0.343726483817);
#365=CIRCLE('',#13370,0.343726483817);
#366=CIRCLE('',#13373,0.07956495531162);
#367=CIRCLE('',#13374,0.07956495531162);
#368=CIRCLE('',#13380,0.406991536515);
#369=CIRCLE('',#13381,0.406991536515);
#370=CIRCLE('',#13384,0.05905358475505);
#371=CIRCLE('',#13385,0.05905358475505);
#372=CIRCLE('',#13390,0.343726483817);
#373=CIRCLE('',#13391,0.343726483817);
#374=CIRCLE('',#13394,0.07956495531162);
#375=CIRCLE('',#13395,0.07956495531162);
#376=CIRCLE('',#13401,0.406991536515);
#377=CIRCLE('',#13402,0.406991536515);
#378=CIRCLE('',#13405,0.05905358475505);
#379=CIRCLE('',#13406,0.05905358475505);
#380=CIRCLE('',#13411,0.3);
#381=CIRCLE('',#13412,0.3);
#382=CIRCLE('',#13413,0.3);
#383=CIRCLE('',#13414,0.25);
#384=CIRCLE('',#13415,0.05);
#385=CIRCLE('',#13420,0.15);
#386=CIRCLE('',#13425,0.15);
#387=CIRCLE('',#13427,0.15);
#388=CIRCLE('',#13429,0.15);
#389=CIRCLE('',#13430,0.15);
#390=CIRCLE('',#13431,0.15);
#391=CIRCLE('',#13443,0.15);
#392=CIRCLE('',#13445,0.15);
#393=CIRCLE('',#13450,0.15);
#394=CIRCLE('',#13451,0.15);
#395=CIRCLE('',#13458,0.15);
#396=CIRCLE('',#13459,0.15);
#397=CIRCLE('',#13466,0.15);
#398=CIRCLE('',#13467,0.15);
#399=CIRCLE('',#13474,0.15);
#400=CIRCLE('',#13475,0.15);
#401=CIRCLE('',#13481,1.2);
#402=CIRCLE('',#13482,1.2);
#403=CIRCLE('',#13486,1.15);
#404=CIRCLE('',#13487,1.15);
#405=CIRCLE('',#13489,1.05);
#406=CIRCLE('',#13490,0.1);
#407=CIRCLE('',#13494,0.3);
#408=CIRCLE('',#13495,0.3);
#409=CIRCLE('',#13496,0.3);
#410=CIRCLE('',#13497,0.25);
#411=CIRCLE('',#13498,0.05);
#412=CIRCLE('',#13502,0.3);
#413=CIRCLE('',#13503,0.3);
#414=CIRCLE('',#13504,0.3);
#415=CIRCLE('',#13505,0.25);
#416=CIRCLE('',#13506,0.05);
#417=CIRCLE('',#13510,0.3);
#418=CIRCLE('',#13511,0.3);
#419=CIRCLE('',#13512,0.3);
#420=CIRCLE('',#13513,0.25);
#421=CIRCLE('',#13514,0.05);
#422=CIRCLE('',#13519,5.000001412128);
#423=CIRCLE('',#13520,5.000001412128);
#424=CIRCLE('',#13524,4.999999678834);
#425=CIRCLE('',#13525,4.999999678834);
#426=CIRCLE('',#13526,4.999999678834);
#427=CIRCLE('',#13527,1.1);
#428=CIRCLE('',#13528,1.1);
#429=CIRCLE('',#13529,0.3);
#430=CIRCLE('',#13530,0.3);
#431=CIRCLE('',#13531,0.3);
#432=CIRCLE('',#13532,0.3);
#433=CIRCLE('',#13533,0.325);
#434=CIRCLE('',#13534,0.325);
#435=CIRCLE('',#13535,0.3);
#436=CIRCLE('',#13536,0.3);
#437=CIRCLE('',#13537,0.3);
#438=CIRCLE('',#13538,0.3);
#439=CIRCLE('',#13540,4.999999678834);
#440=CIRCLE('',#13541,4.999999678834);
#441=CIRCLE('',#13542,4.999999678834);
#442=CIRCLE('',#13543,1.1);
#443=CIRCLE('',#13544,1.1);
#444=CIRCLE('',#13545,0.3);
#445=CIRCLE('',#13546,0.3);
#446=CIRCLE('',#13547,0.3);
#447=CIRCLE('',#13548,0.3);
#448=CIRCLE('',#13549,0.325);
#449=CIRCLE('',#13550,0.325);
#450=CIRCLE('',#13551,0.3);
#451=CIRCLE('',#13552,0.3);
#452=CIRCLE('',#13553,0.3);
#453=CIRCLE('',#13554,0.3);
#454=CIRCLE('',#13597,7.66155411000001);
#455=CIRCLE('',#13598,7.66155411);
#456=CIRCLE('',#13599,7.66155411);
#457=CIRCLE('',#13600,7.66155410999999);
#458=CIRCLE('',#13602,7.66155411);
#459=CIRCLE('',#13605,7.66155411);
#460=CIRCLE('',#13608,0.9);
#461=CIRCLE('',#13609,0.9);
#462=CIRCLE('',#13612,0.9);
#463=CIRCLE('',#13613,0.9);
#464=CIRCLE('',#13690,2.00000000000001);
#465=CIRCLE('',#13691,2.00000000000001);
#466=CIRCLE('',#13694,2.00000000000001);
#467=CIRCLE('',#13695,2.00000000000001);
#468=CIRCLE('',#13698,2.00000000000001);
#469=CIRCLE('',#13699,2.00000000000001);
#470=CIRCLE('',#13702,2.00000000000001);
#471=CIRCLE('',#13703,2.00000000000001);
#472=CIRCLE('',#13705,1.3);
#473=CIRCLE('',#13706,1.29999999999998);
#474=CIRCLE('',#13707,1.3);
#475=CIRCLE('',#13708,1.3);
#476=CIRCLE('',#13711,1.29999999999998);
#477=CIRCLE('',#13714,1.3);
#478=CIRCLE('',#13716,7.66155411000001);
#479=CIRCLE('',#13717,7.66155410999999);
#480=CIRCLE('',#13718,5.47253865);
#481=CIRCLE('',#13719,5.47253865);
#482=CIRCLE('',#13720,5.47253865);
#483=CIRCLE('',#13721,5.47253865);
#484=CIRCLE('',#13725,1.3);
#485=CIRCLE('',#13728,1.3);
#486=CIRCLE('',#13748,5.47253865);
#487=CIRCLE('',#13751,5.47253865);
#488=CIRCLE('',#13753,5.47253865);
#489=CIRCLE('',#13756,5.47253865);
#490=CYLINDRICAL_SURFACE('',#12767,0.15);
#491=CYLINDRICAL_SURFACE('',#12771,0.15);
#492=CYLINDRICAL_SURFACE('',#12777,0.15);
#493=CYLINDRICAL_SURFACE('',#12781,0.15);
#494=CYLINDRICAL_SURFACE('',#12787,0.15);
#495=CYLINDRICAL_SURFACE('',#12791,0.15);
#496=CYLINDRICAL_SURFACE('',#12797,0.15);
#497=CYLINDRICAL_SURFACE('',#12801,0.15);
#498=CYLINDRICAL_SURFACE('',#12807,0.15);
#499=CYLINDRICAL_SURFACE('',#12811,0.15);
#500=CYLINDRICAL_SURFACE('',#12817,0.15);
#501=CYLINDRICAL_SURFACE('',#12821,0.15);
#502=CYLINDRICAL_SURFACE('',#12827,0.15);
#503=CYLINDRICAL_SURFACE('',#12831,0.15);
#504=CYLINDRICAL_SURFACE('',#12837,0.15);
#505=CYLINDRICAL_SURFACE('',#12841,0.15);
#506=CYLINDRICAL_SURFACE('',#12847,0.15);
#507=CYLINDRICAL_SURFACE('',#12851,0.15);
#508=CYLINDRICAL_SURFACE('',#12863,0.25);
#509=CYLINDRICAL_SURFACE('',#12867,0.25);
#510=CYLINDRICAL_SURFACE('',#12871,0.1);
#511=CYLINDRICAL_SURFACE('',#12874,0.1);
#512=CYLINDRICAL_SURFACE('',#12877,0.1);
#513=CYLINDRICAL_SURFACE('',#12880,0.1);
#514=CYLINDRICAL_SURFACE('',#12883,0.1);
#515=CYLINDRICAL_SURFACE('',#12886,0.1);
#516=CYLINDRICAL_SURFACE('',#12889,0.1);
#517=CYLINDRICAL_SURFACE('',#12892,0.1);
#518=CYLINDRICAL_SURFACE('',#12895,0.1);
#519=CYLINDRICAL_SURFACE('',#12898,0.1);
#520=CYLINDRICAL_SURFACE('',#12901,0.1);
#521=CYLINDRICAL_SURFACE('',#12904,0.1);
#522=CYLINDRICAL_SURFACE('',#12907,0.95);
#523=CYLINDRICAL_SURFACE('',#12913,0.95);
#524=CYLINDRICAL_SURFACE('',#12916,0.95);
#525=CYLINDRICAL_SURFACE('',#12920,0.95);
#526=CYLINDRICAL_SURFACE('',#12947,0.1);
#527=CYLINDRICAL_SURFACE('',#12949,0.1);
#528=CYLINDRICAL_SURFACE('',#12953,0.1);
#529=CYLINDRICAL_SURFACE('',#12955,0.1);
#530=CYLINDRICAL_SURFACE('',#12961,0.1);
#531=CYLINDRICAL_SURFACE('',#12965,0.1);
#532=CYLINDRICAL_SURFACE('',#12968,0.1);
#533=CYLINDRICAL_SURFACE('',#12973,0.1);
#534=CYLINDRICAL_SURFACE('',#12975,0.1);
#535=CYLINDRICAL_SURFACE('',#12979,0.1);
#536=CYLINDRICAL_SURFACE('',#12983,0.1);
#537=CYLINDRICAL_SURFACE('',#12985,0.1);
#538=CYLINDRICAL_SURFACE('',#12987,0.1);
#539=CYLINDRICAL_SURFACE('',#12992,0.1);
#540=CYLINDRICAL_SURFACE('',#12996,0.1);
#541=CYLINDRICAL_SURFACE('',#12998,0.1);
#542=CYLINDRICAL_SURFACE('',#13000,0.1);
#543=CYLINDRICAL_SURFACE('',#13009,0.1);
#544=CYLINDRICAL_SURFACE('',#13011,0.1);
#545=CYLINDRICAL_SURFACE('',#13013,0.1);
#546=CYLINDRICAL_SURFACE('',#13017,0.1);
#547=CYLINDRICAL_SURFACE('',#13021,0.1);
#548=CYLINDRICAL_SURFACE('',#13023,0.1);
#549=CYLINDRICAL_SURFACE('',#13029,0.1);
#550=CYLINDRICAL_SURFACE('',#13031,0.1);
#551=CYLINDRICAL_SURFACE('',#13186,1.25);
#552=CYLINDRICAL_SURFACE('',#13189,1.25);
#553=CYLINDRICAL_SURFACE('',#13193,0.95);
#554=CYLINDRICAL_SURFACE('',#13196,0.95);
#555=CYLINDRICAL_SURFACE('',#13199,1.25);
#556=CYLINDRICAL_SURFACE('',#13202,0.95);
#557=CYLINDRICAL_SURFACE('',#13223,1.25);
#558=CYLINDRICAL_SURFACE('',#13224,1.25);
#559=CYLINDRICAL_SURFACE('',#13225,1.25);
#560=CYLINDRICAL_SURFACE('',#13238,0.95);
#561=CYLINDRICAL_SURFACE('',#13241,0.95);
#562=CYLINDRICAL_SURFACE('',#13244,0.95);
#563=CYLINDRICAL_SURFACE('',#13265,0.15);
#564=CYLINDRICAL_SURFACE('',#13266,0.125);
#565=CYLINDRICAL_SURFACE('',#13267,0.125);
#566=CYLINDRICAL_SURFACE('',#13268,0.3);
#567=CYLINDRICAL_SURFACE('',#13269,0.3);
#568=CYLINDRICAL_SURFACE('',#13270,0.3);
#569=CYLINDRICAL_SURFACE('',#13271,0.3);
#570=CYLINDRICAL_SURFACE('',#13272,0.3);
#571=CYLINDRICAL_SURFACE('',#13273,0.3);
#572=CYLINDRICAL_SURFACE('',#13283,0.15);
#573=CYLINDRICAL_SURFACE('',#13284,0.125);
#574=CYLINDRICAL_SURFACE('',#13285,0.125);
#575=CYLINDRICAL_SURFACE('',#13286,0.3);
#576=CYLINDRICAL_SURFACE('',#13287,0.3);
#577=CYLINDRICAL_SURFACE('',#13288,0.3);
#578=CYLINDRICAL_SURFACE('',#13289,0.3);
#579=CYLINDRICAL_SURFACE('',#13290,0.3);
#580=CYLINDRICAL_SURFACE('',#13291,0.3);
#581=CYLINDRICAL_SURFACE('',#13326,0.343726483817);
#582=CYLINDRICAL_SURFACE('',#13330,0.07956495531162);
#583=CYLINDRICAL_SURFACE('',#13337,0.406991536515);
#584=CYLINDRICAL_SURFACE('',#13341,0.05905358475505);
#585=CYLINDRICAL_SURFACE('',#13347,0.343726483817);
#586=CYLINDRICAL_SURFACE('',#13351,0.07956495531162);
#587=CYLINDRICAL_SURFACE('',#13358,0.406991536515);
#588=CYLINDRICAL_SURFACE('',#13362,0.05905358475505);
#589=CYLINDRICAL_SURFACE('',#13368,0.343726483817);
#590=CYLINDRICAL_SURFACE('',#13372,0.07956495531162);
#591=CYLINDRICAL_SURFACE('',#13379,0.406991536515);
#592=CYLINDRICAL_SURFACE('',#13383,0.05905358475505);
#593=CYLINDRICAL_SURFACE('',#13389,0.343726483817);
#594=CYLINDRICAL_SURFACE('',#13393,0.07956495531162);
#595=CYLINDRICAL_SURFACE('',#13400,0.406991536515);
#596=CYLINDRICAL_SURFACE('',#13404,0.05905358475505);
#597=CYLINDRICAL_SURFACE('',#13410,0.3);
#598=CYLINDRICAL_SURFACE('',#13426,0.15);
#599=CYLINDRICAL_SURFACE('',#13432,0.15);
#600=CYLINDRICAL_SURFACE('',#13442,0.15);
#601=CYLINDRICAL_SURFACE('',#13444,0.15);
#602=CYLINDRICAL_SURFACE('',#13449,0.15);
#603=CYLINDRICAL_SURFACE('',#13457,0.15);
#604=CYLINDRICAL_SURFACE('',#13465,0.15);
#605=CYLINDRICAL_SURFACE('',#13473,0.15);
#606=CYLINDRICAL_SURFACE('',#13480,1.2);
#607=CYLINDRICAL_SURFACE('',#13485,1.15);
#608=CYLINDRICAL_SURFACE('',#13493,0.3);
#609=CYLINDRICAL_SURFACE('',#13501,0.3);
#610=CYLINDRICAL_SURFACE('',#13509,0.3);
#611=CYLINDRICAL_SURFACE('',#13518,5.000001412128);
#612=CYLINDRICAL_SURFACE('',#13555,4.999999678834);
#613=CYLINDRICAL_SURFACE('',#13556,4.999999678834);
#614=CYLINDRICAL_SURFACE('',#13559,4.999999678834);
#615=CYLINDRICAL_SURFACE('',#13566,1.1);
#616=CYLINDRICAL_SURFACE('',#13567,1.1);
#617=CYLINDRICAL_SURFACE('',#13568,0.3);
#618=CYLINDRICAL_SURFACE('',#13570,0.3);
#619=CYLINDRICAL_SURFACE('',#13572,0.3);
#620=CYLINDRICAL_SURFACE('',#13574,0.3);
#621=CYLINDRICAL_SURFACE('',#13576,0.325);
#622=CYLINDRICAL_SURFACE('',#13577,0.325);
#623=CYLINDRICAL_SURFACE('',#13578,0.3);
#624=CYLINDRICAL_SURFACE('',#13580,0.3);
#625=CYLINDRICAL_SURFACE('',#13582,0.3);
#626=CYLINDRICAL_SURFACE('',#13584,0.3);
#627=CYLINDRICAL_SURFACE('',#13601,7.66155411);
#628=CYLINDRICAL_SURFACE('',#13604,7.66155411);
#629=CYLINDRICAL_SURFACE('',#13607,0.9);
#630=CYLINDRICAL_SURFACE('',#13611,0.9);
#631=CYLINDRICAL_SURFACE('',#13689,2.00000000000001);
#632=CYLINDRICAL_SURFACE('',#13693,2.00000000000001);
#633=CYLINDRICAL_SURFACE('',#13697,2.00000000000001);
#634=CYLINDRICAL_SURFACE('',#13701,2.00000000000001);
#635=CYLINDRICAL_SURFACE('',#13710,1.29999999999998);
#636=CYLINDRICAL_SURFACE('',#13713,1.3);
#637=CYLINDRICAL_SURFACE('',#13724,1.3);
#638=CYLINDRICAL_SURFACE('',#13727,1.3);
#639=CYLINDRICAL_SURFACE('',#13747,5.47253865);
#640=CYLINDRICAL_SURFACE('',#13750,5.47253865);
#641=CYLINDRICAL_SURFACE('',#13752,5.47253865);
#642=CYLINDRICAL_SURFACE('',#13755,5.47253865);
#643=CYLINDRICAL_SURFACE('',#13758,7.66155410999999);
#644=CYLINDRICAL_SURFACE('',#13760,7.66155411000001);
#645=MANIFOLD_SOLID_BREP('Body1',#12667);
#646=MANIFOLD_SOLID_BREP('Body2',#12668);
#647=MANIFOLD_SOLID_BREP('Body3',#12669);
#648=MANIFOLD_SOLID_BREP('Body4',#12670);
#649=MANIFOLD_SOLID_BREP('Body5',#12671);
#650=MANIFOLD_SOLID_BREP('Body6',#12672);
#651=MANIFOLD_SOLID_BREP('Body7',#12673);
#652=MANIFOLD_SOLID_BREP('Body8',#12674);
#653=MANIFOLD_SOLID_BREP('Body9',#12675);
#654=MANIFOLD_SOLID_BREP('Body10',#12676);
#655=MANIFOLD_SOLID_BREP('Body11',#12677);
#656=MANIFOLD_SOLID_BREP('Body12',#12678);
#657=MANIFOLD_SOLID_BREP('Body13',#12679);
#658=MANIFOLD_SOLID_BREP('Body14',#12680);
#659=MANIFOLD_SOLID_BREP('Body15',#12681);
#660=MANIFOLD_SOLID_BREP('Body16',#12682);
#661=MANIFOLD_SOLID_BREP('Body17',#12683);
#662=MANIFOLD_SOLID_BREP('Body18',#12684);
#663=MANIFOLD_SOLID_BREP('Body19',#12685);
#664=MANIFOLD_SOLID_BREP('Body20',#12686);
#665=MANIFOLD_SOLID_BREP('Body21',#12687);
#666=MANIFOLD_SOLID_BREP('Body22',#12688);
#667=MANIFOLD_SOLID_BREP('Body23',#12689);
#668=MANIFOLD_SOLID_BREP('Body24',#12690);
#669=MANIFOLD_SOLID_BREP('Body1',#12691);
#670=MANIFOLD_SOLID_BREP('Body2',#12692);
#671=MANIFOLD_SOLID_BREP('Body3',#12693);
#672=MANIFOLD_SOLID_BREP('Body4',#12694);
#673=MANIFOLD_SOLID_BREP('Body5',#12695);
#674=MANIFOLD_SOLID_BREP('Body6',#12696);
#675=MANIFOLD_SOLID_BREP('Body7',#12697);
#676=MANIFOLD_SOLID_BREP('Body8',#12698);
#677=MANIFOLD_SOLID_BREP('Body9',#12699);
#678=MANIFOLD_SOLID_BREP('Body10',#12700);
#679=MANIFOLD_SOLID_BREP('Body11',#12701);
#680=MANIFOLD_SOLID_BREP('Body1',#12702);
#681=MANIFOLD_SOLID_BREP('Body1',#12703);
#682=STYLED_ITEM('',(#21188),#12002);
#683=STYLED_ITEM('',(#21188),#12003);
#684=STYLED_ITEM('',(#21188),#12004);
#685=STYLED_ITEM('',(#21188),#12005);
#686=STYLED_ITEM('',(#21188),#12006);
#687=STYLED_ITEM('',(#21188),#12007);
#688=STYLED_ITEM('',(#21188),#12008);
#689=STYLED_ITEM('',(#21188),#12009);
#690=STYLED_ITEM('',(#21188),#12010);
#691=STYLED_ITEM('',(#21188),#12011);
#692=STYLED_ITEM('',(#21188),#12012);
#693=STYLED_ITEM('',(#21188),#12013);
#694=STYLED_ITEM('',(#21188),#12014);
#695=STYLED_ITEM('',(#21188),#12015);
#696=STYLED_ITEM('',(#21187),#645);
#697=STYLED_ITEM('',(#21188),#12016);
#698=STYLED_ITEM('',(#21188),#12017);
#699=STYLED_ITEM('',(#21188),#12018);
#700=STYLED_ITEM('',(#21188),#12019);
#701=STYLED_ITEM('',(#21188),#12020);
#702=STYLED_ITEM('',(#21188),#12021);
#703=STYLED_ITEM('',(#21189),#646);
#704=STYLED_ITEM('',(#21188),#12022);
#705=STYLED_ITEM('',(#21188),#12023);
#706=STYLED_ITEM('',(#21188),#12024);
#707=STYLED_ITEM('',(#21188),#12025);
#708=STYLED_ITEM('',(#21188),#12026);
#709=STYLED_ITEM('',(#21188),#12027);
#710=STYLED_ITEM('',(#21189),#647);
#711=STYLED_ITEM('',(#21188),#12028);
#712=STYLED_ITEM('',(#21188),#12029);
#713=STYLED_ITEM('',(#21188),#12030);
#714=STYLED_ITEM('',(#21188),#12031);
#715=STYLED_ITEM('',(#21188),#12032);
#716=STYLED_ITEM('',(#21188),#12033);
#717=STYLED_ITEM('',(#21189),#648);
#718=STYLED_ITEM('',(#21188),#12034);
#719=STYLED_ITEM('',(#21188),#12035);
#720=STYLED_ITEM('',(#21188),#12036);
#721=STYLED_ITEM('',(#21188),#12037);
#722=STYLED_ITEM('',(#21188),#12038);
#723=STYLED_ITEM('',(#21188),#12039);
#724=STYLED_ITEM('',(#21189),#649);
#725=STYLED_ITEM('',(#21188),#12040);
#726=STYLED_ITEM('',(#21188),#12041);
#727=STYLED_ITEM('',(#21188),#12042);
#728=STYLED_ITEM('',(#21188),#12043);
#729=STYLED_ITEM('',(#21188),#12044);
#730=STYLED_ITEM('',(#21188),#12045);
#731=STYLED_ITEM('',(#21189),#650);
#732=STYLED_ITEM('',(#21188),#12046);
#733=STYLED_ITEM('',(#21188),#12047);
#734=STYLED_ITEM('',(#21188),#12048);
#735=STYLED_ITEM('',(#21188),#12049);
#736=STYLED_ITEM('',(#21188),#12050);
#737=STYLED_ITEM('',(#21188),#12051);
#738=STYLED_ITEM('',(#21189),#651);
#739=STYLED_ITEM('',(#21188),#12052);
#740=STYLED_ITEM('',(#21188),#12053);
#741=STYLED_ITEM('',(#21188),#12054);
#742=STYLED_ITEM('',(#21188),#12055);
#743=STYLED_ITEM('',(#21188),#12056);
#744=STYLED_ITEM('',(#21188),#12057);
#745=STYLED_ITEM('',(#21189),#652);
#746=STYLED_ITEM('',(#21188),#12058);
#747=STYLED_ITEM('',(#21188),#12059);
#748=STYLED_ITEM('',(#21188),#12060);
#749=STYLED_ITEM('',(#21188),#12061);
#750=STYLED_ITEM('',(#21188),#12062);
#751=STYLED_ITEM('',(#21188),#12063);
#752=STYLED_ITEM('',(#21189),#653);
#753=STYLED_ITEM('',(#21188),#12064);
#754=STYLED_ITEM('',(#21188),#12065);
#755=STYLED_ITEM('',(#21188),#12066);
#756=STYLED_ITEM('',(#21188),#12067);
#757=STYLED_ITEM('',(#21188),#12068);
#758=STYLED_ITEM('',(#21188),#12069);
#759=STYLED_ITEM('',(#21189),#654);
#760=STYLED_ITEM('',(#21187),#655);
#761=STYLED_ITEM('',(#21188),#12199);
#762=STYLED_ITEM('',(#21188),#12200);
#763=STYLED_ITEM('',(#21188),#12201);
#764=STYLED_ITEM('',(#21188),#12202);
#765=STYLED_ITEM('',(#21188),#12203);
#766=STYLED_ITEM('',(#21188),#12204);
#767=STYLED_ITEM('',(#21189),#656);
#768=STYLED_ITEM('',(#21188),#12205);
#769=STYLED_ITEM('',(#21188),#12206);
#770=STYLED_ITEM('',(#21188),#12207);
#771=STYLED_ITEM('',(#21188),#12208);
#772=STYLED_ITEM('',(#21188),#12209);
#773=STYLED_ITEM('',(#21188),#12210);
#774=STYLED_ITEM('',(#21189),#657);
#775=STYLED_ITEM('',(#21188),#12211);
#776=STYLED_ITEM('',(#21188),#12212);
#777=STYLED_ITEM('',(#21188),#12213);
#778=STYLED_ITEM('',(#21188),#12214);
#779=STYLED_ITEM('',(#21188),#12215);
#780=STYLED_ITEM('',(#21188),#12216);
#781=STYLED_ITEM('',(#21189),#658);
#782=STYLED_ITEM('',(#21188),#12217);
#783=STYLED_ITEM('',(#21188),#12218);
#784=STYLED_ITEM('',(#21188),#12219);
#785=STYLED_ITEM('',(#21188),#12220);
#786=STYLED_ITEM('',(#21188),#12221);
#787=STYLED_ITEM('',(#21188),#12222);
#788=STYLED_ITEM('',(#21189),#659);
#789=STYLED_ITEM('',(#21188),#12223);
#790=STYLED_ITEM('',(#21188),#12224);
#791=STYLED_ITEM('',(#21188),#12225);
#792=STYLED_ITEM('',(#21188),#12226);
#793=STYLED_ITEM('',(#21188),#12227);
#794=STYLED_ITEM('',(#21188),#12228);
#795=STYLED_ITEM('',(#21189),#660);
#796=STYLED_ITEM('',(#21188),#12229);
#797=STYLED_ITEM('',(#21188),#12230);
#798=STYLED_ITEM('',(#21188),#12231);
#799=STYLED_ITEM('',(#21188),#12232);
#800=STYLED_ITEM('',(#21188),#12233);
#801=STYLED_ITEM('',(#21188),#12234);
#802=STYLED_ITEM('',(#21189),#661);
#803=STYLED_ITEM('',(#21188),#12235);
#804=STYLED_ITEM('',(#21188),#12236);
#805=STYLED_ITEM('',(#21188),#12237);
#806=STYLED_ITEM('',(#21188),#12238);
#807=STYLED_ITEM('',(#21188),#12239);
#808=STYLED_ITEM('',(#21188),#12240);
#809=STYLED_ITEM('',(#21189),#662);
#810=STYLED_ITEM('',(#21188),#12241);
#811=STYLED_ITEM('',(#21188),#12242);
#812=STYLED_ITEM('',(#21188),#12243);
#813=STYLED_ITEM('',(#21188),#12244);
#814=STYLED_ITEM('',(#21188),#12245);
#815=STYLED_ITEM('',(#21188),#12246);
#816=STYLED_ITEM('',(#21189),#663);
#817=STYLED_ITEM('',(#21188),#12247);
#818=STYLED_ITEM('',(#21188),#12248);
#819=STYLED_ITEM('',(#21188),#12249);
#820=STYLED_ITEM('',(#21188),#12250);
#821=STYLED_ITEM('',(#21188),#12251);
#822=STYLED_ITEM('',(#21188),#12252);
#823=STYLED_ITEM('',(#21189),#664);
#824=STYLED_ITEM('',(#21188),#12253);
#825=STYLED_ITEM('',(#21188),#12254);
#826=STYLED_ITEM('',(#21188),#12255);
#827=STYLED_ITEM('',(#21188),#12256);
#828=STYLED_ITEM('',(#21188),#12257);
#829=STYLED_ITEM('',(#21188),#12258);
#830=STYLED_ITEM('',(#21189),#665);
#831=STYLED_ITEM('',(#21188),#12259);
#832=STYLED_ITEM('',(#21188),#12260);
#833=STYLED_ITEM('',(#21188),#12261);
#834=STYLED_ITEM('',(#21188),#12262);
#835=STYLED_ITEM('',(#21188),#12263);
#836=STYLED_ITEM('',(#21188),#12264);
#837=STYLED_ITEM('',(#21189),#666);
#838=STYLED_ITEM('',(#21188),#12265);
#839=STYLED_ITEM('',(#21188),#12266);
#840=STYLED_ITEM('',(#21188),#12267);
#841=STYLED_ITEM('',(#21188),#12268);
#842=STYLED_ITEM('',(#21188),#12269);
#843=STYLED_ITEM('',(#21188),#12270);
#844=STYLED_ITEM('',(#21189),#667);
#845=STYLED_ITEM('',(#21189),#668);
#846=STYLED_ITEM('',(#21191),#12374);
#847=STYLED_ITEM('',(#21191),#12375);
#848=STYLED_ITEM('',(#21191),#12376);
#849=STYLED_ITEM('',(#21191),#12377);
#850=STYLED_ITEM('',(#21191),#12378);
#851=STYLED_ITEM('',(#21191),#12379);
#852=STYLED_ITEM('',(#21191),#12380);
#853=STYLED_ITEM('',(#21191),#12381);
#854=STYLED_ITEM('',(#21191),#12382);
#855=STYLED_ITEM('',(#21191),#12383);
#856=STYLED_ITEM('',(#21191),#12384);
#857=STYLED_ITEM('',(#21191),#12385);
#858=STYLED_ITEM('',(#21191),#12386);
#859=STYLED_ITEM('',(#21190),#669);
#860=STYLED_ITEM('',(#21191),#12387);
#861=STYLED_ITEM('',(#21191),#12388);
#862=STYLED_ITEM('',(#21191),#12389);
#863=STYLED_ITEM('',(#21191),#12390);
#864=STYLED_ITEM('',(#21191),#12391);
#865=STYLED_ITEM('',(#21191),#12392);
#866=STYLED_ITEM('',(#21191),#12393);
#867=STYLED_ITEM('',(#21191),#12394);
#868=STYLED_ITEM('',(#21191),#12395);
#869=STYLED_ITEM('',(#21191),#12396);
#870=STYLED_ITEM('',(#21191),#12397);
#871=STYLED_ITEM('',(#21191),#12398);
#872=STYLED_ITEM('',(#21191),#12399);
#873=STYLED_ITEM('',(#21190),#670);
#874=STYLED_ITEM('',(#21191),#12400);
#875=STYLED_ITEM('',(#21191),#12401);
#876=STYLED_ITEM('',(#21191),#12402);
#877=STYLED_ITEM('',(#21191),#12403);
#878=STYLED_ITEM('',(#21191),#12404);
#879=STYLED_ITEM('',(#21191),#12405);
#880=STYLED_ITEM('',(#21191),#12406);
#881=STYLED_ITEM('',(#21191),#12407);
#882=STYLED_ITEM('',(#21191),#12408);
#883=STYLED_ITEM('',(#21191),#12409);
#884=STYLED_ITEM('',(#21191),#12410);
#885=STYLED_ITEM('',(#21191),#12411);
#886=STYLED_ITEM('',(#21191),#12412);
#887=STYLED_ITEM('',(#21190),#671);
#888=STYLED_ITEM('',(#21191),#12413);
#889=STYLED_ITEM('',(#21191),#12414);
#890=STYLED_ITEM('',(#21191),#12415);
#891=STYLED_ITEM('',(#21191),#12416);
#892=STYLED_ITEM('',(#21191),#12417);
#893=STYLED_ITEM('',(#21191),#12418);
#894=STYLED_ITEM('',(#21191),#12419);
#895=STYLED_ITEM('',(#21191),#12420);
#896=STYLED_ITEM('',(#21191),#12421);
#897=STYLED_ITEM('',(#21191),#12422);
#898=STYLED_ITEM('',(#21191),#12423);
#899=STYLED_ITEM('',(#21191),#12424);
#900=STYLED_ITEM('',(#21191),#12425);
#901=STYLED_ITEM('',(#21190),#672);
#902=STYLED_ITEM('',(#21192),#12426);
#903=STYLED_ITEM('',(#21192),#12427);
#904=STYLED_ITEM('',(#21192),#12428);
#905=STYLED_ITEM('',(#21192),#12429);
#906=STYLED_ITEM('',(#21190),#673);
#907=STYLED_ITEM('',(#21192),#12430);
#908=STYLED_ITEM('',(#21192),#12431);
#909=STYLED_ITEM('',(#21192),#12432);
#910=STYLED_ITEM('',(#21192),#12433);
#911=STYLED_ITEM('',(#21192),#12434);
#912=STYLED_ITEM('',(#21192),#12435);
#913=STYLED_ITEM('',(#21192),#12436);
#914=STYLED_ITEM('',(#21192),#12437);
#915=STYLED_ITEM('',(#21192),#12438);
#916=STYLED_ITEM('',(#21192),#12439);
#917=STYLED_ITEM('',(#21192),#12440);
#918=STYLED_ITEM('',(#21192),#12441);
#919=STYLED_ITEM('',(#21192),#12442);
#920=STYLED_ITEM('',(#21192),#12443);
#921=STYLED_ITEM('',(#21192),#12444);
#922=STYLED_ITEM('',(#21192),#12445);
#923=STYLED_ITEM('',(#21192),#12446);
#924=STYLED_ITEM('',(#21192),#12447);
#925=STYLED_ITEM('',(#21192),#12448);
#926=STYLED_ITEM('',(#21192),#12449);
#927=STYLED_ITEM('',(#21192),#12450);
#928=STYLED_ITEM('',(#21192),#12451);
#929=STYLED_ITEM('',(#21190),#674);
#930=STYLED_ITEM('',(#21191),#12452);
#931=STYLED_ITEM('',(#21191),#12453);
#932=STYLED_ITEM('',(#21191),#12454);
#933=STYLED_ITEM('',(#21191),#12455);
#934=STYLED_ITEM('',(#21191),#12456);
#935=STYLED_ITEM('',(#21191),#12457);
#936=STYLED_ITEM('',(#21191),#12458);
#937=STYLED_ITEM('',(#21191),#12459);
#938=STYLED_ITEM('',(#21191),#12460);
#939=STYLED_ITEM('',(#21191),#12461);
#940=STYLED_ITEM('',(#21191),#12462);
#941=STYLED_ITEM('',(#21191),#12463);
#942=STYLED_ITEM('',(#21191),#12464);
#943=STYLED_ITEM('',(#21191),#12465);
#944=STYLED_ITEM('',(#21191),#12466);
#945=STYLED_ITEM('',(#21191),#12467);
#946=STYLED_ITEM('',(#21191),#12468);
#947=STYLED_ITEM('',(#21191),#12469);
#948=STYLED_ITEM('',(#21191),#12470);
#949=STYLED_ITEM('',(#21191),#12471);
#950=STYLED_ITEM('',(#21191),#12472);
#951=STYLED_ITEM('',(#21191),#12473);
#952=STYLED_ITEM('',(#21191),#12474);
#953=STYLED_ITEM('',(#21191),#12475);
#954=STYLED_ITEM('',(#21191),#12476);
#955=STYLED_ITEM('',(#21191),#12477);
#956=STYLED_ITEM('',(#21191),#12478);
#957=STYLED_ITEM('',(#21190),#675);
#958=STYLED_ITEM('',(#21191),#12479);
#959=STYLED_ITEM('',(#21191),#12480);
#960=STYLED_ITEM('',(#21191),#12481);
#961=STYLED_ITEM('',(#21191),#12482);
#962=STYLED_ITEM('',(#21190),#676);
#963=STYLED_ITEM('',(#21192),#12483);
#964=STYLED_ITEM('',(#21192),#12484);
#965=STYLED_ITEM('',(#21192),#12485);
#966=STYLED_ITEM('',(#21192),#12486);
#967=STYLED_ITEM('',(#21190),#677);
#968=STYLED_ITEM('',(#21192),#12487);
#969=STYLED_ITEM('',(#21192),#12488);
#970=STYLED_ITEM('',(#21192),#12489);
#971=STYLED_ITEM('',(#21192),#12490);
#972=STYLED_ITEM('',(#21190),#678);
#973=STYLED_ITEM('',(#21192),#12491);
#974=STYLED_ITEM('',(#21192),#12492);
#975=STYLED_ITEM('',(#21192),#12493);
#976=STYLED_ITEM('',(#21192),#12494);
#977=STYLED_ITEM('',(#21190),#679);
#978=STYLED_ITEM('',(#21193),#680);
#979=STYLED_ITEM('',(#21186),#681);
#980=FACE_OUTER_BOUND('',#1657,.T.);
#981=FACE_OUTER_BOUND('',#1658,.T.);
#982=FACE_OUTER_BOUND('',#1659,.T.);
#983=FACE_OUTER_BOUND('',#1660,.T.);
#984=FACE_OUTER_BOUND('',#1661,.T.);
#985=FACE_OUTER_BOUND('',#1662,.T.);
#986=FACE_OUTER_BOUND('',#1663,.T.);
#987=FACE_OUTER_BOUND('',#1664,.T.);
#988=FACE_OUTER_BOUND('',#1665,.T.);
#989=FACE_OUTER_BOUND('',#1666,.T.);
#990=FACE_OUTER_BOUND('',#1667,.T.);
#991=FACE_OUTER_BOUND('',#1668,.T.);
#992=FACE_OUTER_BOUND('',#1669,.T.);
#993=FACE_OUTER_BOUND('',#1670,.T.);
#994=FACE_OUTER_BOUND('',#1671,.T.);
#995=FACE_OUTER_BOUND('',#1672,.T.);
#996=FACE_OUTER_BOUND('',#1673,.T.);
#997=FACE_OUTER_BOUND('',#1674,.T.);
#998=FACE_OUTER_BOUND('',#1675,.T.);
#999=FACE_OUTER_BOUND('',#1676,.T.);
#1000=FACE_OUTER_BOUND('',#1677,.T.);
#1001=FACE_OUTER_BOUND('',#1678,.T.);
#1002=FACE_OUTER_BOUND('',#1679,.T.);
#1003=FACE_OUTER_BOUND('',#1680,.T.);
#1004=FACE_OUTER_BOUND('',#1681,.T.);
#1005=FACE_OUTER_BOUND('',#1682,.T.);
#1006=FACE_OUTER_BOUND('',#1683,.T.);
#1007=FACE_OUTER_BOUND('',#1684,.T.);
#1008=FACE_OUTER_BOUND('',#1685,.T.);
#1009=FACE_OUTER_BOUND('',#1686,.T.);
#1010=FACE_OUTER_BOUND('',#1687,.T.);
#1011=FACE_OUTER_BOUND('',#1688,.T.);
#1012=FACE_OUTER_BOUND('',#1689,.T.);
#1013=FACE_OUTER_BOUND('',#1690,.T.);
#1014=FACE_OUTER_BOUND('',#1691,.T.);
#1015=FACE_OUTER_BOUND('',#1692,.T.);
#1016=FACE_OUTER_BOUND('',#1693,.T.);
#1017=FACE_OUTER_BOUND('',#1694,.T.);
#1018=FACE_OUTER_BOUND('',#1695,.T.);
#1019=FACE_OUTER_BOUND('',#1696,.T.);
#1020=FACE_OUTER_BOUND('',#1697,.T.);
#1021=FACE_OUTER_BOUND('',#1698,.T.);
#1022=FACE_OUTER_BOUND('',#1699,.T.);
#1023=FACE_OUTER_BOUND('',#1700,.T.);
#1024=FACE_OUTER_BOUND('',#1701,.T.);
#1025=FACE_OUTER_BOUND('',#1702,.T.);
#1026=FACE_OUTER_BOUND('',#1703,.T.);
#1027=FACE_OUTER_BOUND('',#1704,.T.);
#1028=FACE_OUTER_BOUND('',#1705,.T.);
#1029=FACE_OUTER_BOUND('',#1706,.T.);
#1030=FACE_OUTER_BOUND('',#1707,.T.);
#1031=FACE_OUTER_BOUND('',#1708,.T.);
#1032=FACE_OUTER_BOUND('',#1709,.T.);
#1033=FACE_OUTER_BOUND('',#1710,.T.);
#1034=FACE_OUTER_BOUND('',#1711,.T.);
#1035=FACE_OUTER_BOUND('',#1712,.T.);
#1036=FACE_OUTER_BOUND('',#1713,.T.);
#1037=FACE_OUTER_BOUND('',#1714,.T.);
#1038=FACE_OUTER_BOUND('',#1715,.T.);
#1039=FACE_OUTER_BOUND('',#1716,.T.);
#1040=FACE_OUTER_BOUND('',#1717,.T.);
#1041=FACE_OUTER_BOUND('',#1718,.T.);
#1042=FACE_OUTER_BOUND('',#1719,.T.);
#1043=FACE_OUTER_BOUND('',#1720,.T.);
#1044=FACE_OUTER_BOUND('',#1721,.T.);
#1045=FACE_OUTER_BOUND('',#1722,.T.);
#1046=FACE_OUTER_BOUND('',#1723,.T.);
#1047=FACE_OUTER_BOUND('',#1724,.T.);
#1048=FACE_OUTER_BOUND('',#1725,.T.);
#1049=FACE_OUTER_BOUND('',#1726,.T.);
#1050=FACE_OUTER_BOUND('',#1727,.T.);
#1051=FACE_OUTER_BOUND('',#1728,.T.);
#1052=FACE_OUTER_BOUND('',#1729,.T.);
#1053=FACE_OUTER_BOUND('',#1730,.T.);
#1054=FACE_OUTER_BOUND('',#1731,.T.);
#1055=FACE_OUTER_BOUND('',#1732,.T.);
#1056=FACE_OUTER_BOUND('',#1733,.T.);
#1057=FACE_OUTER_BOUND('',#1734,.T.);
#1058=FACE_OUTER_BOUND('',#1735,.T.);
#1059=FACE_OUTER_BOUND('',#1736,.T.);
#1060=FACE_OUTER_BOUND('',#1737,.T.);
#1061=FACE_OUTER_BOUND('',#1738,.T.);
#1062=FACE_OUTER_BOUND('',#1739,.T.);
#1063=FACE_OUTER_BOUND('',#1740,.T.);
#1064=FACE_OUTER_BOUND('',#1741,.T.);
#1065=FACE_OUTER_BOUND('',#1742,.T.);
#1066=FACE_OUTER_BOUND('',#1743,.T.);
#1067=FACE_OUTER_BOUND('',#1744,.T.);
#1068=FACE_OUTER_BOUND('',#1745,.T.);
#1069=FACE_OUTER_BOUND('',#1746,.T.);
#1070=FACE_OUTER_BOUND('',#1747,.T.);
#1071=FACE_OUTER_BOUND('',#1748,.T.);
#1072=FACE_OUTER_BOUND('',#1749,.T.);
#1073=FACE_OUTER_BOUND('',#1750,.T.);
#1074=FACE_OUTER_BOUND('',#1751,.T.);
#1075=FACE_OUTER_BOUND('',#1752,.T.);
#1076=FACE_OUTER_BOUND('',#1753,.T.);
#1077=FACE_OUTER_BOUND('',#1754,.T.);
#1078=FACE_OUTER_BOUND('',#1755,.T.);
#1079=FACE_OUTER_BOUND('',#1756,.T.);
#1080=FACE_OUTER_BOUND('',#1757,.T.);
#1081=FACE_OUTER_BOUND('',#1758,.T.);
#1082=FACE_OUTER_BOUND('',#1759,.T.);
#1083=FACE_OUTER_BOUND('',#1760,.T.);
#1084=FACE_OUTER_BOUND('',#1761,.T.);
#1085=FACE_OUTER_BOUND('',#1762,.T.);
#1086=FACE_OUTER_BOUND('',#1763,.T.);
#1087=FACE_OUTER_BOUND('',#1764,.T.);
#1088=FACE_OUTER_BOUND('',#1765,.T.);
#1089=FACE_OUTER_BOUND('',#1766,.T.);
#1090=FACE_OUTER_BOUND('',#1767,.T.);
#1091=FACE_OUTER_BOUND('',#1768,.T.);
#1092=FACE_OUTER_BOUND('',#1769,.T.);
#1093=FACE_OUTER_BOUND('',#1770,.T.);
#1094=FACE_OUTER_BOUND('',#1771,.T.);
#1095=FACE_OUTER_BOUND('',#1772,.T.);
#1096=FACE_OUTER_BOUND('',#1773,.T.);
#1097=FACE_OUTER_BOUND('',#1774,.T.);
#1098=FACE_OUTER_BOUND('',#1775,.T.);
#1099=FACE_OUTER_BOUND('',#1776,.T.);
#1100=FACE_OUTER_BOUND('',#1777,.T.);
#1101=FACE_OUTER_BOUND('',#1778,.T.);
#1102=FACE_OUTER_BOUND('',#1779,.T.);
#1103=FACE_OUTER_BOUND('',#1780,.T.);
#1104=FACE_OUTER_BOUND('',#1781,.T.);
#1105=FACE_OUTER_BOUND('',#1782,.T.);
#1106=FACE_OUTER_BOUND('',#1783,.T.);
#1107=FACE_OUTER_BOUND('',#1784,.T.);
#1108=FACE_OUTER_BOUND('',#1785,.T.);
#1109=FACE_OUTER_BOUND('',#1786,.T.);
#1110=FACE_OUTER_BOUND('',#1787,.T.);
#1111=FACE_OUTER_BOUND('',#1788,.T.);
#1112=FACE_OUTER_BOUND('',#1789,.T.);
#1113=FACE_OUTER_BOUND('',#1790,.T.);
#1114=FACE_OUTER_BOUND('',#1791,.T.);
#1115=FACE_OUTER_BOUND('',#1792,.T.);
#1116=FACE_OUTER_BOUND('',#1793,.T.);
#1117=FACE_OUTER_BOUND('',#1794,.T.);
#1118=FACE_OUTER_BOUND('',#1795,.T.);
#1119=FACE_OUTER_BOUND('',#1796,.T.);
#1120=FACE_OUTER_BOUND('',#1797,.T.);
#1121=FACE_OUTER_BOUND('',#1798,.T.);
#1122=FACE_OUTER_BOUND('',#1799,.T.);
#1123=FACE_OUTER_BOUND('',#1800,.T.);
#1124=FACE_OUTER_BOUND('',#1801,.T.);
#1125=FACE_OUTER_BOUND('',#1802,.T.);
#1126=FACE_OUTER_BOUND('',#1803,.T.);
#1127=FACE_OUTER_BOUND('',#1804,.T.);
#1128=FACE_OUTER_BOUND('',#1805,.T.);
#1129=FACE_OUTER_BOUND('',#1806,.T.);
#1130=FACE_OUTER_BOUND('',#1807,.T.);
#1131=FACE_OUTER_BOUND('',#1808,.T.);
#1132=FACE_OUTER_BOUND('',#1809,.T.);
#1133=FACE_OUTER_BOUND('',#1810,.T.);
#1134=FACE_OUTER_BOUND('',#1811,.T.);
#1135=FACE_OUTER_BOUND('',#1812,.T.);
#1136=FACE_OUTER_BOUND('',#1813,.T.);
#1137=FACE_OUTER_BOUND('',#1814,.T.);
#1138=FACE_OUTER_BOUND('',#1815,.T.);
#1139=FACE_OUTER_BOUND('',#1816,.T.);
#1140=FACE_OUTER_BOUND('',#1817,.T.);
#1141=FACE_OUTER_BOUND('',#1818,.T.);
#1142=FACE_OUTER_BOUND('',#1819,.T.);
#1143=FACE_OUTER_BOUND('',#1820,.T.);
#1144=FACE_OUTER_BOUND('',#1821,.T.);
#1145=FACE_OUTER_BOUND('',#1822,.T.);
#1146=FACE_OUTER_BOUND('',#1823,.T.);
#1147=FACE_OUTER_BOUND('',#1824,.T.);
#1148=FACE_OUTER_BOUND('',#1825,.T.);
#1149=FACE_OUTER_BOUND('',#1826,.T.);
#1150=FACE_OUTER_BOUND('',#1827,.T.);
#1151=FACE_OUTER_BOUND('',#1828,.T.);
#1152=FACE_OUTER_BOUND('',#1829,.T.);
#1153=FACE_OUTER_BOUND('',#1830,.T.);
#1154=FACE_OUTER_BOUND('',#1831,.T.);
#1155=FACE_OUTER_BOUND('',#1832,.T.);
#1156=FACE_OUTER_BOUND('',#1833,.T.);
#1157=FACE_OUTER_BOUND('',#1834,.T.);
#1158=FACE_OUTER_BOUND('',#1835,.T.);
#1159=FACE_OUTER_BOUND('',#1836,.T.);
#1160=FACE_OUTER_BOUND('',#1837,.T.);
#1161=FACE_OUTER_BOUND('',#1838,.T.);
#1162=FACE_OUTER_BOUND('',#1839,.T.);
#1163=FACE_OUTER_BOUND('',#1840,.T.);
#1164=FACE_OUTER_BOUND('',#1841,.T.);
#1165=FACE_OUTER_BOUND('',#1842,.T.);
#1166=FACE_OUTER_BOUND('',#1843,.T.);
#1167=FACE_OUTER_BOUND('',#1844,.T.);
#1168=FACE_OUTER_BOUND('',#1845,.T.);
#1169=FACE_OUTER_BOUND('',#1846,.T.);
#1170=FACE_OUTER_BOUND('',#1847,.T.);
#1171=FACE_OUTER_BOUND('',#1848,.T.);
#1172=FACE_OUTER_BOUND('',#1849,.T.);
#1173=FACE_OUTER_BOUND('',#1850,.T.);
#1174=FACE_OUTER_BOUND('',#1851,.T.);
#1175=FACE_OUTER_BOUND('',#1852,.T.);
#1176=FACE_OUTER_BOUND('',#1853,.T.);
#1177=FACE_OUTER_BOUND('',#1854,.T.);
#1178=FACE_OUTER_BOUND('',#1855,.T.);
#1179=FACE_OUTER_BOUND('',#1856,.T.);
#1180=FACE_OUTER_BOUND('',#1857,.T.);
#1181=FACE_OUTER_BOUND('',#1858,.T.);
#1182=FACE_OUTER_BOUND('',#1859,.T.);
#1183=FACE_OUTER_BOUND('',#1860,.T.);
#1184=FACE_OUTER_BOUND('',#1861,.T.);
#1185=FACE_OUTER_BOUND('',#1862,.T.);
#1186=FACE_OUTER_BOUND('',#1863,.T.);
#1187=FACE_OUTER_BOUND('',#1864,.T.);
#1188=FACE_OUTER_BOUND('',#1865,.T.);
#1189=FACE_OUTER_BOUND('',#1866,.T.);
#1190=FACE_OUTER_BOUND('',#1867,.T.);
#1191=FACE_OUTER_BOUND('',#1868,.T.);
#1192=FACE_OUTER_BOUND('',#1869,.T.);
#1193=FACE_OUTER_BOUND('',#1870,.T.);
#1194=FACE_OUTER_BOUND('',#1871,.T.);
#1195=FACE_OUTER_BOUND('',#1872,.T.);
#1196=FACE_OUTER_BOUND('',#1873,.T.);
#1197=FACE_OUTER_BOUND('',#1874,.T.);
#1198=FACE_OUTER_BOUND('',#1875,.T.);
#1199=FACE_OUTER_BOUND('',#1876,.T.);
#1200=FACE_OUTER_BOUND('',#1877,.T.);
#1201=FACE_OUTER_BOUND('',#1878,.T.);
#1202=FACE_OUTER_BOUND('',#1879,.T.);
#1203=FACE_OUTER_BOUND('',#1880,.T.);
#1204=FACE_OUTER_BOUND('',#1881,.T.);
#1205=FACE_OUTER_BOUND('',#1882,.T.);
#1206=FACE_OUTER_BOUND('',#1883,.T.);
#1207=FACE_OUTER_BOUND('',#1884,.T.);
#1208=FACE_OUTER_BOUND('',#1885,.T.);
#1209=FACE_OUTER_BOUND('',#1886,.T.);
#1210=FACE_OUTER_BOUND('',#1887,.T.);
#1211=FACE_OUTER_BOUND('',#1888,.T.);
#1212=FACE_OUTER_BOUND('',#1889,.T.);
#1213=FACE_OUTER_BOUND('',#1890,.T.);
#1214=FACE_OUTER_BOUND('',#1891,.T.);
#1215=FACE_OUTER_BOUND('',#1892,.T.);
#1216=FACE_OUTER_BOUND('',#1893,.T.);
#1217=FACE_OUTER_BOUND('',#1894,.T.);
#1218=FACE_OUTER_BOUND('',#1895,.T.);
#1219=FACE_OUTER_BOUND('',#1896,.T.);
#1220=FACE_OUTER_BOUND('',#1897,.T.);
#1221=FACE_OUTER_BOUND('',#1898,.T.);
#1222=FACE_OUTER_BOUND('',#1899,.T.);
#1223=FACE_OUTER_BOUND('',#1900,.T.);
#1224=FACE_OUTER_BOUND('',#1901,.T.);
#1225=FACE_OUTER_BOUND('',#1902,.T.);
#1226=FACE_OUTER_BOUND('',#1903,.T.);
#1227=FACE_OUTER_BOUND('',#1904,.T.);
#1228=FACE_OUTER_BOUND('',#1905,.T.);
#1229=FACE_OUTER_BOUND('',#1906,.T.);
#1230=FACE_OUTER_BOUND('',#1907,.T.);
#1231=FACE_OUTER_BOUND('',#1908,.T.);
#1232=FACE_OUTER_BOUND('',#1909,.T.);
#1233=FACE_OUTER_BOUND('',#1910,.T.);
#1234=FACE_OUTER_BOUND('',#1911,.T.);
#1235=FACE_OUTER_BOUND('',#1912,.T.);
#1236=FACE_OUTER_BOUND('',#1913,.T.);
#1237=FACE_OUTER_BOUND('',#1914,.T.);
#1238=FACE_OUTER_BOUND('',#1915,.T.);
#1239=FACE_OUTER_BOUND('',#1916,.T.);
#1240=FACE_OUTER_BOUND('',#1917,.T.);
#1241=FACE_OUTER_BOUND('',#1918,.T.);
#1242=FACE_OUTER_BOUND('',#1919,.T.);
#1243=FACE_OUTER_BOUND('',#1920,.T.);
#1244=FACE_OUTER_BOUND('',#1921,.T.);
#1245=FACE_OUTER_BOUND('',#1922,.T.);
#1246=FACE_OUTER_BOUND('',#1923,.T.);
#1247=FACE_OUTER_BOUND('',#1924,.T.);
#1248=FACE_OUTER_BOUND('',#1925,.T.);
#1249=FACE_OUTER_BOUND('',#1926,.T.);
#1250=FACE_OUTER_BOUND('',#1927,.T.);
#1251=FACE_OUTER_BOUND('',#1928,.T.);
#1252=FACE_OUTER_BOUND('',#1929,.T.);
#1253=FACE_OUTER_BOUND('',#1930,.T.);
#1254=FACE_OUTER_BOUND('',#1931,.T.);
#1255=FACE_OUTER_BOUND('',#1932,.T.);
#1256=FACE_OUTER_BOUND('',#1933,.T.);
#1257=FACE_OUTER_BOUND('',#1934,.T.);
#1258=FACE_OUTER_BOUND('',#1935,.T.);
#1259=FACE_OUTER_BOUND('',#1936,.T.);
#1260=FACE_OUTER_BOUND('',#1937,.T.);
#1261=FACE_OUTER_BOUND('',#1938,.T.);
#1262=FACE_OUTER_BOUND('',#1939,.T.);
#1263=FACE_OUTER_BOUND('',#1940,.T.);
#1264=FACE_OUTER_BOUND('',#1941,.T.);
#1265=FACE_OUTER_BOUND('',#1942,.T.);
#1266=FACE_OUTER_BOUND('',#1945,.T.);
#1267=FACE_OUTER_BOUND('',#1946,.T.);
#1268=FACE_OUTER_BOUND('',#1947,.T.);
#1269=FACE_OUTER_BOUND('',#1948,.T.);
#1270=FACE_OUTER_BOUND('',#1951,.T.);
#1271=FACE_OUTER_BOUND('',#1952,.T.);
#1272=FACE_OUTER_BOUND('',#1953,.T.);
#1273=FACE_OUTER_BOUND('',#1954,.T.);
#1274=FACE_OUTER_BOUND('',#1955,.T.);
#1275=FACE_OUTER_BOUND('',#1956,.T.);
#1276=FACE_OUTER_BOUND('',#1959,.T.);
#1277=FACE_OUTER_BOUND('',#1961,.T.);
#1278=FACE_OUTER_BOUND('',#1962,.T.);
#1279=FACE_OUTER_BOUND('',#1963,.T.);
#1280=FACE_OUTER_BOUND('',#1964,.T.);
#1281=FACE_OUTER_BOUND('',#1965,.T.);
#1282=FACE_OUTER_BOUND('',#1966,.T.);
#1283=FACE_OUTER_BOUND('',#1967,.T.);
#1284=FACE_OUTER_BOUND('',#1970,.T.);
#1285=FACE_OUTER_BOUND('',#1971,.T.);
#1286=FACE_OUTER_BOUND('',#1972,.T.);
#1287=FACE_OUTER_BOUND('',#1973,.T.);
#1288=FACE_OUTER_BOUND('',#1974,.T.);
#1289=FACE_OUTER_BOUND('',#1975,.T.);
#1290=FACE_OUTER_BOUND('',#1976,.T.);
#1291=FACE_OUTER_BOUND('',#1977,.T.);
#1292=FACE_OUTER_BOUND('',#1978,.T.);
#1293=FACE_OUTER_BOUND('',#1979,.T.);
#1294=FACE_OUTER_BOUND('',#1980,.T.);
#1295=FACE_OUTER_BOUND('',#1981,.T.);
#1296=FACE_OUTER_BOUND('',#1982,.T.);
#1297=FACE_OUTER_BOUND('',#1983,.T.);
#1298=FACE_OUTER_BOUND('',#1984,.T.);
#1299=FACE_OUTER_BOUND('',#1985,.T.);
#1300=FACE_OUTER_BOUND('',#1986,.T.);
#1301=FACE_OUTER_BOUND('',#1987,.T.);
#1302=FACE_OUTER_BOUND('',#1988,.T.);
#1303=FACE_OUTER_BOUND('',#1989,.T.);
#1304=FACE_OUTER_BOUND('',#1990,.T.);
#1305=FACE_OUTER_BOUND('',#1991,.T.);
#1306=FACE_OUTER_BOUND('',#1992,.T.);
#1307=FACE_OUTER_BOUND('',#1993,.T.);
#1308=FACE_OUTER_BOUND('',#1994,.T.);
#1309=FACE_OUTER_BOUND('',#1995,.T.);
#1310=FACE_OUTER_BOUND('',#1996,.T.);
#1311=FACE_OUTER_BOUND('',#1997,.T.);
#1312=FACE_OUTER_BOUND('',#1998,.T.);
#1313=FACE_OUTER_BOUND('',#1999,.T.);
#1314=FACE_OUTER_BOUND('',#2000,.T.);
#1315=FACE_OUTER_BOUND('',#2001,.T.);
#1316=FACE_OUTER_BOUND('',#2002,.T.);
#1317=FACE_OUTER_BOUND('',#2003,.T.);
#1318=FACE_OUTER_BOUND('',#2004,.T.);
#1319=FACE_OUTER_BOUND('',#2005,.T.);
#1320=FACE_OUTER_BOUND('',#2006,.T.);
#1321=FACE_OUTER_BOUND('',#2007,.T.);
#1322=FACE_OUTER_BOUND('',#2008,.T.);
#1323=FACE_OUTER_BOUND('',#2009,.T.);
#1324=FACE_OUTER_BOUND('',#2010,.T.);
#1325=FACE_OUTER_BOUND('',#2011,.T.);
#1326=FACE_OUTER_BOUND('',#2012,.T.);
#1327=FACE_OUTER_BOUND('',#2013,.T.);
#1328=FACE_OUTER_BOUND('',#2014,.T.);
#1329=FACE_OUTER_BOUND('',#2015,.T.);
#1330=FACE_OUTER_BOUND('',#2016,.T.);
#1331=FACE_OUTER_BOUND('',#2017,.T.);
#1332=FACE_OUTER_BOUND('',#2018,.T.);
#1333=FACE_OUTER_BOUND('',#2019,.T.);
#1334=FACE_OUTER_BOUND('',#2020,.T.);
#1335=FACE_OUTER_BOUND('',#2021,.T.);
#1336=FACE_OUTER_BOUND('',#2022,.T.);
#1337=FACE_OUTER_BOUND('',#2023,.T.);
#1338=FACE_OUTER_BOUND('',#2024,.T.);
#1339=FACE_OUTER_BOUND('',#2025,.T.);
#1340=FACE_OUTER_BOUND('',#2026,.T.);
#1341=FACE_OUTER_BOUND('',#2027,.T.);
#1342=FACE_OUTER_BOUND('',#2028,.T.);
#1343=FACE_OUTER_BOUND('',#2029,.T.);
#1344=FACE_OUTER_BOUND('',#2030,.T.);
#1345=FACE_OUTER_BOUND('',#2031,.T.);
#1346=FACE_OUTER_BOUND('',#2032,.T.);
#1347=FACE_OUTER_BOUND('',#2033,.T.);
#1348=FACE_OUTER_BOUND('',#2034,.T.);
#1349=FACE_OUTER_BOUND('',#2035,.T.);
#1350=FACE_OUTER_BOUND('',#2036,.T.);
#1351=FACE_OUTER_BOUND('',#2037,.T.);
#1352=FACE_OUTER_BOUND('',#2038,.T.);
#1353=FACE_OUTER_BOUND('',#2039,.T.);
#1354=FACE_OUTER_BOUND('',#2040,.T.);
#1355=FACE_OUTER_BOUND('',#2041,.T.);
#1356=FACE_OUTER_BOUND('',#2042,.T.);
#1357=FACE_OUTER_BOUND('',#2043,.T.);
#1358=FACE_OUTER_BOUND('',#2044,.T.);
#1359=FACE_OUTER_BOUND('',#2045,.T.);
#1360=FACE_OUTER_BOUND('',#2046,.T.);
#1361=FACE_OUTER_BOUND('',#2047,.T.);
#1362=FACE_OUTER_BOUND('',#2048,.T.);
#1363=FACE_OUTER_BOUND('',#2049,.T.);
#1364=FACE_OUTER_BOUND('',#2050,.T.);
#1365=FACE_OUTER_BOUND('',#2051,.T.);
#1366=FACE_OUTER_BOUND('',#2052,.T.);
#1367=FACE_OUTER_BOUND('',#2053,.T.);
#1368=FACE_OUTER_BOUND('',#2054,.T.);
#1369=FACE_OUTER_BOUND('',#2055,.T.);
#1370=FACE_OUTER_BOUND('',#2056,.T.);
#1371=FACE_OUTER_BOUND('',#2057,.T.);
#1372=FACE_OUTER_BOUND('',#2058,.T.);
#1373=FACE_OUTER_BOUND('',#2059,.T.);
#1374=FACE_OUTER_BOUND('',#2060,.T.);
#1375=FACE_OUTER_BOUND('',#2061,.T.);
#1376=FACE_OUTER_BOUND('',#2062,.T.);
#1377=FACE_OUTER_BOUND('',#2063,.T.);
#1378=FACE_OUTER_BOUND('',#2064,.T.);
#1379=FACE_OUTER_BOUND('',#2065,.T.);
#1380=FACE_OUTER_BOUND('',#2066,.T.);
#1381=FACE_OUTER_BOUND('',#2067,.T.);
#1382=FACE_OUTER_BOUND('',#2068,.T.);
#1383=FACE_OUTER_BOUND('',#2069,.T.);
#1384=FACE_OUTER_BOUND('',#2070,.T.);
#1385=FACE_OUTER_BOUND('',#2071,.T.);
#1386=FACE_OUTER_BOUND('',#2072,.T.);
#1387=FACE_OUTER_BOUND('',#2073,.T.);
#1388=FACE_OUTER_BOUND('',#2074,.T.);
#1389=FACE_OUTER_BOUND('',#2075,.T.);
#1390=FACE_OUTER_BOUND('',#2076,.T.);
#1391=FACE_OUTER_BOUND('',#2077,.T.);
#1392=FACE_OUTER_BOUND('',#2078,.T.);
#1393=FACE_OUTER_BOUND('',#2079,.T.);
#1394=FACE_OUTER_BOUND('',#2080,.T.);
#1395=FACE_OUTER_BOUND('',#2081,.T.);
#1396=FACE_OUTER_BOUND('',#2082,.T.);
#1397=FACE_OUTER_BOUND('',#2083,.T.);
#1398=FACE_OUTER_BOUND('',#2084,.T.);
#1399=FACE_OUTER_BOUND('',#2085,.T.);
#1400=FACE_OUTER_BOUND('',#2086,.T.);
#1401=FACE_OUTER_BOUND('',#2087,.T.);
#1402=FACE_OUTER_BOUND('',#2088,.T.);
#1403=FACE_OUTER_BOUND('',#2089,.T.);
#1404=FACE_OUTER_BOUND('',#2090,.T.);
#1405=FACE_OUTER_BOUND('',#2091,.T.);
#1406=FACE_OUTER_BOUND('',#2092,.T.);
#1407=FACE_OUTER_BOUND('',#2093,.T.);
#1408=FACE_OUTER_BOUND('',#2094,.T.);
#1409=FACE_OUTER_BOUND('',#2095,.T.);
#1410=FACE_OUTER_BOUND('',#2096,.T.);
#1411=FACE_OUTER_BOUND('',#2097,.T.);
#1412=FACE_OUTER_BOUND('',#2098,.T.);
#1413=FACE_OUTER_BOUND('',#2099,.T.);
#1414=FACE_OUTER_BOUND('',#2100,.T.);
#1415=FACE_OUTER_BOUND('',#2101,.T.);
#1416=FACE_OUTER_BOUND('',#2102,.T.);
#1417=FACE_OUTER_BOUND('',#2103,.T.);
#1418=FACE_OUTER_BOUND('',#2104,.T.);
#1419=FACE_OUTER_BOUND('',#2105,.T.);
#1420=FACE_OUTER_BOUND('',#2106,.T.);
#1421=FACE_OUTER_BOUND('',#2107,.T.);
#1422=FACE_OUTER_BOUND('',#2108,.T.);
#1423=FACE_OUTER_BOUND('',#2109,.T.);
#1424=FACE_OUTER_BOUND('',#2110,.T.);
#1425=FACE_OUTER_BOUND('',#2111,.T.);
#1426=FACE_OUTER_BOUND('',#2112,.T.);
#1427=FACE_OUTER_BOUND('',#2113,.T.);
#1428=FACE_OUTER_BOUND('',#2114,.T.);
#1429=FACE_OUTER_BOUND('',#2115,.T.);
#1430=FACE_OUTER_BOUND('',#2116,.T.);
#1431=FACE_OUTER_BOUND('',#2117,.T.);
#1432=FACE_OUTER_BOUND('',#2118,.T.);
#1433=FACE_OUTER_BOUND('',#2119,.T.);
#1434=FACE_OUTER_BOUND('',#2120,.T.);
#1435=FACE_OUTER_BOUND('',#2121,.T.);
#1436=FACE_OUTER_BOUND('',#2122,.T.);
#1437=FACE_OUTER_BOUND('',#2123,.T.);
#1438=FACE_OUTER_BOUND('',#2124,.T.);
#1439=FACE_OUTER_BOUND('',#2125,.T.);
#1440=FACE_OUTER_BOUND('',#2126,.T.);
#1441=FACE_OUTER_BOUND('',#2127,.T.);
#1442=FACE_OUTER_BOUND('',#2128,.T.);
#1443=FACE_OUTER_BOUND('',#2129,.T.);
#1444=FACE_OUTER_BOUND('',#2130,.T.);
#1445=FACE_OUTER_BOUND('',#2131,.T.);
#1446=FACE_OUTER_BOUND('',#2132,.T.);
#1447=FACE_OUTER_BOUND('',#2133,.T.);
#1448=FACE_OUTER_BOUND('',#2134,.T.);
#1449=FACE_OUTER_BOUND('',#2135,.T.);
#1450=FACE_OUTER_BOUND('',#2136,.T.);
#1451=FACE_OUTER_BOUND('',#2137,.T.);
#1452=FACE_OUTER_BOUND('',#2138,.T.);
#1453=FACE_OUTER_BOUND('',#2139,.T.);
#1454=FACE_OUTER_BOUND('',#2140,.T.);
#1455=FACE_OUTER_BOUND('',#2141,.T.);
#1456=FACE_OUTER_BOUND('',#2142,.T.);
#1457=FACE_OUTER_BOUND('',#2143,.T.);
#1458=FACE_OUTER_BOUND('',#2144,.T.);
#1459=FACE_OUTER_BOUND('',#2145,.T.);
#1460=FACE_OUTER_BOUND('',#2146,.T.);
#1461=FACE_OUTER_BOUND('',#2147,.T.);
#1462=FACE_OUTER_BOUND('',#2148,.T.);
#1463=FACE_OUTER_BOUND('',#2149,.T.);
#1464=FACE_OUTER_BOUND('',#2150,.T.);
#1465=FACE_OUTER_BOUND('',#2151,.T.);
#1466=FACE_OUTER_BOUND('',#2152,.T.);
#1467=FACE_OUTER_BOUND('',#2153,.T.);
#1468=FACE_OUTER_BOUND('',#2155,.T.);
#1469=FACE_OUTER_BOUND('',#2157,.T.);
#1470=FACE_OUTER_BOUND('',#2158,.T.);
#1471=FACE_OUTER_BOUND('',#2159,.T.);
#1472=FACE_OUTER_BOUND('',#2160,.T.);
#1473=FACE_OUTER_BOUND('',#2161,.T.);
#1474=FACE_OUTER_BOUND('',#2162,.T.);
#1475=FACE_OUTER_BOUND('',#2163,.T.);
#1476=FACE_OUTER_BOUND('',#2164,.T.);
#1477=FACE_OUTER_BOUND('',#2165,.T.);
#1478=FACE_OUTER_BOUND('',#2166,.T.);
#1479=FACE_OUTER_BOUND('',#2167,.T.);
#1480=FACE_OUTER_BOUND('',#2168,.T.);
#1481=FACE_OUTER_BOUND('',#2169,.T.);
#1482=FACE_OUTER_BOUND('',#2170,.T.);
#1483=FACE_OUTER_BOUND('',#2171,.T.);
#1484=FACE_OUTER_BOUND('',#2172,.T.);
#1485=FACE_OUTER_BOUND('',#2173,.T.);
#1486=FACE_OUTER_BOUND('',#2174,.T.);
#1487=FACE_OUTER_BOUND('',#2175,.T.);
#1488=FACE_OUTER_BOUND('',#2176,.T.);
#1489=FACE_OUTER_BOUND('',#2187,.T.);
#1490=FACE_OUTER_BOUND('',#2198,.T.);
#1491=FACE_OUTER_BOUND('',#2199,.T.);
#1492=FACE_OUTER_BOUND('',#2200,.T.);
#1493=FACE_OUTER_BOUND('',#2201,.T.);
#1494=FACE_OUTER_BOUND('',#2202,.T.);
#1495=FACE_OUTER_BOUND('',#2203,.T.);
#1496=FACE_OUTER_BOUND('',#2204,.T.);
#1497=FACE_OUTER_BOUND('',#2205,.T.);
#1498=FACE_OUTER_BOUND('',#2206,.T.);
#1499=FACE_OUTER_BOUND('',#2207,.T.);
#1500=FACE_OUTER_BOUND('',#2208,.T.);
#1501=FACE_OUTER_BOUND('',#2209,.T.);
#1502=FACE_OUTER_BOUND('',#2210,.T.);
#1503=FACE_OUTER_BOUND('',#2211,.T.);
#1504=FACE_OUTER_BOUND('',#2212,.T.);
#1505=FACE_OUTER_BOUND('',#2213,.T.);
#1506=FACE_OUTER_BOUND('',#2214,.T.);
#1507=FACE_OUTER_BOUND('',#2215,.T.);
#1508=FACE_OUTER_BOUND('',#2216,.T.);
#1509=FACE_OUTER_BOUND('',#2217,.T.);
#1510=FACE_OUTER_BOUND('',#2218,.T.);
#1511=FACE_OUTER_BOUND('',#2219,.T.);
#1512=FACE_OUTER_BOUND('',#2220,.T.);
#1513=FACE_OUTER_BOUND('',#2221,.T.);
#1514=FACE_OUTER_BOUND('',#2222,.T.);
#1515=FACE_OUTER_BOUND('',#2223,.T.);
#1516=FACE_OUTER_BOUND('',#2224,.T.);
#1517=FACE_OUTER_BOUND('',#2225,.T.);
#1518=FACE_OUTER_BOUND('',#2226,.T.);
#1519=FACE_OUTER_BOUND('',#2227,.T.);
#1520=FACE_OUTER_BOUND('',#2228,.T.);
#1521=FACE_OUTER_BOUND('',#2229,.T.);
#1522=FACE_OUTER_BOUND('',#2230,.T.);
#1523=FACE_OUTER_BOUND('',#2231,.T.);
#1524=FACE_OUTER_BOUND('',#2232,.T.);
#1525=FACE_OUTER_BOUND('',#2233,.T.);
#1526=FACE_OUTER_BOUND('',#2234,.T.);
#1527=FACE_OUTER_BOUND('',#2235,.T.);
#1528=FACE_OUTER_BOUND('',#2236,.T.);
#1529=FACE_OUTER_BOUND('',#2237,.T.);
#1530=FACE_OUTER_BOUND('',#2238,.T.);
#1531=FACE_OUTER_BOUND('',#2239,.T.);
#1532=FACE_OUTER_BOUND('',#2244,.T.);
#1533=FACE_OUTER_BOUND('',#2245,.T.);
#1534=FACE_OUTER_BOUND('',#2246,.T.);
#1535=FACE_OUTER_BOUND('',#2247,.T.);
#1536=FACE_OUTER_BOUND('',#2248,.T.);
#1537=FACE_OUTER_BOUND('',#2249,.T.);
#1538=FACE_OUTER_BOUND('',#2250,.T.);
#1539=FACE_OUTER_BOUND('',#2251,.T.);
#1540=FACE_OUTER_BOUND('',#2252,.T.);
#1541=FACE_OUTER_BOUND('',#2253,.T.);
#1542=FACE_OUTER_BOUND('',#2254,.T.);
#1543=FACE_OUTER_BOUND('',#2255,.T.);
#1544=FACE_OUTER_BOUND('',#2256,.T.);
#1545=FACE_OUTER_BOUND('',#2257,.T.);
#1546=FACE_OUTER_BOUND('',#2258,.T.);
#1547=FACE_OUTER_BOUND('',#2259,.T.);
#1548=FACE_OUTER_BOUND('',#2260,.T.);
#1549=FACE_OUTER_BOUND('',#2261,.T.);
#1550=FACE_OUTER_BOUND('',#2262,.T.);
#1551=FACE_OUTER_BOUND('',#2263,.T.);
#1552=FACE_OUTER_BOUND('',#2264,.T.);
#1553=FACE_OUTER_BOUND('',#2265,.T.);
#1554=FACE_OUTER_BOUND('',#2266,.T.);
#1555=FACE_OUTER_BOUND('',#2267,.T.);
#1556=FACE_OUTER_BOUND('',#2268,.T.);
#1557=FACE_OUTER_BOUND('',#2269,.T.);
#1558=FACE_OUTER_BOUND('',#2270,.T.);
#1559=FACE_OUTER_BOUND('',#2271,.T.);
#1560=FACE_OUTER_BOUND('',#2272,.T.);
#1561=FACE_OUTER_BOUND('',#2273,.T.);
#1562=FACE_OUTER_BOUND('',#2274,.T.);
#1563=FACE_OUTER_BOUND('',#2275,.T.);
#1564=FACE_OUTER_BOUND('',#2276,.T.);
#1565=FACE_OUTER_BOUND('',#2277,.T.);
#1566=FACE_OUTER_BOUND('',#2278,.T.);
#1567=FACE_OUTER_BOUND('',#2279,.T.);
#1568=FACE_OUTER_BOUND('',#2280,.T.);
#1569=FACE_OUTER_BOUND('',#2281,.T.);
#1570=FACE_OUTER_BOUND('',#2282,.T.);
#1571=FACE_OUTER_BOUND('',#2283,.T.);
#1572=FACE_OUTER_BOUND('',#2284,.T.);
#1573=FACE_OUTER_BOUND('',#2285,.T.);
#1574=FACE_OUTER_BOUND('',#2286,.T.);
#1575=FACE_OUTER_BOUND('',#2287,.T.);
#1576=FACE_OUTER_BOUND('',#2288,.T.);
#1577=FACE_OUTER_BOUND('',#2289,.T.);
#1578=FACE_OUTER_BOUND('',#2290,.T.);
#1579=FACE_OUTER_BOUND('',#2291,.T.);
#1580=FACE_OUTER_BOUND('',#2292,.T.);
#1581=FACE_OUTER_BOUND('',#2293,.T.);
#1582=FACE_OUTER_BOUND('',#2294,.T.);
#1583=FACE_OUTER_BOUND('',#2295,.T.);
#1584=FACE_OUTER_BOUND('',#2296,.T.);
#1585=FACE_OUTER_BOUND('',#2297,.T.);
#1586=FACE_OUTER_BOUND('',#2298,.T.);
#1587=FACE_OUTER_BOUND('',#2299,.T.);
#1588=FACE_OUTER_BOUND('',#2300,.T.);
#1589=FACE_OUTER_BOUND('',#2301,.T.);
#1590=FACE_OUTER_BOUND('',#2302,.T.);
#1591=FACE_OUTER_BOUND('',#2303,.T.);
#1592=FACE_OUTER_BOUND('',#2304,.T.);
#1593=FACE_OUTER_BOUND('',#2305,.T.);
#1594=FACE_OUTER_BOUND('',#2306,.T.);
#1595=FACE_OUTER_BOUND('',#2307,.T.);
#1596=FACE_OUTER_BOUND('',#2308,.T.);
#1597=FACE_OUTER_BOUND('',#2309,.T.);
#1598=FACE_OUTER_BOUND('',#2310,.T.);
#1599=FACE_OUTER_BOUND('',#2311,.T.);
#1600=FACE_OUTER_BOUND('',#2312,.T.);
#1601=FACE_OUTER_BOUND('',#2313,.T.);
#1602=FACE_OUTER_BOUND('',#2314,.T.);
#1603=FACE_OUTER_BOUND('',#2315,.T.);
#1604=FACE_OUTER_BOUND('',#2316,.T.);
#1605=FACE_OUTER_BOUND('',#2317,.T.);
#1606=FACE_OUTER_BOUND('',#2318,.T.);
#1607=FACE_OUTER_BOUND('',#2319,.T.);
#1608=FACE_OUTER_BOUND('',#2320,.T.);
#1609=FACE_OUTER_BOUND('',#2321,.T.);
#1610=FACE_OUTER_BOUND('',#2322,.T.);
#1611=FACE_OUTER_BOUND('',#2323,.T.);
#1612=FACE_OUTER_BOUND('',#2324,.T.);
#1613=FACE_OUTER_BOUND('',#2325,.T.);
#1614=FACE_OUTER_BOUND('',#2326,.T.);
#1615=FACE_OUTER_BOUND('',#2327,.T.);
#1616=FACE_OUTER_BOUND('',#2328,.T.);
#1617=FACE_OUTER_BOUND('',#2329,.T.);
#1618=FACE_OUTER_BOUND('',#2331,.T.);
#1619=FACE_OUTER_BOUND('',#2332,.T.);
#1620=FACE_OUTER_BOUND('',#2333,.T.);
#1621=FACE_OUTER_BOUND('',#2334,.T.);
#1622=FACE_OUTER_BOUND('',#2335,.T.);
#1623=FACE_OUTER_BOUND('',#2337,.T.);
#1624=FACE_OUTER_BOUND('',#2338,.T.);
#1625=FACE_OUTER_BOUND('',#2339,.T.);
#1626=FACE_OUTER_BOUND('',#2340,.T.);
#1627=FACE_OUTER_BOUND('',#2341,.T.);
#1628=FACE_OUTER_BOUND('',#2342,.T.);
#1629=FACE_OUTER_BOUND('',#2343,.T.);
#1630=FACE_OUTER_BOUND('',#2344,.T.);
#1631=FACE_OUTER_BOUND('',#2345,.T.);
#1632=FACE_OUTER_BOUND('',#2346,.T.);
#1633=FACE_OUTER_BOUND('',#2347,.T.);
#1634=FACE_OUTER_BOUND('',#2348,.T.);
#1635=FACE_OUTER_BOUND('',#2349,.T.);
#1636=FACE_OUTER_BOUND('',#2354,.T.);
#1637=FACE_OUTER_BOUND('',#2359,.T.);
#1638=FACE_OUTER_BOUND('',#2360,.T.);
#1639=FACE_OUTER_BOUND('',#2361,.T.);
#1640=FACE_OUTER_BOUND('',#2362,.T.);
#1641=FACE_OUTER_BOUND('',#2363,.T.);
#1642=FACE_OUTER_BOUND('',#2364,.T.);
#1643=FACE_OUTER_BOUND('',#2365,.T.);
#1644=FACE_OUTER_BOUND('',#2366,.T.);
#1645=FACE_OUTER_BOUND('',#2367,.T.);
#1646=FACE_OUTER_BOUND('',#2368,.T.);
#1647=FACE_OUTER_BOUND('',#2369,.T.);
#1648=FACE_OUTER_BOUND('',#2376,.T.);
#1649=FACE_OUTER_BOUND('',#2377,.T.);
#1650=FACE_OUTER_BOUND('',#2378,.T.);
#1651=FACE_OUTER_BOUND('',#2383,.T.);
#1652=FACE_OUTER_BOUND('',#2384,.T.);
#1653=FACE_OUTER_BOUND('',#2392,.T.);
#1654=FACE_OUTER_BOUND('',#2393,.T.);
#1655=FACE_OUTER_BOUND('',#2402,.T.);
#1656=FACE_OUTER_BOUND('',#2403,.T.);
#1657=EDGE_LOOP('',(#8035,#8036,#8037,#8038,#8039));
#1658=EDGE_LOOP('',(#8040,#8041,#8042,#8043,#8044));
#1659=EDGE_LOOP('',(#8045,#8046,#8047,#8048,#8049,#8050,#8051,#8052));
#1660=EDGE_LOOP('',(#8053,#8054,#8055,#8056,#8057,#8058));
#1661=EDGE_LOOP('',(#8059,#8060,#8061,#8062,#8063,#8064,#8065,#8066));
#1662=EDGE_LOOP('',(#8067,#8068,#8069,#8070,#8071,#8072));
#1663=EDGE_LOOP('',(#8073,#8074,#8075,#8076,#8077,#8078,#8079,#8080,#8081,
#8082,#8083,#8084));
#1664=EDGE_LOOP('',(#8085,#8086,#8087,#8088));
#1665=EDGE_LOOP('',(#8089,#8090,#8091,#8092,#8093));
#1666=EDGE_LOOP('',(#8094,#8095,#8096,#8097,#8098));
#1667=EDGE_LOOP('',(#8099,#8100,#8101,#8102));
#1668=EDGE_LOOP('',(#8103,#8104,#8105,#8106));
#1669=EDGE_LOOP('',(#8107,#8108,#8109,#8110));
#1670=EDGE_LOOP('',(#8111,#8112,#8113,#8114));
#1671=EDGE_LOOP('',(#8115,#8116,#8117,#8118));
#1672=EDGE_LOOP('',(#8119,#8120,#8121,#8122));
#1673=EDGE_LOOP('',(#8123,#8124,#8125,#8126));
#1674=EDGE_LOOP('',(#8127,#8128,#8129,#8130,#8131,#8132,#8133,#8134));
#1675=EDGE_LOOP('',(#8135,#8136,#8137,#8138,#8139,#8140,#8141,#8142));
#1676=EDGE_LOOP('',(#8143,#8144,#8145,#8146));
#1677=EDGE_LOOP('',(#8147,#8148,#8149,#8150));
#1678=EDGE_LOOP('',(#8151,#8152,#8153,#8154));
#1679=EDGE_LOOP('',(#8155,#8156,#8157,#8158));
#1680=EDGE_LOOP('',(#8159,#8160,#8161,#8162));
#1681=EDGE_LOOP('',(#8163,#8164,#8165,#8166,#8167,#8168,#8169,#8170));
#1682=EDGE_LOOP('',(#8171,#8172,#8173,#8174,#8175,#8176,#8177,#8178));
#1683=EDGE_LOOP('',(#8179,#8180,#8181,#8182));
#1684=EDGE_LOOP('',(#8183,#8184,#8185,#8186));
#1685=EDGE_LOOP('',(#8187,#8188,#8189,#8190));
#1686=EDGE_LOOP('',(#8191,#8192,#8193,#8194));
#1687=EDGE_LOOP('',(#8195,#8196,#8197,#8198));
#1688=EDGE_LOOP('',(#8199,#8200,#8201,#8202));
#1689=EDGE_LOOP('',(#8203,#8204,#8205,#8206));
#1690=EDGE_LOOP('',(#8207,#8208,#8209,#8210));
#1691=EDGE_LOOP('',(#8211,#8212,#8213,#8214));
#1692=EDGE_LOOP('',(#8215,#8216,#8217,#8218));
#1693=EDGE_LOOP('',(#8219,#8220,#8221,#8222));
#1694=EDGE_LOOP('',(#8223,#8224,#8225,#8226));
#1695=EDGE_LOOP('',(#8227,#8228,#8229,#8230));
#1696=EDGE_LOOP('',(#8231,#8232,#8233,#8234));
#1697=EDGE_LOOP('',(#8235,#8236,#8237,#8238));
#1698=EDGE_LOOP('',(#8239,#8240,#8241,#8242));
#1699=EDGE_LOOP('',(#8243,#8244,#8245,#8246));
#1700=EDGE_LOOP('',(#8247,#8248,#8249,#8250));
#1701=EDGE_LOOP('',(#8251,#8252,#8253,#8254));
#1702=EDGE_LOOP('',(#8255,#8256,#8257,#8258));
#1703=EDGE_LOOP('',(#8259,#8260,#8261,#8262));
#1704=EDGE_LOOP('',(#8263,#8264,#8265,#8266));
#1705=EDGE_LOOP('',(#8267,#8268,#8269,#8270));
#1706=EDGE_LOOP('',(#8271,#8272,#8273,#8274));
#1707=EDGE_LOOP('',(#8275,#8276,#8277,#8278));
#1708=EDGE_LOOP('',(#8279,#8280,#8281,#8282));
#1709=EDGE_LOOP('',(#8283,#8284,#8285,#8286));
#1710=EDGE_LOOP('',(#8287,#8288,#8289,#8290));
#1711=EDGE_LOOP('',(#8291,#8292,#8293,#8294));
#1712=EDGE_LOOP('',(#8295,#8296,#8297,#8298));
#1713=EDGE_LOOP('',(#8299,#8300,#8301,#8302));
#1714=EDGE_LOOP('',(#8303,#8304,#8305,#8306));
#1715=EDGE_LOOP('',(#8307,#8308,#8309,#8310));
#1716=EDGE_LOOP('',(#8311,#8312,#8313,#8314));
#1717=EDGE_LOOP('',(#8315,#8316,#8317,#8318));
#1718=EDGE_LOOP('',(#8319,#8320,#8321,#8322));
#1719=EDGE_LOOP('',(#8323,#8324,#8325,#8326));
#1720=EDGE_LOOP('',(#8327,#8328,#8329,#8330));
#1721=EDGE_LOOP('',(#8331,#8332,#8333,#8334));
#1722=EDGE_LOOP('',(#8335,#8336,#8337,#8338));
#1723=EDGE_LOOP('',(#8339,#8340,#8341,#8342));
#1724=EDGE_LOOP('',(#8343,#8344,#8345,#8346));
#1725=EDGE_LOOP('',(#8347,#8348,#8349,#8350));
#1726=EDGE_LOOP('',(#8351,#8352,#8353,#8354));
#1727=EDGE_LOOP('',(#8355,#8356,#8357,#8358));
#1728=EDGE_LOOP('',(#8359,#8360,#8361,#8362));
#1729=EDGE_LOOP('',(#8363,#8364,#8365,#8366));
#1730=EDGE_LOOP('',(#8367,#8368,#8369,#8370));
#1731=EDGE_LOOP('',(#8371,#8372,#8373,#8374));
#1732=EDGE_LOOP('',(#8375,#8376,#8377,#8378));
#1733=EDGE_LOOP('',(#8379,#8380,#8381,#8382));
#1734=EDGE_LOOP('',(#8383,#8384,#8385,#8386));
#1735=EDGE_LOOP('',(#8387,#8388,#8389,#8390));
#1736=EDGE_LOOP('',(#8391,#8392,#8393,#8394));
#1737=EDGE_LOOP('',(#8395,#8396,#8397,#8398));
#1738=EDGE_LOOP('',(#8399,#8400,#8401,#8402));
#1739=EDGE_LOOP('',(#8403,#8404,#8405,#8406,#8407,#8408));
#1740=EDGE_LOOP('',(#8409,#8410,#8411,#8412,#8413,#8414));
#1741=EDGE_LOOP('',(#8415,#8416,#8417,#8418));
#1742=EDGE_LOOP('',(#8419,#8420,#8421,#8422));
#1743=EDGE_LOOP('',(#8423,#8424,#8425,#8426));
#1744=EDGE_LOOP('',(#8427,#8428,#8429,#8430));
#1745=EDGE_LOOP('',(#8431,#8432,#8433,#8434));
#1746=EDGE_LOOP('',(#8435,#8436,#8437,#8438));
#1747=EDGE_LOOP('',(#8439,#8440,#8441,#8442));
#1748=EDGE_LOOP('',(#8443,#8444,#8445,#8446));
#1749=EDGE_LOOP('',(#8447,#8448,#8449,#8450));
#1750=EDGE_LOOP('',(#8451,#8452,#8453,#8454));
#1751=EDGE_LOOP('',(#8455,#8456,#8457,#8458));
#1752=EDGE_LOOP('',(#8459,#8460,#8461,#8462));
#1753=EDGE_LOOP('',(#8463,#8464,#8465,#8466));
#1754=EDGE_LOOP('',(#8467,#8468,#8469,#8470,#8471,#8472,#8473,#8474,#8475,
#8476));
#1755=EDGE_LOOP('',(#8477,#8478,#8479,#8480));
#1756=EDGE_LOOP('',(#8481,#8482,#8483,#8484));
#1757=EDGE_LOOP('',(#8485,#8486,#8487,#8488));
#1758=EDGE_LOOP('',(#8489,#8490,#8491,#8492));
#1759=EDGE_LOOP('',(#8493,#8494,#8495,#8496,#8497,#8498,#8499));
#1760=EDGE_LOOP('',(#8500,#8501,#8502,#8503,#8504,#8505,#8506));
#1761=EDGE_LOOP('',(#8507,#8508,#8509,#8510,#8511,#8512,#8513,#8514));
#1762=EDGE_LOOP('',(#8515,#8516,#8517,#8518,#8519,#8520,#8521,#8522,#8523,
#8524,#8525,#8526,#8527,#8528,#8529,#8530,#8531,#8532,#8533,#8534,#8535,
#8536,#8537,#8538,#8539,#8540,#8541,#8542,#8543,#8544,#8545,#8546,#8547,
#8548,#8549,#8550,#8551,#8552,#8553,#8554,#8555,#8556,#8557,#8558,#8559,
#8560,#8561,#8562,#8563,#8564,#8565,#8566,#8567,#8568));
#1763=EDGE_LOOP('',(#8569,#8570,#8571,#8572,#8573));
#1764=EDGE_LOOP('',(#8574,#8575,#8576,#8577));
#1765=EDGE_LOOP('',(#8578,#8579,#8580,#8581));
#1766=EDGE_LOOP('',(#8582,#8583,#8584,#8585));
#1767=EDGE_LOOP('',(#8586,#8587,#8588,#8589,#8590));
#1768=EDGE_LOOP('',(#8591,#8592,#8593,#8594,#8595,#8596,#8597,#8598,#8599,
#8600,#8601,#8602,#8603,#8604,#8605,#8606,#8607,#8608,#8609,#8610,#8611,
#8612,#8613,#8614,#8615,#8616,#8617,#8618,#8619,#8620,#8621,#8622,#8623,
#8624,#8625,#8626,#8627,#8628,#8629,#8630,#8631,#8632,#8633,#8634,#8635,
#8636,#8637,#8638,#8639,#8640,#8641,#8642,#8643,#8644,#8645,#8646,#8647,
#8648,#8649,#8650,#8651,#8652,#8653,#8654));
#1769=EDGE_LOOP('',(#8655,#8656,#8657,#8658));
#1770=EDGE_LOOP('',(#8659,#8660,#8661));
#1771=EDGE_LOOP('',(#8662,#8663,#8664,#8665));
#1772=EDGE_LOOP('',(#8666,#8667,#8668,#8669));
#1773=EDGE_LOOP('',(#8670,#8671,#8672,#8673));
#1774=EDGE_LOOP('',(#8674,#8675,#8676,#8677));
#1775=EDGE_LOOP('',(#8678,#8679,#8680,#8681));
#1776=EDGE_LOOP('',(#8682,#8683,#8684));
#1777=EDGE_LOOP('',(#8685,#8686,#8687,#8688));
#1778=EDGE_LOOP('',(#8689,#8690,#8691,#8692));
#1779=EDGE_LOOP('',(#8693,#8694,#8695));
#1780=EDGE_LOOP('',(#8696,#8697,#8698,#8699));
#1781=EDGE_LOOP('',(#8700,#8701,#8702,#8703));
#1782=EDGE_LOOP('',(#8704,#8705,#8706,#8707));
#1783=EDGE_LOOP('',(#8708,#8709,#8710,#8711));
#1784=EDGE_LOOP('',(#8712,#8713,#8714,#8715,#8716,#8717));
#1785=EDGE_LOOP('',(#8718,#8719,#8720));
#1786=EDGE_LOOP('',(#8721,#8722,#8723,#8724));
#1787=EDGE_LOOP('',(#8725,#8726,#8727));
#1788=EDGE_LOOP('',(#8728,#8729,#8730,#8731));
#1789=EDGE_LOOP('',(#8732,#8733,#8734,#8735));
#1790=EDGE_LOOP('',(#8736,#8737,#8738,#8739));
#1791=EDGE_LOOP('',(#8740,#8741,#8742));
#1792=EDGE_LOOP('',(#8743,#8744,#8745,#8746));
#1793=EDGE_LOOP('',(#8747,#8748,#8749,#8750));
#1794=EDGE_LOOP('',(#8751,#8752,#8753,#8754,#8755,#8756));
#1795=EDGE_LOOP('',(#8757,#8758,#8759));
#1796=EDGE_LOOP('',(#8760,#8761,#8762,#8763));
#1797=EDGE_LOOP('',(#8764,#8765,#8766,#8767));
#1798=EDGE_LOOP('',(#8768,#8769,#8770));
#1799=EDGE_LOOP('',(#8771,#8772,#8773,#8774));
#1800=EDGE_LOOP('',(#8775,#8776,#8777,#8778));
#1801=EDGE_LOOP('',(#8779,#8780,#8781,#8782));
#1802=EDGE_LOOP('',(#8783,#8784,#8785,#8786));
#1803=EDGE_LOOP('',(#8787,#8788,#8789,#8790));
#1804=EDGE_LOOP('',(#8791,#8792,#8793,#8794));
#1805=EDGE_LOOP('',(#8795,#8796,#8797,#8798));
#1806=EDGE_LOOP('',(#8799,#8800,#8801,#8802));
#1807=EDGE_LOOP('',(#8803,#8804,#8805,#8806));
#1808=EDGE_LOOP('',(#8807,#8808,#8809,#8810));
#1809=EDGE_LOOP('',(#8811,#8812,#8813,#8814));
#1810=EDGE_LOOP('',(#8815,#8816,#8817,#8818));
#1811=EDGE_LOOP('',(#8819,#8820,#8821,#8822));
#1812=EDGE_LOOP('',(#8823,#8824,#8825,#8826));
#1813=EDGE_LOOP('',(#8827,#8828,#8829,#8830));
#1814=EDGE_LOOP('',(#8831,#8832));
#1815=EDGE_LOOP('',(#8833));
#1816=EDGE_LOOP('',(#8834));
#1817=EDGE_LOOP('',(#8835,#8836));
#1818=EDGE_LOOP('',(#8837,#8838,#8839,#8840,#8841));
#1819=EDGE_LOOP('',(#8842,#8843,#8844,#8845,#8846));
#1820=EDGE_LOOP('',(#8847,#8848,#8849,#8850));
#1821=EDGE_LOOP('',(#8851,#8852,#8853,#8854));
#1822=EDGE_LOOP('',(#8855,#8856,#8857,#8858,#8859));
#1823=EDGE_LOOP('',(#8860,#8861,#8862,#8863,#8864));
#1824=EDGE_LOOP('',(#8865,#8866,#8867,#8868));
#1825=EDGE_LOOP('',(#8869,#8870,#8871,#8872));
#1826=EDGE_LOOP('',(#8873,#8874,#8875,#8876,#8877));
#1827=EDGE_LOOP('',(#8878,#8879,#8880,#8881,#8882));
#1828=EDGE_LOOP('',(#8883,#8884,#8885,#8886));
#1829=EDGE_LOOP('',(#8887,#8888,#8889,#8890));
#1830=EDGE_LOOP('',(#8891,#8892,#8893,#8894,#8895));
#1831=EDGE_LOOP('',(#8896,#8897,#8898,#8899,#8900));
#1832=EDGE_LOOP('',(#8901,#8902,#8903,#8904));
#1833=EDGE_LOOP('',(#8905,#8906,#8907,#8908));
#1834=EDGE_LOOP('',(#8909,#8910,#8911,#8912,#8913));
#1835=EDGE_LOOP('',(#8914,#8915,#8916,#8917,#8918));
#1836=EDGE_LOOP('',(#8919,#8920,#8921,#8922));
#1837=EDGE_LOOP('',(#8923,#8924,#8925,#8926));
#1838=EDGE_LOOP('',(#8927,#8928,#8929,#8930,#8931));
#1839=EDGE_LOOP('',(#8932,#8933,#8934,#8935,#8936));
#1840=EDGE_LOOP('',(#8937,#8938,#8939,#8940));
#1841=EDGE_LOOP('',(#8941,#8942,#8943,#8944));
#1842=EDGE_LOOP('',(#8945,#8946,#8947,#8948,#8949));
#1843=EDGE_LOOP('',(#8950,#8951,#8952,#8953,#8954));
#1844=EDGE_LOOP('',(#8955,#8956,#8957,#8958));
#1845=EDGE_LOOP('',(#8959,#8960,#8961,#8962));
#1846=EDGE_LOOP('',(#8963,#8964,#8965,#8966,#8967));
#1847=EDGE_LOOP('',(#8968,#8969,#8970,#8971,#8972));
#1848=EDGE_LOOP('',(#8973,#8974,#8975,#8976));
#1849=EDGE_LOOP('',(#8977,#8978,#8979,#8980));
#1850=EDGE_LOOP('',(#8981,#8982,#8983,#8984,#8985));
#1851=EDGE_LOOP('',(#8986,#8987,#8988,#8989,#8990));
#1852=EDGE_LOOP('',(#8991,#8992,#8993,#8994));
#1853=EDGE_LOOP('',(#8995,#8996,#8997,#8998));
#1854=EDGE_LOOP('',(#8999,#9000,#9001,#9002,#9003));
#1855=EDGE_LOOP('',(#9004,#9005,#9006,#9007,#9008));
#1856=EDGE_LOOP('',(#9009,#9010,#9011,#9012));
#1857=EDGE_LOOP('',(#9013,#9014,#9015,#9016));
#1858=EDGE_LOOP('',(#9017,#9018,#9019,#9020,#9021));
#1859=EDGE_LOOP('',(#9022,#9023,#9024,#9025,#9026));
#1860=EDGE_LOOP('',(#9027,#9028,#9029,#9030));
#1861=EDGE_LOOP('',(#9031,#9032,#9033,#9034));
#1862=EDGE_LOOP('',(#9035,#9036,#9037,#9038,#9039));
#1863=EDGE_LOOP('',(#9040,#9041,#9042,#9043,#9044));
#1864=EDGE_LOOP('',(#9045,#9046,#9047,#9048));
#1865=EDGE_LOOP('',(#9049,#9050,#9051,#9052));
#1866=EDGE_LOOP('',(#9053,#9054,#9055,#9056));
#1867=EDGE_LOOP('',(#9057,#9058,#9059,#9060));
#1868=EDGE_LOOP('',(#9061,#9062,#9063,#9064));
#1869=EDGE_LOOP('',(#9065,#9066,#9067,#9068));
#1870=EDGE_LOOP('',(#9069,#9070,#9071,#9072));
#1871=EDGE_LOOP('',(#9073,#9074,#9075,#9076));
#1872=EDGE_LOOP('',(#9077,#9078,#9079,#9080));
#1873=EDGE_LOOP('',(#9081,#9082,#9083,#9084));
#1874=EDGE_LOOP('',(#9085,#9086,#9087,#9088));
#1875=EDGE_LOOP('',(#9089,#9090,#9091,#9092));
#1876=EDGE_LOOP('',(#9093,#9094,#9095,#9096));
#1877=EDGE_LOOP('',(#9097,#9098,#9099,#9100));
#1878=EDGE_LOOP('',(#9101,#9102,#9103,#9104));
#1879=EDGE_LOOP('',(#9105,#9106,#9107,#9108));
#1880=EDGE_LOOP('',(#9109,#9110,#9111,#9112));
#1881=EDGE_LOOP('',(#9113,#9114,#9115,#9116));
#1882=EDGE_LOOP('',(#9117,#9118,#9119,#9120));
#1883=EDGE_LOOP('',(#9121,#9122,#9123,#9124));
#1884=EDGE_LOOP('',(#9125,#9126,#9127,#9128));
#1885=EDGE_LOOP('',(#9129,#9130,#9131,#9132));
#1886=EDGE_LOOP('',(#9133,#9134,#9135,#9136));
#1887=EDGE_LOOP('',(#9137,#9138,#9139,#9140));
#1888=EDGE_LOOP('',(#9141,#9142,#9143,#9144));
#1889=EDGE_LOOP('',(#9145,#9146,#9147,#9148));
#1890=EDGE_LOOP('',(#9149,#9150,#9151,#9152));
#1891=EDGE_LOOP('',(#9153,#9154,#9155,#9156));
#1892=EDGE_LOOP('',(#9157,#9158,#9159,#9160));
#1893=EDGE_LOOP('',(#9161,#9162,#9163,#9164));
#1894=EDGE_LOOP('',(#9165,#9166,#9167,#9168));
#1895=EDGE_LOOP('',(#9169,#9170,#9171,#9172));
#1896=EDGE_LOOP('',(#9173,#9174,#9175,#9176));
#1897=EDGE_LOOP('',(#9177,#9178,#9179,#9180));
#1898=EDGE_LOOP('',(#9181,#9182,#9183,#9184));
#1899=EDGE_LOOP('',(#9185,#9186,#9187,#9188));
#1900=EDGE_LOOP('',(#9189,#9190,#9191,#9192));
#1901=EDGE_LOOP('',(#9193,#9194,#9195,#9196));
#1902=EDGE_LOOP('',(#9197,#9198,#9199,#9200));
#1903=EDGE_LOOP('',(#9201,#9202,#9203,#9204));
#1904=EDGE_LOOP('',(#9205,#9206,#9207,#9208));
#1905=EDGE_LOOP('',(#9209,#9210,#9211,#9212));
#1906=EDGE_LOOP('',(#9213,#9214,#9215,#9216));
#1907=EDGE_LOOP('',(#9217,#9218,#9219,#9220));
#1908=EDGE_LOOP('',(#9221,#9222,#9223,#9224));
#1909=EDGE_LOOP('',(#9225,#9226,#9227,#9228));
#1910=EDGE_LOOP('',(#9229,#9230,#9231,#9232));
#1911=EDGE_LOOP('',(#9233,#9234,#9235,#9236));
#1912=EDGE_LOOP('',(#9237,#9238,#9239,#9240));
#1913=EDGE_LOOP('',(#9241,#9242,#9243,#9244));
#1914=EDGE_LOOP('',(#9245,#9246,#9247,#9248));
#1915=EDGE_LOOP('',(#9249,#9250,#9251,#9252));
#1916=EDGE_LOOP('',(#9253,#9254,#9255,#9256));
#1917=EDGE_LOOP('',(#9257,#9258,#9259,#9260));
#1918=EDGE_LOOP('',(#9261,#9262,#9263,#9264));
#1919=EDGE_LOOP('',(#9265,#9266,#9267,#9268));
#1920=EDGE_LOOP('',(#9269,#9270,#9271,#9272));
#1921=EDGE_LOOP('',(#9273,#9274,#9275,#9276));
#1922=EDGE_LOOP('',(#9277,#9278,#9279,#9280));
#1923=EDGE_LOOP('',(#9281,#9282,#9283,#9284));
#1924=EDGE_LOOP('',(#9285,#9286,#9287,#9288));
#1925=EDGE_LOOP('',(#9289,#9290,#9291,#9292));
#1926=EDGE_LOOP('',(#9293,#9294,#9295,#9296));
#1927=EDGE_LOOP('',(#9297,#9298,#9299,#9300));
#1928=EDGE_LOOP('',(#9301,#9302,#9303,#9304));
#1929=EDGE_LOOP('',(#9305,#9306,#9307,#9308));
#1930=EDGE_LOOP('',(#9309,#9310,#9311,#9312));
#1931=EDGE_LOOP('',(#9313,#9314,#9315,#9316));
#1932=EDGE_LOOP('',(#9317,#9318,#9319,#9320));
#1933=EDGE_LOOP('',(#9321,#9322,#9323,#9324));
#1934=EDGE_LOOP('',(#9325,#9326,#9327,#9328));
#1935=EDGE_LOOP('',(#9329,#9330,#9331,#9332));
#1936=EDGE_LOOP('',(#9333,#9334,#9335,#9336));
#1937=EDGE_LOOP('',(#9337,#9338,#9339,#9340));
#1938=EDGE_LOOP('',(#9341,#9342,#9343,#9344,#9345,#9346,#9347,#9348,#9349,
#9350,#9351,#9352,#9353,#9354,#9355,#9356,#9357,#9358,#9359,#9360,#9361,
#9362,#9363));
#1939=EDGE_LOOP('',(#9364,#9365,#9366,#9367,#9368,#9369,#9370,#9371,#9372,
#9373,#9374,#9375,#9376,#9377,#9378,#9379,#9380,#9381,#9382,#9383,#9384,
#9385,#9386));
#1940=EDGE_LOOP('',(#9387,#9388,#9389,#9390));
#1941=EDGE_LOOP('',(#9391,#9392,#9393,#9394));
#1942=EDGE_LOOP('',(#9395,#9396,#9397,#9398,#9399,#9400,#9401,#9402,#9403,
#9404,#9405,#9406,#9407,#9408,#9409,#9410));
#1943=EDGE_LOOP('',(#9411,#9412,#9413,#9414));
#1944=EDGE_LOOP('',(#9415,#9416,#9417,#9418));
#1945=EDGE_LOOP('',(#9419,#9420,#9421,#9422,#9423,#9424,#9425,#9426,#9427,
#9428,#9429,#9430));
#1946=EDGE_LOOP('',(#9431,#9432,#9433,#9434));
#1947=EDGE_LOOP('',(#9435,#9436,#9437,#9438));
#1948=EDGE_LOOP('',(#9439,#9440,#9441,#9442,#9443,#9444,#9445,#9446,#9447,
#9448,#9449,#9450,#9451,#9452,#9453,#9454));
#1949=EDGE_LOOP('',(#9455,#9456,#9457,#9458));
#1950=EDGE_LOOP('',(#9459,#9460,#9461,#9462));
#1951=EDGE_LOOP('',(#9463,#9464,#9465,#9466));
#1952=EDGE_LOOP('',(#9467,#9468,#9469,#9470));
#1953=EDGE_LOOP('',(#9471,#9472,#9473,#9474));
#1954=EDGE_LOOP('',(#9475,#9476,#9477,#9478));
#1955=EDGE_LOOP('',(#9479,#9480,#9481,#9482,#9483,#9484,#9485,#9486,#9487,
#9488,#9489,#9490,#9491,#9492,#9493,#9494,#9495,#9496,#9497,#9498,#9499,
#9500,#9501));
#1956=EDGE_LOOP('',(#9502,#9503,#9504,#9505));
#1957=EDGE_LOOP('',(#9506,#9507,#9508,#9509));
#1958=EDGE_LOOP('',(#9510,#9511,#9512,#9513));
#1959=EDGE_LOOP('',(#9514,#9515,#9516,#9517,#9518,#9519,#9520,#9521));
#1960=EDGE_LOOP('',(#9522,#9523,#9524,#9525,#9526,#9527,#9528,#9529));
#1961=EDGE_LOOP('',(#9530,#9531,#9532,#9533));
#1962=EDGE_LOOP('',(#9534,#9535,#9536,#9537));
#1963=EDGE_LOOP('',(#9538,#9539,#9540,#9541));
#1964=EDGE_LOOP('',(#9542,#9543,#9544,#9545,#9546,#9547,#9548,#9549,#9550,
#9551,#9552,#9553,#9554,#9555,#9556,#9557,#9558,#9559,#9560,#9561,#9562,
#9563,#9564));
#1965=EDGE_LOOP('',(#9565,#9566,#9567,#9568));
#1966=EDGE_LOOP('',(#9569,#9570,#9571,#9572));
#1967=EDGE_LOOP('',(#9573,#9574,#9575,#9576));
#1968=EDGE_LOOP('',(#9577,#9578,#9579,#9580));
#1969=EDGE_LOOP('',(#9581,#9582,#9583,#9584));
#1970=EDGE_LOOP('',(#9585,#9586,#9587,#9588));
#1971=EDGE_LOOP('',(#9589,#9590,#9591,#9592));
#1972=EDGE_LOOP('',(#9593,#9594,#9595,#9596));
#1973=EDGE_LOOP('',(#9597,#9598,#9599,#9600));
#1974=EDGE_LOOP('',(#9601,#9602,#9603,#9604));
#1975=EDGE_LOOP('',(#9605,#9606,#9607,#9608));
#1976=EDGE_LOOP('',(#9609,#9610,#9611,#9612));
#1977=EDGE_LOOP('',(#9613,#9614,#9615,#9616));
#1978=EDGE_LOOP('',(#9617,#9618,#9619,#9620));
#1979=EDGE_LOOP('',(#9621,#9622,#9623,#9624,#9625,#9626,#9627,#9628));
#1980=EDGE_LOOP('',(#9629,#9630,#9631,#9632));
#1981=EDGE_LOOP('',(#9633,#9634,#9635,#9636,#9637,#9638,#9639,#9640));
#1982=EDGE_LOOP('',(#9641,#9642,#9643,#9644,#9645,#9646,#9647,#9648));
#1983=EDGE_LOOP('',(#9649,#9650,#9651,#9652));
#1984=EDGE_LOOP('',(#9653,#9654,#9655,#9656));
#1985=EDGE_LOOP('',(#9657,#9658,#9659,#9660));
#1986=EDGE_LOOP('',(#9661,#9662,#9663,#9664));
#1987=EDGE_LOOP('',(#9665,#9666,#9667,#9668));
#1988=EDGE_LOOP('',(#9669,#9670,#9671,#9672));
#1989=EDGE_LOOP('',(#9673,#9674,#9675,#9676));
#1990=EDGE_LOOP('',(#9677,#9678,#9679,#9680));
#1991=EDGE_LOOP('',(#9681,#9682,#9683,#9684));
#1992=EDGE_LOOP('',(#9685,#9686,#9687,#9688));
#1993=EDGE_LOOP('',(#9689,#9690,#9691,#9692));
#1994=EDGE_LOOP('',(#9693,#9694,#9695,#9696));
#1995=EDGE_LOOP('',(#9697,#9698,#9699,#9700));
#1996=EDGE_LOOP('',(#9701,#9702,#9703,#9704));
#1997=EDGE_LOOP('',(#9705,#9706,#9707,#9708));
#1998=EDGE_LOOP('',(#9709,#9710,#9711,#9712));
#1999=EDGE_LOOP('',(#9713,#9714,#9715,#9716));
#2000=EDGE_LOOP('',(#9717,#9718,#9719,#9720,#9721,#9722,#9723,#9724));
#2001=EDGE_LOOP('',(#9725,#9726,#9727,#9728));
#2002=EDGE_LOOP('',(#9729,#9730,#9731,#9732,#9733,#9734,#9735,#9736));
#2003=EDGE_LOOP('',(#9737,#9738,#9739,#9740,#9741,#9742,#9743,#9744));
#2004=EDGE_LOOP('',(#9745,#9746,#9747,#9748));
#2005=EDGE_LOOP('',(#9749,#9750,#9751,#9752));
#2006=EDGE_LOOP('',(#9753,#9754,#9755,#9756));
#2007=EDGE_LOOP('',(#9757,#9758,#9759,#9760));
#2008=EDGE_LOOP('',(#9761,#9762,#9763,#9764));
#2009=EDGE_LOOP('',(#9765,#9766,#9767,#9768));
#2010=EDGE_LOOP('',(#9769,#9770,#9771,#9772));
#2011=EDGE_LOOP('',(#9773,#9774,#9775,#9776));
#2012=EDGE_LOOP('',(#9777,#9778,#9779,#9780));
#2013=EDGE_LOOP('',(#9781,#9782,#9783,#9784));
#2014=EDGE_LOOP('',(#9785,#9786,#9787,#9788));
#2015=EDGE_LOOP('',(#9789,#9790,#9791,#9792));
#2016=EDGE_LOOP('',(#9793,#9794,#9795,#9796));
#2017=EDGE_LOOP('',(#9797,#9798,#9799,#9800));
#2018=EDGE_LOOP('',(#9801,#9802,#9803,#9804));
#2019=EDGE_LOOP('',(#9805,#9806,#9807,#9808));
#2020=EDGE_LOOP('',(#9809,#9810,#9811,#9812));
#2021=EDGE_LOOP('',(#9813,#9814,#9815,#9816));
#2022=EDGE_LOOP('',(#9817,#9818,#9819,#9820));
#2023=EDGE_LOOP('',(#9821,#9822,#9823,#9824));
#2024=EDGE_LOOP('',(#9825,#9826,#9827,#9828));
#2025=EDGE_LOOP('',(#9829,#9830,#9831,#9832));
#2026=EDGE_LOOP('',(#9833,#9834,#9835,#9836));
#2027=EDGE_LOOP('',(#9837,#9838,#9839,#9840));
#2028=EDGE_LOOP('',(#9841,#9842,#9843,#9844));
#2029=EDGE_LOOP('',(#9845,#9846,#9847,#9848));
#2030=EDGE_LOOP('',(#9849,#9850,#9851,#9852));
#2031=EDGE_LOOP('',(#9853,#9854,#9855,#9856));
#2032=EDGE_LOOP('',(#9857,#9858,#9859,#9860));
#2033=EDGE_LOOP('',(#9861,#9862,#9863,#9864));
#2034=EDGE_LOOP('',(#9865,#9866,#9867,#9868));
#2035=EDGE_LOOP('',(#9869,#9870,#9871,#9872));
#2036=EDGE_LOOP('',(#9873,#9874,#9875,#9876));
#2037=EDGE_LOOP('',(#9877,#9878,#9879,#9880));
#2038=EDGE_LOOP('',(#9881,#9882,#9883,#9884));
#2039=EDGE_LOOP('',(#9885,#9886,#9887,#9888));
#2040=EDGE_LOOP('',(#9889,#9890,#9891,#9892));
#2041=EDGE_LOOP('',(#9893,#9894,#9895,#9896));
#2042=EDGE_LOOP('',(#9897,#9898,#9899,#9900));
#2043=EDGE_LOOP('',(#9901,#9902,#9903,#9904));
#2044=EDGE_LOOP('',(#9905,#9906,#9907,#9908));
#2045=EDGE_LOOP('',(#9909,#9910,#9911,#9912));
#2046=EDGE_LOOP('',(#9913,#9914,#9915,#9916));
#2047=EDGE_LOOP('',(#9917,#9918,#9919,#9920));
#2048=EDGE_LOOP('',(#9921,#9922,#9923,#9924));
#2049=EDGE_LOOP('',(#9925,#9926,#9927,#9928));
#2050=EDGE_LOOP('',(#9929,#9930,#9931,#9932));
#2051=EDGE_LOOP('',(#9933,#9934,#9935,#9936));
#2052=EDGE_LOOP('',(#9937,#9938,#9939,#9940));
#2053=EDGE_LOOP('',(#9941,#9942,#9943,#9944));
#2054=EDGE_LOOP('',(#9945,#9946,#9947,#9948));
#2055=EDGE_LOOP('',(#9949,#9950,#9951,#9952));
#2056=EDGE_LOOP('',(#9953,#9954,#9955,#9956));
#2057=EDGE_LOOP('',(#9957,#9958,#9959,#9960));
#2058=EDGE_LOOP('',(#9961,#9962,#9963,#9964));
#2059=EDGE_LOOP('',(#9965,#9966,#9967,#9968));
#2060=EDGE_LOOP('',(#9969,#9970,#9971,#9972));
#2061=EDGE_LOOP('',(#9973,#9974,#9975,#9976,#9977,#9978,#9979,#9980,#9981,
#9982,#9983));
#2062=EDGE_LOOP('',(#9984,#9985,#9986,#9987,#9988,#9989,#9990,#9991,#9992,
#9993,#9994));
#2063=EDGE_LOOP('',(#9995,#9996,#9997,#9998));
#2064=EDGE_LOOP('',(#9999,#10000,#10001,#10002));
#2065=EDGE_LOOP('',(#10003,#10004,#10005,#10006));
#2066=EDGE_LOOP('',(#10007,#10008,#10009,#10010));
#2067=EDGE_LOOP('',(#10011,#10012,#10013,#10014));
#2068=EDGE_LOOP('',(#10015,#10016,#10017,#10018));
#2069=EDGE_LOOP('',(#10019,#10020,#10021,#10022));
#2070=EDGE_LOOP('',(#10023,#10024,#10025,#10026));
#2071=EDGE_LOOP('',(#10027,#10028,#10029,#10030));
#2072=EDGE_LOOP('',(#10031,#10032,#10033,#10034));
#2073=EDGE_LOOP('',(#10035,#10036,#10037,#10038));
#2074=EDGE_LOOP('',(#10039,#10040,#10041,#10042,#10043,#10044,#10045,#10046,
#10047,#10048,#10049));
#2075=EDGE_LOOP('',(#10050,#10051,#10052,#10053,#10054,#10055,#10056,#10057,
#10058,#10059,#10060));
#2076=EDGE_LOOP('',(#10061,#10062,#10063,#10064));
#2077=EDGE_LOOP('',(#10065,#10066,#10067,#10068));
#2078=EDGE_LOOP('',(#10069,#10070,#10071,#10072));
#2079=EDGE_LOOP('',(#10073,#10074,#10075,#10076));
#2080=EDGE_LOOP('',(#10077,#10078,#10079,#10080));
#2081=EDGE_LOOP('',(#10081,#10082,#10083,#10084));
#2082=EDGE_LOOP('',(#10085,#10086,#10087,#10088));
#2083=EDGE_LOOP('',(#10089,#10090,#10091,#10092));
#2084=EDGE_LOOP('',(#10093,#10094,#10095,#10096));
#2085=EDGE_LOOP('',(#10097,#10098,#10099,#10100));
#2086=EDGE_LOOP('',(#10101,#10102,#10103,#10104));
#2087=EDGE_LOOP('',(#10105,#10106,#10107,#10108,#10109,#10110,#10111,#10112,
#10113,#10114,#10115));
#2088=EDGE_LOOP('',(#10116,#10117,#10118,#10119,#10120,#10121,#10122,#10123,
#10124,#10125,#10126));
#2089=EDGE_LOOP('',(#10127,#10128,#10129,#10130));
#2090=EDGE_LOOP('',(#10131,#10132,#10133,#10134));
#2091=EDGE_LOOP('',(#10135,#10136,#10137,#10138));
#2092=EDGE_LOOP('',(#10139,#10140,#10141,#10142));
#2093=EDGE_LOOP('',(#10143,#10144,#10145,#10146));
#2094=EDGE_LOOP('',(#10147,#10148,#10149,#10150));
#2095=EDGE_LOOP('',(#10151,#10152,#10153,#10154));
#2096=EDGE_LOOP('',(#10155,#10156,#10157,#10158));
#2097=EDGE_LOOP('',(#10159,#10160,#10161,#10162));
#2098=EDGE_LOOP('',(#10163,#10164,#10165,#10166));
#2099=EDGE_LOOP('',(#10167,#10168,#10169,#10170));
#2100=EDGE_LOOP('',(#10171,#10172,#10173,#10174,#10175,#10176,#10177,#10178,
#10179,#10180,#10181));
#2101=EDGE_LOOP('',(#10182,#10183,#10184,#10185,#10186,#10187,#10188,#10189,
#10190,#10191,#10192));
#2102=EDGE_LOOP('',(#10193,#10194,#10195,#10196,#10197));
#2103=EDGE_LOOP('',(#10198,#10199,#10200,#10201,#10202));
#2104=EDGE_LOOP('',(#10203));
#2105=EDGE_LOOP('',(#10204));
#2106=EDGE_LOOP('',(#10205,#10206,#10207,#10208,#10209,#10210,#10211,#10212));
#2107=EDGE_LOOP('',(#10213,#10214,#10215,#10216,#10217));
#2108=EDGE_LOOP('',(#10218,#10219,#10220,#10221));
#2109=EDGE_LOOP('',(#10222,#10223,#10224,#10225,#10226,#10227,#10228,#10229,
#10230,#10231,#10232,#10233));
#2110=EDGE_LOOP('',(#10234,#10235,#10236,#10237));
#2111=EDGE_LOOP('',(#10238,#10239,#10240,#10241,#10242));
#2112=EDGE_LOOP('',(#10243,#10244,#10245,#10246));
#2113=EDGE_LOOP('',(#10247,#10248,#10249,#10250,#10251,#10252,#10253,#10254));
#2114=EDGE_LOOP('',(#10255,#10256,#10257,#10258));
#2115=EDGE_LOOP('',(#10259,#10260,#10261,#10262));
#2116=EDGE_LOOP('',(#10263,#10264,#10265,#10266,#10267,#10268,#10269,#10270));
#2117=EDGE_LOOP('',(#10271,#10272,#10273,#10274));
#2118=EDGE_LOOP('',(#10275,#10276,#10277,#10278,#10279,#10280,#10281,#10282));
#2119=EDGE_LOOP('',(#10283,#10284,#10285,#10286));
#2120=EDGE_LOOP('',(#10287,#10288,#10289,#10290));
#2121=EDGE_LOOP('',(#10291,#10292,#10293,#10294,#10295,#10296,#10297,#10298));
#2122=EDGE_LOOP('',(#10299,#10300,#10301,#10302));
#2123=EDGE_LOOP('',(#10303,#10304,#10305,#10306));
#2124=EDGE_LOOP('',(#10307,#10308,#10309,#10310));
#2125=EDGE_LOOP('',(#10311,#10312,#10313,#10314));
#2126=EDGE_LOOP('',(#10315,#10316,#10317,#10318,#10319));
#2127=EDGE_LOOP('',(#10320,#10321,#10322,#10323,#10324));
#2128=EDGE_LOOP('',(#10325,#10326,#10327,#10328));
#2129=EDGE_LOOP('',(#10329,#10330,#10331,#10332));
#2130=EDGE_LOOP('',(#10333,#10334,#10335,#10336));
#2131=EDGE_LOOP('',(#10337,#10338,#10339,#10340));
#2132=EDGE_LOOP('',(#10341,#10342,#10343,#10344));
#2133=EDGE_LOOP('',(#10345,#10346,#10347,#10348));
#2134=EDGE_LOOP('',(#10349,#10350,#10351,#10352));
#2135=EDGE_LOOP('',(#10353,#10354,#10355,#10356));
#2136=EDGE_LOOP('',(#10357,#10358,#10359,#10360));
#2137=EDGE_LOOP('',(#10361,#10362,#10363,#10364));
#2138=EDGE_LOOP('',(#10365,#10366,#10367,#10368));
#2139=EDGE_LOOP('',(#10369,#10370,#10371,#10372));
#2140=EDGE_LOOP('',(#10373,#10374,#10375,#10376));
#2141=EDGE_LOOP('',(#10377,#10378,#10379,#10380));
#2142=EDGE_LOOP('',(#10381,#10382,#10383,#10384));
#2143=EDGE_LOOP('',(#10385,#10386,#10387,#10388));
#2144=EDGE_LOOP('',(#10389,#10390,#10391,#10392));
#2145=EDGE_LOOP('',(#10393,#10394,#10395,#10396));
#2146=EDGE_LOOP('',(#10397,#10398,#10399,#10400));
#2147=EDGE_LOOP('',(#10401,#10402,#10403,#10404));
#2148=EDGE_LOOP('',(#10405,#10406,#10407,#10408));
#2149=EDGE_LOOP('',(#10409,#10410,#10411,#10412));
#2150=EDGE_LOOP('',(#10413,#10414,#10415,#10416));
#2151=EDGE_LOOP('',(#10417,#10418,#10419,#10420));
#2152=EDGE_LOOP('',(#10421,#10422,#10423,#10424));
#2153=EDGE_LOOP('',(#10425,#10426,#10427,#10428,#10429,#10430,#10431,#10432,
#10433,#10434,#10435,#10436,#10437,#10438,#10439,#10440,#10441,#10442,#10443,
#10444,#10445,#10446,#10447,#10448));
#2154=EDGE_LOOP('',(#10449));
#2155=EDGE_LOOP('',(#10450,#10451,#10452,#10453,#10454,#10455,#10456,#10457,
#10458,#10459,#10460,#10461,#10462,#10463,#10464,#10465,#10466,#10467,#10468,
#10469,#10470,#10471,#10472,#10473));
#2156=EDGE_LOOP('',(#10474));
#2157=EDGE_LOOP('',(#10475,#10476,#10477,#10478));
#2158=EDGE_LOOP('',(#10479,#10480,#10481,#10482));
#2159=EDGE_LOOP('',(#10483));
#2160=EDGE_LOOP('',(#10484));
#2161=EDGE_LOOP('',(#10485,#10486,#10487,#10488,#10489));
#2162=EDGE_LOOP('',(#10490,#10491,#10492,#10493,#10494));
#2163=EDGE_LOOP('',(#10495));
#2164=EDGE_LOOP('',(#10496));
#2165=EDGE_LOOP('',(#10497,#10498,#10499,#10500,#10501));
#2166=EDGE_LOOP('',(#10502,#10503,#10504,#10505,#10506));
#2167=EDGE_LOOP('',(#10507));
#2168=EDGE_LOOP('',(#10508));
#2169=EDGE_LOOP('',(#10509,#10510,#10511,#10512,#10513));
#2170=EDGE_LOOP('',(#10514,#10515,#10516,#10517,#10518));
#2171=EDGE_LOOP('',(#10519));
#2172=EDGE_LOOP('',(#10520));
#2173=EDGE_LOOP('',(#10521,#10522,#10523,#10524));
#2174=EDGE_LOOP('',(#10525,#10526,#10527,#10528));
#2175=EDGE_LOOP('',(#10529,#10530,#10531,#10532));
#2176=EDGE_LOOP('',(#10533,#10534,#10535,#10536,#10537,#10538,#10539,#10540));
#2177=EDGE_LOOP('',(#10541,#10542,#10543,#10544,#10545,#10546));
#2178=EDGE_LOOP('',(#10547));
#2179=EDGE_LOOP('',(#10548));
#2180=EDGE_LOOP('',(#10549,#10550,#10551,#10552));
#2181=EDGE_LOOP('',(#10553,#10554,#10555,#10556));
#2182=EDGE_LOOP('',(#10557));
#2183=EDGE_LOOP('',(#10558));
#2184=EDGE_LOOP('',(#10559,#10560,#10561,#10562));
#2185=EDGE_LOOP('',(#10563,#10564,#10565,#10566));
#2186=EDGE_LOOP('',(#10567,#10568,#10569,#10570,#10571,#10572));
#2187=EDGE_LOOP('',(#10573,#10574,#10575,#10576,#10577,#10578,#10579,#10580));
#2188=EDGE_LOOP('',(#10581,#10582,#10583,#10584,#10585,#10586));
#2189=EDGE_LOOP('',(#10587));
#2190=EDGE_LOOP('',(#10588));
#2191=EDGE_LOOP('',(#10589,#10590,#10591,#10592));
#2192=EDGE_LOOP('',(#10593,#10594,#10595,#10596));
#2193=EDGE_LOOP('',(#10597));
#2194=EDGE_LOOP('',(#10598));
#2195=EDGE_LOOP('',(#10599,#10600,#10601,#10602));
#2196=EDGE_LOOP('',(#10603,#10604,#10605,#10606));
#2197=EDGE_LOOP('',(#10607,#10608,#10609,#10610,#10611,#10612));
#2198=EDGE_LOOP('',(#10613,#10614,#10615,#10616));
#2199=EDGE_LOOP('',(#10617,#10618,#10619,#10620));
#2200=EDGE_LOOP('',(#10621,#10622,#10623,#10624));
#2201=EDGE_LOOP('',(#10625,#10626,#10627,#10628));
#2202=EDGE_LOOP('',(#10629,#10630,#10631,#10632));
#2203=EDGE_LOOP('',(#10633,#10634,#10635,#10636));
#2204=EDGE_LOOP('',(#10637,#10638,#10639,#10640));
#2205=EDGE_LOOP('',(#10641,#10642,#10643,#10644));
#2206=EDGE_LOOP('',(#10645,#10646,#10647,#10648));
#2207=EDGE_LOOP('',(#10649,#10650,#10651,#10652));
#2208=EDGE_LOOP('',(#10653,#10654,#10655,#10656));
#2209=EDGE_LOOP('',(#10657,#10658,#10659,#10660));
#2210=EDGE_LOOP('',(#10661,#10662,#10663,#10664));
#2211=EDGE_LOOP('',(#10665,#10666,#10667,#10668));
#2212=EDGE_LOOP('',(#10669,#10670,#10671,#10672));
#2213=EDGE_LOOP('',(#10673,#10674,#10675,#10676));
#2214=EDGE_LOOP('',(#10677,#10678,#10679,#10680));
#2215=EDGE_LOOP('',(#10681,#10682,#10683,#10684));
#2216=EDGE_LOOP('',(#10685,#10686,#10687,#10688));
#2217=EDGE_LOOP('',(#10689,#10690,#10691,#10692));
#2218=EDGE_LOOP('',(#10693,#10694,#10695,#10696));
#2219=EDGE_LOOP('',(#10697,#10698,#10699,#10700));
#2220=EDGE_LOOP('',(#10701,#10702,#10703,#10704));
#2221=EDGE_LOOP('',(#10705,#10706,#10707,#10708));
#2222=EDGE_LOOP('',(#10709,#10710,#10711,#10712));
#2223=EDGE_LOOP('',(#10713,#10714,#10715,#10716));
#2224=EDGE_LOOP('',(#10717,#10718,#10719,#10720));
#2225=EDGE_LOOP('',(#10721,#10722,#10723,#10724));
#2226=EDGE_LOOP('',(#10725,#10726,#10727,#10728));
#2227=EDGE_LOOP('',(#10729,#10730,#10731,#10732));
#2228=EDGE_LOOP('',(#10733,#10734,#10735,#10736));
#2229=EDGE_LOOP('',(#10737,#10738,#10739,#10740));
#2230=EDGE_LOOP('',(#10741,#10742,#10743,#10744));
#2231=EDGE_LOOP('',(#10745,#10746,#10747,#10748));
#2232=EDGE_LOOP('',(#10749,#10750,#10751,#10752));
#2233=EDGE_LOOP('',(#10753,#10754,#10755,#10756));
#2234=EDGE_LOOP('',(#10757,#10758,#10759,#10760));
#2235=EDGE_LOOP('',(#10761,#10762,#10763,#10764,#10765,#10766,#10767,#10768));
#2236=EDGE_LOOP('',(#10769,#10770,#10771,#10772));
#2237=EDGE_LOOP('',(#10773,#10774,#10775,#10776));
#2238=EDGE_LOOP('',(#10777,#10778,#10779,#10780));
#2239=EDGE_LOOP('',(#10781,#10782,#10783,#10784));
#2240=EDGE_LOOP('',(#10785,#10786,#10787,#10788));
#2241=EDGE_LOOP('',(#10789,#10790,#10791,#10792));
#2242=EDGE_LOOP('',(#10793,#10794,#10795,#10796));
#2243=EDGE_LOOP('',(#10797,#10798,#10799,#10800));
#2244=EDGE_LOOP('',(#10801,#10802,#10803,#10804));
#2245=EDGE_LOOP('',(#10805));
#2246=EDGE_LOOP('',(#10806,#10807,#10808,#10809));
#2247=EDGE_LOOP('',(#10810));
#2248=EDGE_LOOP('',(#10811,#10812,#10813,#10814));
#2249=EDGE_LOOP('',(#10815,#10816,#10817,#10818));
#2250=EDGE_LOOP('',(#10819,#10820,#10821,#10822));
#2251=EDGE_LOOP('',(#10823,#10824,#10825,#10826));
#2252=EDGE_LOOP('',(#10827,#10828,#10829,#10830));
#2253=EDGE_LOOP('',(#10831,#10832,#10833,#10834));
#2254=EDGE_LOOP('',(#10835,#10836,#10837,#10838));
#2255=EDGE_LOOP('',(#10839,#10840,#10841,#10842));
#2256=EDGE_LOOP('',(#10843,#10844,#10845,#10846));
#2257=EDGE_LOOP('',(#10847,#10848,#10849,#10850));
#2258=EDGE_LOOP('',(#10851,#10852,#10853,#10854));
#2259=EDGE_LOOP('',(#10855,#10856,#10857,#10858));
#2260=EDGE_LOOP('',(#10859,#10860,#10861,#10862));
#2261=EDGE_LOOP('',(#10863,#10864,#10865,#10866));
#2262=EDGE_LOOP('',(#10867,#10868,#10869,#10870));
#2263=EDGE_LOOP('',(#10871,#10872,#10873,#10874));
#2264=EDGE_LOOP('',(#10875,#10876,#10877,#10878));
#2265=EDGE_LOOP('',(#10879,#10880,#10881,#10882));
#2266=EDGE_LOOP('',(#10883,#10884,#10885,#10886));
#2267=EDGE_LOOP('',(#10887,#10888,#10889,#10890));
#2268=EDGE_LOOP('',(#10891,#10892,#10893,#10894));
#2269=EDGE_LOOP('',(#10895,#10896,#10897,#10898));
#2270=EDGE_LOOP('',(#10899,#10900,#10901,#10902));
#2271=EDGE_LOOP('',(#10903,#10904,#10905,#10906));
#2272=EDGE_LOOP('',(#10907,#10908,#10909,#10910));
#2273=EDGE_LOOP('',(#10911,#10912,#10913,#10914));
#2274=EDGE_LOOP('',(#10915,#10916,#10917,#10918));
#2275=EDGE_LOOP('',(#10919,#10920,#10921,#10922));
#2276=EDGE_LOOP('',(#10923,#10924,#10925,#10926));
#2277=EDGE_LOOP('',(#10927,#10928,#10929,#10930));
#2278=EDGE_LOOP('',(#10931,#10932,#10933,#10934));
#2279=EDGE_LOOP('',(#10935,#10936,#10937,#10938));
#2280=EDGE_LOOP('',(#10939,#10940,#10941,#10942));
#2281=EDGE_LOOP('',(#10943,#10944,#10945,#10946));
#2282=EDGE_LOOP('',(#10947,#10948,#10949,#10950));
#2283=EDGE_LOOP('',(#10951,#10952,#10953,#10954));
#2284=EDGE_LOOP('',(#10955,#10956,#10957,#10958));
#2285=EDGE_LOOP('',(#10959,#10960,#10961,#10962));
#2286=EDGE_LOOP('',(#10963,#10964,#10965,#10966));
#2287=EDGE_LOOP('',(#10967,#10968,#10969,#10970));
#2288=EDGE_LOOP('',(#10971,#10972,#10973,#10974));
#2289=EDGE_LOOP('',(#10975,#10976,#10977,#10978));
#2290=EDGE_LOOP('',(#10979,#10980,#10981,#10982));
#2291=EDGE_LOOP('',(#10983,#10984,#10985,#10986));
#2292=EDGE_LOOP('',(#10987,#10988,#10989,#10990));
#2293=EDGE_LOOP('',(#10991,#10992,#10993,#10994));
#2294=EDGE_LOOP('',(#10995,#10996,#10997,#10998));
#2295=EDGE_LOOP('',(#10999,#11000,#11001,#11002));
#2296=EDGE_LOOP('',(#11003,#11004,#11005,#11006));
#2297=EDGE_LOOP('',(#11007,#11008,#11009,#11010));
#2298=EDGE_LOOP('',(#11011,#11012,#11013,#11014));
#2299=EDGE_LOOP('',(#11015,#11016,#11017,#11018));
#2300=EDGE_LOOP('',(#11019,#11020,#11021,#11022));
#2301=EDGE_LOOP('',(#11023,#11024,#11025,#11026));
#2302=EDGE_LOOP('',(#11027,#11028,#11029,#11030));
#2303=EDGE_LOOP('',(#11031,#11032,#11033,#11034));
#2304=EDGE_LOOP('',(#11035,#11036,#11037,#11038));
#2305=EDGE_LOOP('',(#11039,#11040,#11041,#11042));
#2306=EDGE_LOOP('',(#11043,#11044,#11045,#11046));
#2307=EDGE_LOOP('',(#11047,#11048,#11049,#11050));
#2308=EDGE_LOOP('',(#11051,#11052,#11053,#11054));
#2309=EDGE_LOOP('',(#11055,#11056,#11057,#11058));
#2310=EDGE_LOOP('',(#11059,#11060,#11061,#11062));
#2311=EDGE_LOOP('',(#11063,#11064,#11065,#11066));
#2312=EDGE_LOOP('',(#11067,#11068,#11069,#11070));
#2313=EDGE_LOOP('',(#11071,#11072,#11073,#11074));
#2314=EDGE_LOOP('',(#11075,#11076,#11077,#11078));
#2315=EDGE_LOOP('',(#11079,#11080,#11081,#11082));
#2316=EDGE_LOOP('',(#11083,#11084,#11085,#11086));
#2317=EDGE_LOOP('',(#11087,#11088,#11089,#11090));
#2318=EDGE_LOOP('',(#11091,#11092,#11093,#11094));
#2319=EDGE_LOOP('',(#11095,#11096,#11097,#11098));
#2320=EDGE_LOOP('',(#11099,#11100,#11101,#11102));
#2321=EDGE_LOOP('',(#11103,#11104,#11105,#11106));
#2322=EDGE_LOOP('',(#11107,#11108,#11109,#11110));
#2323=EDGE_LOOP('',(#11111,#11112,#11113,#11114));
#2324=EDGE_LOOP('',(#11115,#11116,#11117,#11118));
#2325=EDGE_LOOP('',(#11119,#11120,#11121,#11122));
#2326=EDGE_LOOP('',(#11123,#11124,#11125,#11126));
#2327=EDGE_LOOP('',(#11127,#11128,#11129,#11130));
#2328=EDGE_LOOP('',(#11131,#11132,#11133,#11134));
#2329=EDGE_LOOP('',(#11135,#11136,#11137,#11138,#11139,#11140,#11141,#11142));
#2330=EDGE_LOOP('',(#11143,#11144,#11145,#11146,#11147,#11148,#11149,#11150));
#2331=EDGE_LOOP('',(#11151,#11152,#11153,#11154));
#2332=EDGE_LOOP('',(#11155,#11156,#11157,#11158));
#2333=EDGE_LOOP('',(#11159,#11160,#11161,#11162));
#2334=EDGE_LOOP('',(#11163,#11164,#11165,#11166));
#2335=EDGE_LOOP('',(#11167,#11168,#11169,#11170,#11171,#11172,#11173,#11174));
#2336=EDGE_LOOP('',(#11175,#11176,#11177,#11178,#11179,#11180,#11181,#11182,
#11183,#11184,#11185,#11186));
#2337=EDGE_LOOP('',(#11187,#11188,#11189,#11190,#11191,#11192,#11193,#11194,
#11195));
#2338=EDGE_LOOP('',(#11196,#11197,#11198,#11199));
#2339=EDGE_LOOP('',(#11200,#11201,#11202,#11203));
#2340=EDGE_LOOP('',(#11204,#11205,#11206,#11207));
#2341=EDGE_LOOP('',(#11208,#11209,#11210,#11211));
#2342=EDGE_LOOP('',(#11212,#11213,#11214,#11215));
#2343=EDGE_LOOP('',(#11216,#11217,#11218,#11219));
#2344=EDGE_LOOP('',(#11220,#11221,#11222,#11223,#11224,#11225,#11226,#11227,
#11228));
#2345=EDGE_LOOP('',(#11229,#11230,#11231,#11232));
#2346=EDGE_LOOP('',(#11233,#11234,#11235,#11236));
#2347=EDGE_LOOP('',(#11237,#11238,#11239,#11240));
#2348=EDGE_LOOP('',(#11241,#11242,#11243,#11244));
#2349=EDGE_LOOP('',(#11245,#11246,#11247,#11248));
#2350=EDGE_LOOP('',(#11249,#11250,#11251,#11252));
#2351=EDGE_LOOP('',(#11253,#11254,#11255,#11256));
#2352=EDGE_LOOP('',(#11257,#11258,#11259,#11260));
#2353=EDGE_LOOP('',(#11261,#11262,#11263,#11264));
#2354=EDGE_LOOP('',(#11265,#11266,#11267,#11268));
#2355=EDGE_LOOP('',(#11269,#11270,#11271,#11272));
#2356=EDGE_LOOP('',(#11273,#11274,#11275,#11276));
#2357=EDGE_LOOP('',(#11277,#11278,#11279,#11280));
#2358=EDGE_LOOP('',(#11281,#11282,#11283,#11284));
#2359=EDGE_LOOP('',(#11285,#11286,#11287,#11288));
#2360=EDGE_LOOP('',(#11289,#11290,#11291,#11292));
#2361=EDGE_LOOP('',(#11293,#11294,#11295,#11296,#11297,#11298,#11299,#11300));
#2362=EDGE_LOOP('',(#11301,#11302,#11303,#11304,#11305,#11306,#11307,#11308));
#2363=EDGE_LOOP('',(#11309,#11310,#11311,#11312));
#2364=EDGE_LOOP('',(#11313,#11314,#11315,#11316));
#2365=EDGE_LOOP('',(#11317,#11318,#11319,#11320));
#2366=EDGE_LOOP('',(#11321,#11322,#11323,#11324));
#2367=EDGE_LOOP('',(#11325,#11326,#11327,#11328,#11329,#11330,#11331,#11332));
#2368=EDGE_LOOP('',(#11333,#11334,#11335,#11336));
#2369=EDGE_LOOP('',(#11337,#11338,#11339,#11340));
#2370=EDGE_LOOP('',(#11341,#11342,#11343,#11344,#11345,#11346,#11347,#11348));
#2371=EDGE_LOOP('',(#11349,#11350,#11351,#11352));
#2372=EDGE_LOOP('',(#11353,#11354,#11355,#11356));
#2373=EDGE_LOOP('',(#11357,#11358,#11359,#11360));
#2374=EDGE_LOOP('',(#11361,#11362,#11363,#11364));
#2375=EDGE_LOOP('',(#11365,#11366,#11367,#11368));
#2376=EDGE_LOOP('',(#11369,#11370,#11371,#11372));
#2377=EDGE_LOOP('',(#11373,#11374,#11375,#11376));
#2378=EDGE_LOOP('',(#11377,#11378,#11379,#11380));
#2379=EDGE_LOOP('',(#11381,#11382,#11383,#11384));
#2380=EDGE_LOOP('',(#11385,#11386,#11387,#11388));
#2381=EDGE_LOOP('',(#11389,#11390,#11391,#11392));
#2382=EDGE_LOOP('',(#11393,#11394,#11395,#11396));
#2383=EDGE_LOOP('',(#11397,#11398,#11399,#11400));
#2384=EDGE_LOOP('',(#11401,#11402,#11403,#11404));
#2385=EDGE_LOOP('',(#11405,#11406,#11407,#11408,#11409,#11410,#11411,#11412));
#2386=EDGE_LOOP('',(#11413,#11414,#11415,#11416));
#2387=EDGE_LOOP('',(#11417,#11418,#11419,#11420));
#2388=EDGE_LOOP('',(#11421,#11422,#11423,#11424));
#2389=EDGE_LOOP('',(#11425,#11426,#11427,#11428));
#2390=EDGE_LOOP('',(#11429,#11430,#11431,#11432));
#2391=EDGE_LOOP('',(#11433,#11434,#11435,#11436));
#2392=EDGE_LOOP('',(#11437,#11438,#11439,#11440));
#2393=EDGE_LOOP('',(#11441,#11442,#11443,#11444));
#2394=EDGE_LOOP('',(#11445,#11446,#11447,#11448));
#2395=EDGE_LOOP('',(#11449,#11450,#11451,#11452));
#2396=EDGE_LOOP('',(#11453,#11454,#11455,#11456));
#2397=EDGE_LOOP('',(#11457,#11458,#11459,#11460));
#2398=EDGE_LOOP('',(#11461,#11462,#11463,#11464));
#2399=EDGE_LOOP('',(#11465,#11466,#11467,#11468));
#2400=EDGE_LOOP('',(#11469,#11470,#11471,#11472));
#2401=EDGE_LOOP('',(#11473,#11474,#11475,#11476));
#2402=EDGE_LOOP('',(#11477,#11478,#11479,#11480));
#2403=EDGE_LOOP('',(#11481,#11482,#11483,#11484,#11485,#11486,#11487,#11488,
#11489,#11490,#11491,#11492,#11493,#11494,#11495,#11496));
#2404=EDGE_LOOP('',(#11497));
#2405=EDGE_LOOP('',(#11498));
#2406=LINE('',#17203,#3790);
#2407=LINE('',#17205,#3791);
#2408=LINE('',#17207,#3792);
#2409=LINE('',#17209,#3793);
#2410=LINE('',#17210,#3794);
#2411=LINE('',#17214,#3795);
#2412=LINE('',#17216,#3796);
#2413=LINE('',#17218,#3797);
#2414=LINE('',#17220,#3798);
#2415=LINE('',#17221,#3799);
#2416=LINE('',#17225,#3800);
#2417=LINE('',#17227,#3801);
#2418=LINE('',#17229,#3802);
#2419=LINE('',#17231,#3803);
#2420=LINE('',#17233,#3804);
#2421=LINE('',#17234,#3805);
#2422=LINE('',#17235,#3806);
#2423=LINE('',#17237,#3807);
#2424=LINE('',#17239,#3808);
#2425=LINE('',#17240,#3809);
#2426=LINE('',#17244,#3810);
#2427=LINE('',#17246,#3811);
#2428=LINE('',#17248,#3812);
#2429=LINE('',#17249,#3813);
#2430=LINE('',#17251,#3814);
#2431=LINE('',#17252,#3815);
#2432=LINE('',#17255,#3816);
#2433=LINE('',#17257,#3817);
#2434=LINE('',#17258,#3818);
#2435=LINE('',#17259,#3819);
#2436=LINE('',#17263,#3820);
#2437=LINE('',#17265,#3821);
#2438=LINE('',#17267,#3822);
#2439=LINE('',#17269,#3823);
#2440=LINE('',#17271,#3824);
#2441=LINE('',#17273,#3825);
#2442=LINE('',#17275,#3826);
#2443=LINE('',#17276,#3827);
#2444=LINE('',#17277,#3828);
#2445=LINE('',#17278,#3829);
#2446=LINE('',#17281,#3830);
#2447=LINE('',#17282,#3831);
#2448=LINE('',#17284,#3832);
#2449=LINE('',#17285,#3833);
#2450=LINE('',#17290,#3834);
#2451=LINE('',#17292,#3835);
#2452=LINE('',#17293,#3836);
#2453=LINE('',#17296,#3837);
#2454=LINE('',#17298,#3838);
#2455=LINE('',#17299,#3839);
#2456=LINE('',#17302,#3840);
#2457=LINE('',#17304,#3841);
#2458=LINE('',#17305,#3842);
#2459=LINE('',#17308,#3843);
#2460=LINE('',#17310,#3844);
#2461=LINE('',#17311,#3845);
#2462=LINE('',#17313,#3846);
#2463=LINE('',#17314,#3847);
#2464=LINE('',#17319,#3848);
#2465=LINE('',#17321,#3849);
#2466=LINE('',#17322,#3850);
#2467=LINE('',#17325,#3851);
#2468=LINE('',#17327,#3852);
#2469=LINE('',#17328,#3853);
#2470=LINE('',#17331,#3854);
#2471=LINE('',#17333,#3855);
#2472=LINE('',#17334,#3856);
#2473=LINE('',#17337,#3857);
#2474=LINE('',#17339,#3858);
#2475=LINE('',#17340,#3859);
#2476=LINE('',#17342,#3860);
#2477=LINE('',#17343,#3861);
#2478=LINE('',#17351,#3862);
#2479=LINE('',#17354,#3863);
#2480=LINE('',#17357,#3864);
#2481=LINE('',#17359,#3865);
#2482=LINE('',#17360,#3866);
#2483=LINE('',#17365,#3867);
#2484=LINE('',#17368,#3868);
#2485=LINE('',#17369,#3869);
#2486=LINE('',#17377,#3870);
#2487=LINE('',#17380,#3871);
#2488=LINE('',#17383,#3872);
#2489=LINE('',#17385,#3873);
#2490=LINE('',#17386,#3874);
#2491=LINE('',#17391,#3875);
#2492=LINE('',#17394,#3876);
#2493=LINE('',#17395,#3877);
#2494=LINE('',#17403,#3878);
#2495=LINE('',#17406,#3879);
#2496=LINE('',#17409,#3880);
#2497=LINE('',#17411,#3881);
#2498=LINE('',#17412,#3882);
#2499=LINE('',#17417,#3883);
#2500=LINE('',#17420,#3884);
#2501=LINE('',#17421,#3885);
#2502=LINE('',#17429,#3886);
#2503=LINE('',#17432,#3887);
#2504=LINE('',#17435,#3888);
#2505=LINE('',#17437,#3889);
#2506=LINE('',#17438,#3890);
#2507=LINE('',#17443,#3891);
#2508=LINE('',#17446,#3892);
#2509=LINE('',#17447,#3893);
#2510=LINE('',#17455,#3894);
#2511=LINE('',#17458,#3895);
#2512=LINE('',#17461,#3896);
#2513=LINE('',#17463,#3897);
#2514=LINE('',#17464,#3898);
#2515=LINE('',#17469,#3899);
#2516=LINE('',#17472,#3900);
#2517=LINE('',#17473,#3901);
#2518=LINE('',#17481,#3902);
#2519=LINE('',#17484,#3903);
#2520=LINE('',#17487,#3904);
#2521=LINE('',#17489,#3905);
#2522=LINE('',#17490,#3906);
#2523=LINE('',#17495,#3907);
#2524=LINE('',#17498,#3908);
#2525=LINE('',#17499,#3909);
#2526=LINE('',#17507,#3910);
#2527=LINE('',#17510,#3911);
#2528=LINE('',#17513,#3912);
#2529=LINE('',#17515,#3913);
#2530=LINE('',#17516,#3914);
#2531=LINE('',#17521,#3915);
#2532=LINE('',#17524,#3916);
#2533=LINE('',#17525,#3917);
#2534=LINE('',#17533,#3918);
#2535=LINE('',#17536,#3919);
#2536=LINE('',#17539,#3920);
#2537=LINE('',#17541,#3921);
#2538=LINE('',#17542,#3922);
#2539=LINE('',#17547,#3923);
#2540=LINE('',#17550,#3924);
#2541=LINE('',#17551,#3925);
#2542=LINE('',#17559,#3926);
#2543=LINE('',#17562,#3927);
#2544=LINE('',#17565,#3928);
#2545=LINE('',#17567,#3929);
#2546=LINE('',#17568,#3930);
#2547=LINE('',#17573,#3931);
#2548=LINE('',#17576,#3932);
#2549=LINE('',#17577,#3933);
#2550=LINE('',#17584,#3934);
#2551=LINE('',#17590,#3935);
#2552=LINE('',#17596,#3936);
#2553=LINE('',#17604,#3937);
#2554=LINE('',#17613,#3938);
#2555=LINE('',#17616,#3939);
#2556=LINE('',#17622,#3940);
#2557=LINE('',#17625,#3941);
#2558=LINE('',#17631,#3942);
#2559=LINE('',#17634,#3943);
#2560=LINE('',#17640,#3944);
#2561=LINE('',#17643,#3945);
#2562=LINE('',#17649,#3946);
#2563=LINE('',#17652,#3947);
#2564=LINE('',#17658,#3948);
#2565=LINE('',#17661,#3949);
#2566=LINE('',#17667,#3950);
#2567=LINE('',#17670,#3951);
#2568=LINE('',#17676,#3952);
#2569=LINE('',#17679,#3953);
#2570=LINE('',#17685,#3954);
#2571=LINE('',#17688,#3955);
#2572=LINE('',#17694,#3956);
#2573=LINE('',#17697,#3957);
#2574=LINE('',#17703,#3958);
#2575=LINE('',#17706,#3959);
#2576=LINE('',#17712,#3960);
#2577=LINE('',#17715,#3961);
#2578=LINE('',#17719,#3962);
#2579=LINE('',#17723,#3963);
#2580=LINE('',#17728,#3964);
#2581=LINE('',#17729,#3965);
#2582=LINE('',#17731,#3966);
#2583=LINE('',#17735,#3967);
#2584=LINE('',#17737,#3968);
#2585=LINE('',#17739,#3969);
#2586=LINE('',#17742,#3970);
#2587=LINE('',#17746,#3971);
#2588=LINE('',#17752,#3972);
#2589=LINE('',#17756,#3973);
#2590=LINE('',#17761,#3974);
#2591=LINE('',#17762,#3975);
#2592=LINE('',#17763,#3976);
#2593=LINE('',#17767,#3977);
#2594=LINE('',#17771,#3978);
#2595=LINE('',#17773,#3979);
#2596=LINE('',#17775,#3980);
#2597=LINE('',#17777,#3981);
#2598=LINE('',#17798,#3982);
#2599=LINE('',#17817,#3983);
#2600=LINE('',#17819,#3984);
#2601=LINE('',#17820,#3985);
#2602=LINE('',#17826,#3986);
#2603=LINE('',#17830,#3987);
#2604=LINE('',#17834,#3988);
#2605=LINE('',#17837,#3989);
#2606=LINE('',#17840,#3990);
#2607=LINE('',#17842,#3991);
#2608=LINE('',#17843,#3992);
#2609=LINE('',#17845,#3993);
#2610=LINE('',#17847,#3994);
#2611=LINE('',#17848,#3995);
#2612=LINE('',#17850,#3996);
#2613=LINE('',#17852,#3997);
#2614=LINE('',#17853,#3998);
#2615=LINE('',#17855,#3999);
#2616=LINE('',#17857,#4000);
#2617=LINE('',#17858,#4001);
#2618=LINE('',#17860,#4002);
#2619=LINE('',#17862,#4003);
#2620=LINE('',#17863,#4004);
#2621=LINE('',#17865,#4005);
#2622=LINE('',#17867,#4006);
#2623=LINE('',#17868,#4007);
#2624=LINE('',#17870,#4008);
#2625=LINE('',#17872,#4009);
#2626=LINE('',#17874,#4010);
#2627=LINE('',#17876,#4011);
#2628=LINE('',#17878,#4012);
#2629=LINE('',#17882,#4013);
#2630=LINE('',#17885,#4014);
#2631=LINE('',#17887,#4015);
#2632=LINE('',#17889,#4016);
#2633=LINE('',#17890,#4017);
#2634=LINE('',#17892,#4018);
#2635=LINE('',#17894,#4019);
#2636=LINE('',#17895,#4020);
#2637=LINE('',#17897,#4021);
#2638=LINE('',#17899,#4022);
#2639=LINE('',#17900,#4023);
#2640=LINE('',#17902,#4024);
#2641=LINE('',#17904,#4025);
#2642=LINE('',#17905,#4026);
#2643=LINE('',#17907,#4027);
#2644=LINE('',#17909,#4028);
#2645=LINE('',#17910,#4029);
#2646=LINE('',#17914,#4030);
#2647=LINE('',#17918,#4031);
#2648=LINE('',#17920,#4032);
#2649=LINE('',#17921,#4033);
#2650=LINE('',#17925,#4034);
#2651=LINE('',#17927,#4035);
#2652=LINE('',#17929,#4036);
#2653=LINE('',#17930,#4037);
#2654=LINE('',#17934,#4038);
#2655=LINE('',#17935,#4039);
#2656=LINE('',#17936,#4040);
#2657=LINE('',#17940,#4041);
#2658=LINE('',#17942,#4042);
#2659=LINE('',#17944,#4043);
#2660=LINE('',#17945,#4044);
#2661=LINE('',#17951,#4045);
#2662=LINE('',#17953,#4046);
#2663=LINE('',#17955,#4047);
#2664=LINE('',#17956,#4048);
#2665=LINE('',#17960,#4049);
#2666=LINE('',#17961,#4050);
#2667=LINE('',#17963,#4051);
#2668=LINE('',#17965,#4052);
#2669=LINE('',#17966,#4053);
#2670=LINE('',#17968,#4054);
#2671=LINE('',#17970,#4055);
#2672=LINE('',#17971,#4056);
#2673=LINE('',#17973,#4057);
#2674=LINE('',#17975,#4058);
#2675=LINE('',#17976,#4059);
#2676=LINE('',#17978,#4060);
#2677=LINE('',#17980,#4061);
#2678=LINE('',#17981,#4062);
#2679=LINE('',#17983,#4063);
#2680=LINE('',#17985,#4064);
#2681=LINE('',#17986,#4065);
#2682=LINE('',#17988,#4066);
#2683=LINE('',#17989,#4067);
#2684=LINE('',#17991,#4068);
#2685=LINE('',#17993,#4069);
#2686=LINE('',#17997,#4070);
#2687=LINE('',#18001,#4071);
#2688=LINE('',#18002,#4072);
#2689=LINE('',#18004,#4073);
#2690=LINE('',#18006,#4074);
#2691=LINE('',#18008,#4075);
#2692=LINE('',#18010,#4076);
#2693=LINE('',#18012,#4077);
#2694=LINE('',#18013,#4078);
#2695=LINE('',#18015,#4079);
#2696=LINE('',#18017,#4080);
#2697=LINE('',#18018,#4081);
#2698=LINE('',#18020,#4082);
#2699=LINE('',#18022,#4083);
#2700=LINE('',#18023,#4084);
#2701=LINE('',#18025,#4085);
#2702=LINE('',#18027,#4086);
#2703=LINE('',#18028,#4087);
#2704=LINE('',#18030,#4088);
#2705=LINE('',#18032,#4089);
#2706=LINE('',#18033,#4090);
#2707=LINE('',#18035,#4091);
#2708=LINE('',#18037,#4092);
#2709=LINE('',#18038,#4093);
#2710=LINE('',#18039,#4094);
#2711=LINE('',#18126,#4095);
#2712=LINE('',#18147,#4096);
#2713=LINE('',#18243,#4097);
#2714=LINE('',#18244,#4098);
#2715=LINE('',#18247,#4099);
#2716=LINE('',#18248,#4100);
#2717=LINE('',#18250,#4101);
#2718=LINE('',#18254,#4102);
#2719=LINE('',#18255,#4103);
#2720=LINE('',#18258,#4104);
#2721=LINE('',#18259,#4105);
#2722=LINE('',#18261,#4106);
#2723=LINE('',#18265,#4107);
#2724=LINE('',#18266,#4108);
#2725=LINE('',#18269,#4109);
#2726=LINE('',#18270,#4110);
#2727=LINE('',#18272,#4111);
#2728=LINE('',#18276,#4112);
#2729=LINE('',#18277,#4113);
#2730=LINE('',#18280,#4114);
#2731=LINE('',#18281,#4115);
#2732=LINE('',#18283,#4116);
#2733=LINE('',#18287,#4117);
#2734=LINE('',#18288,#4118);
#2735=LINE('',#18291,#4119);
#2736=LINE('',#18292,#4120);
#2737=LINE('',#18294,#4121);
#2738=LINE('',#18298,#4122);
#2739=LINE('',#18299,#4123);
#2740=LINE('',#18302,#4124);
#2741=LINE('',#18303,#4125);
#2742=LINE('',#18305,#4126);
#2743=LINE('',#18309,#4127);
#2744=LINE('',#18310,#4128);
#2745=LINE('',#18313,#4129);
#2746=LINE('',#18314,#4130);
#2747=LINE('',#18316,#4131);
#2748=LINE('',#18320,#4132);
#2749=LINE('',#18321,#4133);
#2750=LINE('',#18324,#4134);
#2751=LINE('',#18325,#4135);
#2752=LINE('',#18327,#4136);
#2753=LINE('',#18331,#4137);
#2754=LINE('',#18332,#4138);
#2755=LINE('',#18335,#4139);
#2756=LINE('',#18336,#4140);
#2757=LINE('',#18338,#4141);
#2758=LINE('',#18342,#4142);
#2759=LINE('',#18343,#4143);
#2760=LINE('',#18346,#4144);
#2761=LINE('',#18347,#4145);
#2762=LINE('',#18349,#4146);
#2763=LINE('',#18353,#4147);
#2764=LINE('',#18354,#4148);
#2765=LINE('',#18357,#4149);
#2766=LINE('',#18358,#4150);
#2767=LINE('',#18360,#4151);
#2768=LINE('',#18364,#4152);
#2769=LINE('',#18365,#4153);
#2770=LINE('',#18368,#4154);
#2771=LINE('',#18369,#4155);
#2772=LINE('',#18371,#4156);
#2773=LINE('',#18376,#4157);
#2774=LINE('',#18378,#4158);
#2775=LINE('',#18380,#4159);
#2776=LINE('',#18381,#4160);
#2777=LINE('',#18384,#4161);
#2778=LINE('',#18386,#4162);
#2779=LINE('',#18387,#4163);
#2780=LINE('',#18390,#4164);
#2781=LINE('',#18392,#4165);
#2782=LINE('',#18393,#4166);
#2783=LINE('',#18395,#4167);
#2784=LINE('',#18396,#4168);
#2785=LINE('',#18402,#4169);
#2786=LINE('',#18404,#4170);
#2787=LINE('',#18406,#4171);
#2788=LINE('',#18407,#4172);
#2789=LINE('',#18410,#4173);
#2790=LINE('',#18412,#4174);
#2791=LINE('',#18413,#4175);
#2792=LINE('',#18416,#4176);
#2793=LINE('',#18418,#4177);
#2794=LINE('',#18419,#4178);
#2795=LINE('',#18421,#4179);
#2796=LINE('',#18422,#4180);
#2797=LINE('',#18428,#4181);
#2798=LINE('',#18430,#4182);
#2799=LINE('',#18432,#4183);
#2800=LINE('',#18433,#4184);
#2801=LINE('',#18436,#4185);
#2802=LINE('',#18438,#4186);
#2803=LINE('',#18439,#4187);
#2804=LINE('',#18442,#4188);
#2805=LINE('',#18444,#4189);
#2806=LINE('',#18445,#4190);
#2807=LINE('',#18447,#4191);
#2808=LINE('',#18448,#4192);
#2809=LINE('',#18454,#4193);
#2810=LINE('',#18456,#4194);
#2811=LINE('',#18458,#4195);
#2812=LINE('',#18459,#4196);
#2813=LINE('',#18462,#4197);
#2814=LINE('',#18464,#4198);
#2815=LINE('',#18465,#4199);
#2816=LINE('',#18468,#4200);
#2817=LINE('',#18470,#4201);
#2818=LINE('',#18471,#4202);
#2819=LINE('',#18473,#4203);
#2820=LINE('',#18474,#4204);
#2821=LINE('',#18480,#4205);
#2822=LINE('',#18482,#4206);
#2823=LINE('',#18484,#4207);
#2824=LINE('',#18485,#4208);
#2825=LINE('',#18488,#4209);
#2826=LINE('',#18490,#4210);
#2827=LINE('',#18491,#4211);
#2828=LINE('',#18494,#4212);
#2829=LINE('',#18496,#4213);
#2830=LINE('',#18497,#4214);
#2831=LINE('',#18499,#4215);
#2832=LINE('',#18500,#4216);
#2833=LINE('',#18506,#4217);
#2834=LINE('',#18508,#4218);
#2835=LINE('',#18510,#4219);
#2836=LINE('',#18511,#4220);
#2837=LINE('',#18514,#4221);
#2838=LINE('',#18516,#4222);
#2839=LINE('',#18517,#4223);
#2840=LINE('',#18520,#4224);
#2841=LINE('',#18522,#4225);
#2842=LINE('',#18523,#4226);
#2843=LINE('',#18525,#4227);
#2844=LINE('',#18526,#4228);
#2845=LINE('',#18532,#4229);
#2846=LINE('',#18534,#4230);
#2847=LINE('',#18536,#4231);
#2848=LINE('',#18537,#4232);
#2849=LINE('',#18540,#4233);
#2850=LINE('',#18542,#4234);
#2851=LINE('',#18543,#4235);
#2852=LINE('',#18546,#4236);
#2853=LINE('',#18548,#4237);
#2854=LINE('',#18549,#4238);
#2855=LINE('',#18551,#4239);
#2856=LINE('',#18552,#4240);
#2857=LINE('',#18558,#4241);
#2858=LINE('',#18560,#4242);
#2859=LINE('',#18562,#4243);
#2860=LINE('',#18563,#4244);
#2861=LINE('',#18566,#4245);
#2862=LINE('',#18568,#4246);
#2863=LINE('',#18569,#4247);
#2864=LINE('',#18572,#4248);
#2865=LINE('',#18574,#4249);
#2866=LINE('',#18575,#4250);
#2867=LINE('',#18577,#4251);
#2868=LINE('',#18578,#4252);
#2869=LINE('',#18584,#4253);
#2870=LINE('',#18586,#4254);
#2871=LINE('',#18588,#4255);
#2872=LINE('',#18589,#4256);
#2873=LINE('',#18592,#4257);
#2874=LINE('',#18594,#4258);
#2875=LINE('',#18595,#4259);
#2876=LINE('',#18598,#4260);
#2877=LINE('',#18600,#4261);
#2878=LINE('',#18601,#4262);
#2879=LINE('',#18603,#4263);
#2880=LINE('',#18604,#4264);
#2881=LINE('',#18610,#4265);
#2882=LINE('',#18612,#4266);
#2883=LINE('',#18614,#4267);
#2884=LINE('',#18615,#4268);
#2885=LINE('',#18618,#4269);
#2886=LINE('',#18620,#4270);
#2887=LINE('',#18621,#4271);
#2888=LINE('',#18624,#4272);
#2889=LINE('',#18626,#4273);
#2890=LINE('',#18627,#4274);
#2891=LINE('',#18629,#4275);
#2892=LINE('',#18630,#4276);
#2893=LINE('',#18636,#4277);
#2894=LINE('',#18638,#4278);
#2895=LINE('',#18640,#4279);
#2896=LINE('',#18641,#4280);
#2897=LINE('',#18644,#4281);
#2898=LINE('',#18646,#4282);
#2899=LINE('',#18647,#4283);
#2900=LINE('',#18650,#4284);
#2901=LINE('',#18652,#4285);
#2902=LINE('',#18653,#4286);
#2903=LINE('',#18655,#4287);
#2904=LINE('',#18656,#4288);
#2905=LINE('',#18662,#4289);
#2906=LINE('',#18664,#4290);
#2907=LINE('',#18666,#4291);
#2908=LINE('',#18667,#4292);
#2909=LINE('',#18670,#4293);
#2910=LINE('',#18672,#4294);
#2911=LINE('',#18673,#4295);
#2912=LINE('',#18676,#4296);
#2913=LINE('',#18678,#4297);
#2914=LINE('',#18679,#4298);
#2915=LINE('',#18681,#4299);
#2916=LINE('',#18682,#4300);
#2917=LINE('',#18688,#4301);
#2918=LINE('',#18694,#4302);
#2919=LINE('',#18698,#4303);
#2920=LINE('',#18702,#4304);
#2921=LINE('',#18706,#4305);
#2922=LINE('',#18708,#4306);
#2923=LINE('',#18710,#4307);
#2924=LINE('',#18712,#4308);
#2925=LINE('',#18714,#4309);
#2926=LINE('',#18718,#4310);
#2927=LINE('',#18722,#4311);
#2928=LINE('',#18726,#4312);
#2929=LINE('',#18728,#4313);
#2930=LINE('',#18730,#4314);
#2931=LINE('',#18735,#4315);
#2932=LINE('',#18741,#4316);
#2933=LINE('',#18745,#4317);
#2934=LINE('',#18747,#4318);
#2935=LINE('',#18749,#4319);
#2936=LINE('',#18753,#4320);
#2937=LINE('',#18757,#4321);
#2938=LINE('',#18761,#4322);
#2939=LINE('',#18763,#4323);
#2940=LINE('',#18765,#4324);
#2941=LINE('',#18767,#4325);
#2942=LINE('',#18769,#4326);
#2943=LINE('',#18773,#4327);
#2944=LINE('',#18777,#4328);
#2945=LINE('',#18780,#4329);
#2946=LINE('',#18781,#4330);
#2947=LINE('',#18783,#4331);
#2948=LINE('',#18784,#4332);
#2949=LINE('',#18788,#4333);
#2950=LINE('',#18790,#4334);
#2951=LINE('',#18792,#4335);
#2952=LINE('',#18794,#4336);
#2953=LINE('',#18796,#4337);
#2954=LINE('',#18798,#4338);
#2955=LINE('',#18800,#4339);
#2956=LINE('',#18802,#4340);
#2957=LINE('',#18804,#4341);
#2958=LINE('',#18806,#4342);
#2959=LINE('',#18808,#4343);
#2960=LINE('',#18810,#4344);
#2961=LINE('',#18812,#4345);
#2962=LINE('',#18814,#4346);
#2963=LINE('',#18816,#4347);
#2964=LINE('',#18817,#4348);
#2965=LINE('',#18820,#4349);
#2966=LINE('',#18822,#4350);
#2967=LINE('',#18824,#4351);
#2968=LINE('',#18825,#4352);
#2969=LINE('',#18828,#4353);
#2970=LINE('',#18830,#4354);
#2971=LINE('',#18832,#4355);
#2972=LINE('',#18833,#4356);
#2973=LINE('',#18835,#4357);
#2974=LINE('',#18839,#4358);
#2975=LINE('',#18843,#4359);
#2976=LINE('',#18845,#4360);
#2977=LINE('',#18847,#4361);
#2978=LINE('',#18851,#4362);
#2979=LINE('',#18862,#4363);
#2980=LINE('',#18864,#4364);
#2981=LINE('',#18866,#4365);
#2982=LINE('',#18868,#4366);
#2983=LINE('',#18870,#4367);
#2984=LINE('',#18872,#4368);
#2985=LINE('',#18874,#4369);
#2986=LINE('',#18876,#4370);
#2987=LINE('',#18878,#4371);
#2988=LINE('',#18880,#4372);
#2989=LINE('',#18882,#4373);
#2990=LINE('',#18884,#4374);
#2991=LINE('',#18886,#4375);
#2992=LINE('',#18888,#4376);
#2993=LINE('',#18890,#4377);
#2994=LINE('',#18891,#4378);
#2995=LINE('',#18894,#4379);
#2996=LINE('',#18896,#4380);
#2997=LINE('',#18898,#4381);
#2998=LINE('',#18899,#4382);
#2999=LINE('',#18902,#4383);
#3000=LINE('',#18904,#4384);
#3001=LINE('',#18906,#4385);
#3002=LINE('',#18907,#4386);
#3003=LINE('',#18918,#4387);
#3004=LINE('',#18923,#4388);
#3005=LINE('',#18929,#4389);
#3006=LINE('',#18935,#4390);
#3007=LINE('',#18939,#4391);
#3008=LINE('',#18941,#4392);
#3009=LINE('',#18943,#4393);
#3010=LINE('',#18947,#4394);
#3011=LINE('',#18951,#4395);
#3012=LINE('',#18954,#4396);
#3013=LINE('',#18955,#4397);
#3014=LINE('',#18957,#4398);
#3015=LINE('',#18961,#4399);
#3016=LINE('',#18965,#4400);
#3017=LINE('',#18969,#4401);
#3018=LINE('',#18971,#4402);
#3019=LINE('',#18972,#4403);
#3020=LINE('',#18975,#4404);
#3021=LINE('',#18977,#4405);
#3022=LINE('',#18979,#4406);
#3023=LINE('',#18980,#4407);
#3024=LINE('',#18983,#4408);
#3025=LINE('',#18985,#4409);
#3026=LINE('',#18987,#4410);
#3027=LINE('',#18988,#4411);
#3028=LINE('',#18996,#4412);
#3029=LINE('',#19000,#4413);
#3030=LINE('',#19004,#4414);
#3031=LINE('',#19007,#4415);
#3032=LINE('',#19016,#4416);
#3033=LINE('',#19022,#4417);
#3034=LINE('',#19026,#4418);
#3035=LINE('',#19030,#4419);
#3036=LINE('',#19033,#4420);
#3037=LINE('',#19035,#4421);
#3038=LINE('',#19036,#4422);
#3039=LINE('',#19040,#4423);
#3040=LINE('',#19044,#4424);
#3041=LINE('',#19048,#4425);
#3042=LINE('',#19050,#4426);
#3043=LINE('',#19052,#4427);
#3044=LINE('',#19059,#4428);
#3045=LINE('',#19063,#4429);
#3046=LINE('',#19064,#4430);
#3047=LINE('',#19067,#4431);
#3048=LINE('',#19069,#4432);
#3049=LINE('',#19071,#4433);
#3050=LINE('',#19072,#4434);
#3051=LINE('',#19075,#4435);
#3052=LINE('',#19077,#4436);
#3053=LINE('',#19079,#4437);
#3054=LINE('',#19080,#4438);
#3055=LINE('',#19084,#4439);
#3056=LINE('',#19085,#4440);
#3057=LINE('',#19087,#4441);
#3058=LINE('',#19089,#4442);
#3059=LINE('',#19091,#4443);
#3060=LINE('',#19093,#4444);
#3061=LINE('',#19095,#4445);
#3062=LINE('',#19097,#4446);
#3063=LINE('',#19100,#4447);
#3064=LINE('',#19101,#4448);
#3065=LINE('',#19103,#4449);
#3066=LINE('',#19105,#4450);
#3067=LINE('',#19106,#4451);
#3068=LINE('',#19108,#4452);
#3069=LINE('',#19109,#4453);
#3070=LINE('',#19112,#4454);
#3071=LINE('',#19113,#4455);
#3072=LINE('',#19115,#4456);
#3073=LINE('',#19116,#4457);
#3074=LINE('',#19118,#4458);
#3075=LINE('',#19119,#4459);
#3076=LINE('',#19121,#4460);
#3077=LINE('',#19122,#4461);
#3078=LINE('',#19124,#4462);
#3079=LINE('',#19125,#4463);
#3080=LINE('',#19127,#4464);
#3081=LINE('',#19128,#4465);
#3082=LINE('',#19133,#4466);
#3083=LINE('',#19140,#4467);
#3084=LINE('',#19141,#4468);
#3085=LINE('',#19143,#4469);
#3086=LINE('',#19145,#4470);
#3087=LINE('',#19146,#4471);
#3088=LINE('',#19148,#4472);
#3089=LINE('',#19150,#4473);
#3090=LINE('',#19152,#4474);
#3091=LINE('',#19153,#4475);
#3092=LINE('',#19155,#4476);
#3093=LINE('',#19156,#4477);
#3094=LINE('',#19158,#4478);
#3095=LINE('',#19159,#4479);
#3096=LINE('',#19161,#4480);
#3097=LINE('',#19162,#4481);
#3098=LINE('',#19167,#4482);
#3099=LINE('',#19176,#4483);
#3100=LINE('',#19178,#4484);
#3101=LINE('',#19179,#4485);
#3102=LINE('',#19182,#4486);
#3103=LINE('',#19183,#4487);
#3104=LINE('',#19186,#4488);
#3105=LINE('',#19187,#4489);
#3106=LINE('',#19189,#4490);
#3107=LINE('',#19192,#4491);
#3108=LINE('',#19194,#4492);
#3109=LINE('',#19195,#4493);
#3110=LINE('',#19198,#4494);
#3111=LINE('',#19199,#4495);
#3112=LINE('',#19202,#4496);
#3113=LINE('',#19203,#4497);
#3114=LINE('',#19205,#4498);
#3115=LINE('',#19208,#4499);
#3116=LINE('',#19210,#4500);
#3117=LINE('',#19211,#4501);
#3118=LINE('',#19214,#4502);
#3119=LINE('',#19215,#4503);
#3120=LINE('',#19218,#4504);
#3121=LINE('',#19219,#4505);
#3122=LINE('',#19221,#4506);
#3123=LINE('',#19224,#4507);
#3124=LINE('',#19226,#4508);
#3125=LINE('',#19227,#4509);
#3126=LINE('',#19230,#4510);
#3127=LINE('',#19231,#4511);
#3128=LINE('',#19234,#4512);
#3129=LINE('',#19235,#4513);
#3130=LINE('',#19237,#4514);
#3131=LINE('',#19239,#4515);
#3132=LINE('',#19240,#4516);
#3133=LINE('',#19242,#4517);
#3134=LINE('',#19244,#4518);
#3135=LINE('',#19247,#4519);
#3136=LINE('',#19248,#4520);
#3137=LINE('',#19250,#4521);
#3138=LINE('',#19252,#4522);
#3139=LINE('',#19255,#4523);
#3140=LINE('',#19256,#4524);
#3141=LINE('',#19258,#4525);
#3142=LINE('',#19260,#4526);
#3143=LINE('',#19263,#4527);
#3144=LINE('',#19264,#4528);
#3145=LINE('',#19266,#4529);
#3146=LINE('',#19268,#4530);
#3147=LINE('',#19276,#4531);
#3148=LINE('',#19279,#4532);
#3149=LINE('',#19282,#4533);
#3150=LINE('',#19284,#4534);
#3151=LINE('',#19285,#4535);
#3152=LINE('',#19290,#4536);
#3153=LINE('',#19294,#4537);
#3154=LINE('',#19296,#4538);
#3155=LINE('',#19297,#4539);
#3156=LINE('',#19301,#4540);
#3157=LINE('',#19302,#4541);
#3158=LINE('',#19303,#4542);
#3159=LINE('',#19307,#4543);
#3160=LINE('',#19308,#4544);
#3161=LINE('',#19309,#4545);
#3162=LINE('',#19313,#4546);
#3163=LINE('',#19314,#4547);
#3164=LINE('',#19315,#4548);
#3165=LINE('',#19320,#4549);
#3166=LINE('',#19325,#4550);
#3167=LINE('',#19326,#4551);
#3168=LINE('',#19327,#4552);
#3169=LINE('',#19332,#4553);
#3170=LINE('',#19335,#4554);
#3171=LINE('',#19336,#4555);
#3172=LINE('',#19344,#4556);
#3173=LINE('',#19347,#4557);
#3174=LINE('',#19350,#4558);
#3175=LINE('',#19352,#4559);
#3176=LINE('',#19353,#4560);
#3177=LINE('',#19358,#4561);
#3178=LINE('',#19362,#4562);
#3179=LINE('',#19364,#4563);
#3180=LINE('',#19365,#4564);
#3181=LINE('',#19369,#4565);
#3182=LINE('',#19370,#4566);
#3183=LINE('',#19371,#4567);
#3184=LINE('',#19375,#4568);
#3185=LINE('',#19376,#4569);
#3186=LINE('',#19377,#4570);
#3187=LINE('',#19381,#4571);
#3188=LINE('',#19382,#4572);
#3189=LINE('',#19383,#4573);
#3190=LINE('',#19388,#4574);
#3191=LINE('',#19393,#4575);
#3192=LINE('',#19394,#4576);
#3193=LINE('',#19395,#4577);
#3194=LINE('',#19400,#4578);
#3195=LINE('',#19403,#4579);
#3196=LINE('',#19404,#4580);
#3197=LINE('',#19412,#4581);
#3198=LINE('',#19415,#4582);
#3199=LINE('',#19418,#4583);
#3200=LINE('',#19420,#4584);
#3201=LINE('',#19421,#4585);
#3202=LINE('',#19426,#4586);
#3203=LINE('',#19430,#4587);
#3204=LINE('',#19432,#4588);
#3205=LINE('',#19433,#4589);
#3206=LINE('',#19437,#4590);
#3207=LINE('',#19438,#4591);
#3208=LINE('',#19439,#4592);
#3209=LINE('',#19443,#4593);
#3210=LINE('',#19444,#4594);
#3211=LINE('',#19445,#4595);
#3212=LINE('',#19449,#4596);
#3213=LINE('',#19450,#4597);
#3214=LINE('',#19451,#4598);
#3215=LINE('',#19456,#4599);
#3216=LINE('',#19461,#4600);
#3217=LINE('',#19462,#4601);
#3218=LINE('',#19463,#4602);
#3219=LINE('',#19468,#4603);
#3220=LINE('',#19471,#4604);
#3221=LINE('',#19472,#4605);
#3222=LINE('',#19480,#4606);
#3223=LINE('',#19483,#4607);
#3224=LINE('',#19486,#4608);
#3225=LINE('',#19488,#4609);
#3226=LINE('',#19489,#4610);
#3227=LINE('',#19494,#4611);
#3228=LINE('',#19498,#4612);
#3229=LINE('',#19500,#4613);
#3230=LINE('',#19501,#4614);
#3231=LINE('',#19505,#4615);
#3232=LINE('',#19506,#4616);
#3233=LINE('',#19507,#4617);
#3234=LINE('',#19511,#4618);
#3235=LINE('',#19512,#4619);
#3236=LINE('',#19513,#4620);
#3237=LINE('',#19517,#4621);
#3238=LINE('',#19518,#4622);
#3239=LINE('',#19519,#4623);
#3240=LINE('',#19524,#4624);
#3241=LINE('',#19529,#4625);
#3242=LINE('',#19530,#4626);
#3243=LINE('',#19531,#4627);
#3244=LINE('',#19536,#4628);
#3245=LINE('',#19539,#4629);
#3246=LINE('',#19540,#4630);
#3247=LINE('',#19547,#4631);
#3248=LINE('',#19622,#4632);
#3249=LINE('',#19624,#4633);
#3250=LINE('',#19626,#4634);
#3251=LINE('',#19628,#4635);
#3252=LINE('',#19630,#4636);
#3253=LINE('',#19632,#4637);
#3254=LINE('',#19634,#4638);
#3255=LINE('',#19635,#4639);
#3256=LINE('',#19638,#4640);
#3257=LINE('',#19640,#4641);
#3258=LINE('',#19642,#4642);
#3259=LINE('',#19646,#4643);
#3260=LINE('',#19647,#4644);
#3261=LINE('',#19650,#4645);
#3262=LINE('',#19652,#4646);
#3263=LINE('',#19654,#4647);
#3264=LINE('',#19656,#4648);
#3265=LINE('',#19658,#4649);
#3266=LINE('',#19660,#4650);
#3267=LINE('',#19662,#4651);
#3268=LINE('',#19664,#4652);
#3269=LINE('',#19666,#4653);
#3270=LINE('',#19667,#4654);
#3271=LINE('',#19670,#4655);
#3272=LINE('',#19671,#4656);
#3273=LINE('',#19676,#4657);
#3274=LINE('',#19677,#4658);
#3275=LINE('',#19681,#4659);
#3276=LINE('',#19686,#4660);
#3277=LINE('',#19690,#4661);
#3278=LINE('',#19693,#4662);
#3279=LINE('',#19695,#4663);
#3280=LINE('',#19697,#4664);
#3281=LINE('',#19701,#4665);
#3282=LINE('',#19702,#4666);
#3283=LINE('',#19703,#4667);
#3284=LINE('',#19705,#4668);
#3285=LINE('',#19708,#4669);
#3286=LINE('',#19710,#4670);
#3287=LINE('',#19711,#4671);
#3288=LINE('',#19714,#4672);
#3289=LINE('',#19715,#4673);
#3290=LINE('',#19718,#4674);
#3291=LINE('',#19719,#4675);
#3292=LINE('',#19722,#4676);
#3293=LINE('',#19723,#4677);
#3294=LINE('',#19725,#4678);
#3295=LINE('',#19727,#4679);
#3296=LINE('',#19728,#4680);
#3297=LINE('',#19731,#4681);
#3298=LINE('',#19732,#4682);
#3299=LINE('',#19734,#4683);
#3300=LINE('',#19744,#4684);
#3301=LINE('',#19746,#4685);
#3302=LINE('',#19748,#4686);
#3303=LINE('',#19749,#4687);
#3304=LINE('',#19755,#4688);
#3305=LINE('',#19758,#4689);
#3306=LINE('',#19760,#4690);
#3307=LINE('',#19761,#4691);
#3308=LINE('',#19764,#4692);
#3309=LINE('',#19766,#4693);
#3310=LINE('',#19767,#4694);
#3311=LINE('',#19770,#4695);
#3312=LINE('',#19772,#4696);
#3313=LINE('',#19773,#4697);
#3314=LINE('',#19777,#4698);
#3315=LINE('',#19778,#4699);
#3316=LINE('',#19779,#4700);
#3317=LINE('',#19782,#4701);
#3318=LINE('',#19784,#4702);
#3319=LINE('',#19785,#4703);
#3320=LINE('',#19791,#4704);
#3321=LINE('',#19794,#4705);
#3322=LINE('',#19796,#4706);
#3323=LINE('',#19797,#4707);
#3324=LINE('',#19800,#4708);
#3325=LINE('',#19802,#4709);
#3326=LINE('',#19803,#4710);
#3327=LINE('',#19806,#4711);
#3328=LINE('',#19808,#4712);
#3329=LINE('',#19809,#4713);
#3330=LINE('',#19813,#4714);
#3331=LINE('',#19814,#4715);
#3332=LINE('',#19815,#4716);
#3333=LINE('',#19818,#4717);
#3334=LINE('',#19820,#4718);
#3335=LINE('',#19821,#4719);
#3336=LINE('',#19827,#4720);
#3337=LINE('',#19830,#4721);
#3338=LINE('',#19832,#4722);
#3339=LINE('',#19833,#4723);
#3340=LINE('',#19836,#4724);
#3341=LINE('',#19838,#4725);
#3342=LINE('',#19839,#4726);
#3343=LINE('',#19843,#4727);
#3344=LINE('',#19844,#4728);
#3345=LINE('',#19845,#4729);
#3346=LINE('',#19849,#4730);
#3347=LINE('',#19850,#4731);
#3348=LINE('',#19851,#4732);
#3349=LINE('',#19854,#4733);
#3350=LINE('',#19856,#4734);
#3351=LINE('',#19857,#4735);
#3352=LINE('',#19863,#4736);
#3353=LINE('',#19866,#4737);
#3354=LINE('',#19868,#4738);
#3355=LINE('',#19869,#4739);
#3356=LINE('',#19872,#4740);
#3357=LINE('',#19874,#4741);
#3358=LINE('',#19875,#4742);
#3359=LINE('',#19878,#4743);
#3360=LINE('',#19880,#4744);
#3361=LINE('',#19881,#4745);
#3362=LINE('',#19883,#4746);
#3363=LINE('',#19884,#4747);
#3364=LINE('',#19889,#4748);
#3365=LINE('',#19897,#4749);
#3366=LINE('',#19909,#4750);
#3367=LINE('',#19985,#4751);
#3368=LINE('',#20061,#4752);
#3369=LINE('',#20137,#4753);
#3370=LINE('',#20141,#4754);
#3371=LINE('',#20146,#4755);
#3372=LINE('',#20147,#4756);
#3373=LINE('',#20148,#4757);
#3374=LINE('',#20151,#4758);
#3375=LINE('',#20153,#4759);
#3376=LINE('',#20154,#4760);
#3377=LINE('',#20159,#4761);
#3378=LINE('',#20163,#4762);
#3379=LINE('',#20167,#4763);
#3380=LINE('',#20169,#4764);
#3381=LINE('',#20171,#4765);
#3382=LINE('',#20173,#4766);
#3383=LINE('',#20175,#4767);
#3384=LINE('',#20176,#4768);
#3385=LINE('',#20185,#4769);
#3386=LINE('',#20188,#4770);
#3387=LINE('',#20193,#4771);
#3388=LINE('',#20196,#4772);
#3389=LINE('',#20205,#4773);
#3390=LINE('',#20208,#4774);
#3391=LINE('',#20213,#4775);
#3392=LINE('',#20216,#4776);
#3393=LINE('',#20219,#4777);
#3394=LINE('',#20221,#4778);
#3395=LINE('',#20223,#4779);
#3396=LINE('',#20225,#4780);
#3397=LINE('',#20227,#4781);
#3398=LINE('',#20228,#4782);
#3399=LINE('',#20233,#4783);
#3400=LINE('',#20237,#4784);
#3401=LINE('',#20241,#4785);
#3402=LINE('',#20243,#4786);
#3403=LINE('',#20245,#4787);
#3404=LINE('',#20247,#4788);
#3405=LINE('',#20249,#4789);
#3406=LINE('',#20250,#4790);
#3407=LINE('',#20259,#4791);
#3408=LINE('',#20262,#4792);
#3409=LINE('',#20267,#4793);
#3410=LINE('',#20270,#4794);
#3411=LINE('',#20279,#4795);
#3412=LINE('',#20282,#4796);
#3413=LINE('',#20287,#4797);
#3414=LINE('',#20290,#4798);
#3415=LINE('',#20293,#4799);
#3416=LINE('',#20295,#4800);
#3417=LINE('',#20297,#4801);
#3418=LINE('',#20299,#4802);
#3419=LINE('',#20301,#4803);
#3420=LINE('',#20302,#4804);
#3421=LINE('',#20304,#4805);
#3422=LINE('',#20306,#4806);
#3423=LINE('',#20308,#4807);
#3424=LINE('',#20310,#4808);
#3425=LINE('',#20313,#4809);
#3426=LINE('',#20314,#4810);
#3427=LINE('',#20316,#4811);
#3428=LINE('',#20318,#4812);
#3429=LINE('',#20320,#4813);
#3430=LINE('',#20322,#4814);
#3431=LINE('',#20325,#4815);
#3432=LINE('',#20327,#4816);
#3433=LINE('',#20329,#4817);
#3434=LINE('',#20330,#4818);
#3435=LINE('',#20332,#4819);
#3436=LINE('',#20334,#4820);
#3437=LINE('',#20337,#4821);
#3438=LINE('',#20338,#4822);
#3439=LINE('',#20340,#4823);
#3440=LINE('',#20342,#4824);
#3441=LINE('',#20345,#4825);
#3442=LINE('',#20347,#4826);
#3443=LINE('',#20349,#4827);
#3444=LINE('',#20350,#4828);
#3445=LINE('',#20352,#4829);
#3446=LINE('',#20354,#4830);
#3447=LINE('',#20357,#4831);
#3448=LINE('',#20358,#4832);
#3449=LINE('',#20360,#4833);
#3450=LINE('',#20362,#4834);
#3451=LINE('',#20365,#4835);
#3452=LINE('',#20366,#4836);
#3453=LINE('',#20368,#4837);
#3454=LINE('',#20370,#4838);
#3455=LINE('',#20372,#4839);
#3456=LINE('',#20374,#4840);
#3457=LINE('',#20383,#4841);
#3458=LINE('',#20387,#4842);
#3459=LINE('',#20391,#4843);
#3460=LINE('',#20395,#4844);
#3461=LINE('',#20399,#4845);
#3462=LINE('',#20402,#4846);
#3463=LINE('',#20405,#4847);
#3464=LINE('',#20406,#4848);
#3465=LINE('',#20409,#4849);
#3466=LINE('',#20413,#4850);
#3467=LINE('',#20414,#4851);
#3468=LINE('',#20417,#4852);
#3469=LINE('',#20419,#4853);
#3470=LINE('',#20421,#4854);
#3471=LINE('',#20422,#4855);
#3472=LINE('',#20425,#4856);
#3473=LINE('',#20427,#4857);
#3474=LINE('',#20429,#4858);
#3475=LINE('',#20430,#4859);
#3476=LINE('',#20433,#4860);
#3477=LINE('',#20435,#4861);
#3478=LINE('',#20437,#4862);
#3479=LINE('',#20438,#4863);
#3480=LINE('',#20441,#4864);
#3481=LINE('',#20443,#4865);
#3482=LINE('',#20445,#4866);
#3483=LINE('',#20446,#4867);
#3484=LINE('',#20451,#4868);
#3485=LINE('',#20458,#4869);
#3486=LINE('',#20464,#4870);
#3487=LINE('',#20465,#4871);
#3488=LINE('',#20466,#4872);
#3489=LINE('',#20469,#4873);
#3490=LINE('',#20470,#4874);
#3491=LINE('',#20473,#4875);
#3492=LINE('',#20474,#4876);
#3493=LINE('',#20476,#4877);
#3494=LINE('',#20480,#4878);
#3495=LINE('',#20481,#4879);
#3496=LINE('',#20482,#4880);
#3497=LINE('',#20485,#4881);
#3498=LINE('',#20486,#4882);
#3499=LINE('',#20489,#4883);
#3500=LINE('',#20490,#4884);
#3501=LINE('',#20492,#4885);
#3502=LINE('',#20496,#4886);
#3503=LINE('',#20497,#4887);
#3504=LINE('',#20498,#4888);
#3505=LINE('',#20501,#4889);
#3506=LINE('',#20502,#4890);
#3507=LINE('',#20505,#4891);
#3508=LINE('',#20506,#4892);
#3509=LINE('',#20508,#4893);
#3510=LINE('',#20512,#4894);
#3511=LINE('',#20513,#4895);
#3512=LINE('',#20514,#4896);
#3513=LINE('',#20517,#4897);
#3514=LINE('',#20518,#4898);
#3515=LINE('',#20521,#4899);
#3516=LINE('',#20522,#4900);
#3517=LINE('',#20524,#4901);
#3518=LINE('',#20528,#4902);
#3519=LINE('',#20530,#4903);
#3520=LINE('',#20532,#4904);
#3521=LINE('',#20533,#4905);
#3522=LINE('',#20536,#4906);
#3523=LINE('',#20538,#4907);
#3524=LINE('',#20539,#4908);
#3525=LINE('',#20542,#4909);
#3526=LINE('',#20544,#4910);
#3527=LINE('',#20545,#4911);
#3528=LINE('',#20547,#4912);
#3529=LINE('',#20548,#4913);
#3530=LINE('',#20552,#4914);
#3531=LINE('',#20554,#4915);
#3532=LINE('',#20556,#4916);
#3533=LINE('',#20557,#4917);
#3534=LINE('',#20560,#4918);
#3535=LINE('',#20562,#4919);
#3536=LINE('',#20563,#4920);
#3537=LINE('',#20566,#4921);
#3538=LINE('',#20568,#4922);
#3539=LINE('',#20569,#4923);
#3540=LINE('',#20571,#4924);
#3541=LINE('',#20572,#4925);
#3542=LINE('',#20577,#4926);
#3543=LINE('',#20579,#4927);
#3544=LINE('',#20581,#4928);
#3545=LINE('',#20582,#4929);
#3546=LINE('',#20585,#4930);
#3547=LINE('',#20587,#4931);
#3548=LINE('',#20588,#4932);
#3549=LINE('',#20591,#4933);
#3550=LINE('',#20593,#4934);
#3551=LINE('',#20594,#4935);
#3552=LINE('',#20596,#4936);
#3553=LINE('',#20597,#4937);
#3554=LINE('',#20601,#4938);
#3555=LINE('',#20603,#4939);
#3556=LINE('',#20605,#4940);
#3557=LINE('',#20606,#4941);
#3558=LINE('',#20609,#4942);
#3559=LINE('',#20611,#4943);
#3560=LINE('',#20612,#4944);
#3561=LINE('',#20615,#4945);
#3562=LINE('',#20617,#4946);
#3563=LINE('',#20618,#4947);
#3564=LINE('',#20620,#4948);
#3565=LINE('',#20621,#4949);
#3566=LINE('',#20625,#4950);
#3567=LINE('',#20627,#4951);
#3568=LINE('',#20629,#4952);
#3569=LINE('',#20630,#4953);
#3570=LINE('',#20633,#4954);
#3571=LINE('',#20635,#4955);
#3572=LINE('',#20636,#4956);
#3573=LINE('',#20639,#4957);
#3574=LINE('',#20641,#4958);
#3575=LINE('',#20642,#4959);
#3576=LINE('',#20644,#4960);
#3577=LINE('',#20645,#4961);
#3578=LINE('',#20649,#4962);
#3579=LINE('',#20651,#4963);
#3580=LINE('',#20653,#4964);
#3581=LINE('',#20654,#4965);
#3582=LINE('',#20657,#4966);
#3583=LINE('',#20659,#4967);
#3584=LINE('',#20660,#4968);
#3585=LINE('',#20663,#4969);
#3586=LINE('',#20665,#4970);
#3587=LINE('',#20666,#4971);
#3588=LINE('',#20668,#4972);
#3589=LINE('',#20669,#4973);
#3590=LINE('',#20673,#4974);
#3591=LINE('',#20675,#4975);
#3592=LINE('',#20677,#4976);
#3593=LINE('',#20678,#4977);
#3594=LINE('',#20681,#4978);
#3595=LINE('',#20683,#4979);
#3596=LINE('',#20684,#4980);
#3597=LINE('',#20687,#4981);
#3598=LINE('',#20689,#4982);
#3599=LINE('',#20690,#4983);
#3600=LINE('',#20692,#4984);
#3601=LINE('',#20693,#4985);
#3602=LINE('',#20697,#4986);
#3603=LINE('',#20699,#4987);
#3604=LINE('',#20701,#4988);
#3605=LINE('',#20702,#4989);
#3606=LINE('',#20705,#4990);
#3607=LINE('',#20707,#4991);
#3608=LINE('',#20708,#4992);
#3609=LINE('',#20711,#4993);
#3610=LINE('',#20713,#4994);
#3611=LINE('',#20714,#4995);
#3612=LINE('',#20716,#4996);
#3613=LINE('',#20717,#4997);
#3614=LINE('',#20721,#4998);
#3615=LINE('',#20723,#4999);
#3616=LINE('',#20725,#5000);
#3617=LINE('',#20726,#5001);
#3618=LINE('',#20729,#5002);
#3619=LINE('',#20731,#5003);
#3620=LINE('',#20732,#5004);
#3621=LINE('',#20735,#5005);
#3622=LINE('',#20737,#5006);
#3623=LINE('',#20738,#5007);
#3624=LINE('',#20740,#5008);
#3625=LINE('',#20741,#5009);
#3626=LINE('',#20745,#5010);
#3627=LINE('',#20747,#5011);
#3628=LINE('',#20749,#5012);
#3629=LINE('',#20750,#5013);
#3630=LINE('',#20753,#5014);
#3631=LINE('',#20755,#5015);
#3632=LINE('',#20756,#5016);
#3633=LINE('',#20759,#5017);
#3634=LINE('',#20761,#5018);
#3635=LINE('',#20762,#5019);
#3636=LINE('',#20764,#5020);
#3637=LINE('',#20765,#5021);
#3638=LINE('',#20769,#5022);
#3639=LINE('',#20771,#5023);
#3640=LINE('',#20773,#5024);
#3641=LINE('',#20774,#5025);
#3642=LINE('',#20777,#5026);
#3643=LINE('',#20779,#5027);
#3644=LINE('',#20780,#5028);
#3645=LINE('',#20783,#5029);
#3646=LINE('',#20785,#5030);
#3647=LINE('',#20786,#5031);
#3648=LINE('',#20788,#5032);
#3649=LINE('',#20789,#5033);
#3650=LINE('',#20793,#5034);
#3651=LINE('',#20795,#5035);
#3652=LINE('',#20797,#5036);
#3653=LINE('',#20798,#5037);
#3654=LINE('',#20801,#5038);
#3655=LINE('',#20803,#5039);
#3656=LINE('',#20804,#5040);
#3657=LINE('',#20807,#5041);
#3658=LINE('',#20809,#5042);
#3659=LINE('',#20810,#5043);
#3660=LINE('',#20812,#5044);
#3661=LINE('',#20813,#5045);
#3662=LINE('',#20817,#5046);
#3663=LINE('',#20819,#5047);
#3664=LINE('',#20821,#5048);
#3665=LINE('',#20822,#5049);
#3666=LINE('',#20825,#5050);
#3667=LINE('',#20827,#5051);
#3668=LINE('',#20828,#5052);
#3669=LINE('',#20831,#5053);
#3670=LINE('',#20833,#5054);
#3671=LINE('',#20834,#5055);
#3672=LINE('',#20836,#5056);
#3673=LINE('',#20837,#5057);
#3674=LINE('',#20841,#5058);
#3675=LINE('',#20843,#5059);
#3676=LINE('',#20845,#5060);
#3677=LINE('',#20846,#5061);
#3678=LINE('',#20849,#5062);
#3679=LINE('',#20851,#5063);
#3680=LINE('',#20852,#5064);
#3681=LINE('',#20855,#5065);
#3682=LINE('',#20857,#5066);
#3683=LINE('',#20858,#5067);
#3684=LINE('',#20860,#5068);
#3685=LINE('',#20861,#5069);
#3686=LINE('',#20865,#5070);
#3687=LINE('',#20867,#5071);
#3688=LINE('',#20869,#5072);
#3689=LINE('',#20870,#5073);
#3690=LINE('',#20875,#5074);
#3691=LINE('',#20879,#5075);
#3692=LINE('',#20881,#5076);
#3693=LINE('',#20882,#5077);
#3694=LINE('',#20887,#5078);
#3695=LINE('',#20891,#5079);
#3696=LINE('',#20893,#5080);
#3697=LINE('',#20894,#5081);
#3698=LINE('',#20899,#5082);
#3699=LINE('',#20903,#5083);
#3700=LINE('',#20905,#5084);
#3701=LINE('',#20906,#5085);
#3702=LINE('',#20915,#5086);
#3703=LINE('',#20919,#5087);
#3704=LINE('',#20923,#5088);
#3705=LINE('',#20926,#5089);
#3706=LINE('',#20929,#5090);
#3707=LINE('',#20931,#5091);
#3708=LINE('',#20932,#5092);
#3709=LINE('',#20935,#5093);
#3710=LINE('',#20939,#5094);
#3711=LINE('',#20940,#5095);
#3712=LINE('',#20943,#5096);
#3713=LINE('',#20949,#5097);
#3714=LINE('',#20952,#5098);
#3715=LINE('',#20955,#5099);
#3716=LINE('',#20957,#5100);
#3717=LINE('',#20961,#5101);
#3718=LINE('',#20965,#5102);
#3719=LINE('',#20969,#5103);
#3720=LINE('',#20973,#5104);
#3721=LINE('',#20975,#5105);
#3722=LINE('',#20976,#5106);
#3723=LINE('',#20979,#5107);
#3724=LINE('',#20981,#5108);
#3725=LINE('',#20983,#5109);
#3726=LINE('',#20985,#5110);
#3727=LINE('',#20987,#5111);
#3728=LINE('',#20989,#5112);
#3729=LINE('',#20991,#5113);
#3730=LINE('',#20992,#5114);
#3731=LINE('',#20995,#5115);
#3732=LINE('',#20996,#5116);
#3733=LINE('',#20999,#5117);
#3734=LINE('',#21003,#5118);
#3735=LINE('',#21004,#5119);
#3736=LINE('',#21009,#5120);
#3737=LINE('',#21010,#5121);
#3738=LINE('',#21013,#5122);
#3739=LINE('',#21015,#5123);
#3740=LINE('',#21016,#5124);
#3741=LINE('',#21019,#5125);
#3742=LINE('',#21020,#5126);
#3743=LINE('',#21022,#5127);
#3744=LINE('',#21024,#5128);
#3745=LINE('',#21026,#5129);
#3746=LINE('',#21027,#5130);
#3747=LINE('',#21029,#5131);
#3748=LINE('',#21030,#5132);
#3749=LINE('',#21033,#5133);
#3750=LINE('',#21037,#5134);
#3751=LINE('',#21038,#5135);
#3752=LINE('',#21041,#5136);
#3753=LINE('',#21042,#5137);
#3754=LINE('',#21046,#5138);
#3755=LINE('',#21048,#5139);
#3756=LINE('',#21050,#5140);
#3757=LINE('',#21051,#5141);
#3758=LINE('',#21055,#5142);
#3759=LINE('',#21057,#5143);
#3760=LINE('',#21059,#5144);
#3761=LINE('',#21060,#5145);
#3762=LINE('',#21063,#5146);
#3763=LINE('',#21064,#5147);
#3764=LINE('',#21066,#5148);
#3765=LINE('',#21068,#5149);
#3766=LINE('',#21070,#5150);
#3767=LINE('',#21071,#5151);
#3768=LINE('',#21074,#5152);
#3769=LINE('',#21076,#5153);
#3770=LINE('',#21078,#5154);
#3771=LINE('',#21080,#5155);
#3772=LINE('',#21081,#5156);
#3773=LINE('',#21082,#5157);
#3774=LINE('',#21084,#5158);
#3775=LINE('',#21085,#5159);
#3776=LINE('',#21088,#5160);
#3777=LINE('',#21092,#5161);
#3778=LINE('',#21093,#5162);
#3779=LINE('',#21095,#5163);
#3780=LINE('',#21096,#5164);
#3781=LINE('',#21100,#5165);
#3782=LINE('',#21103,#5166);
#3783=LINE('',#21104,#5167);
#3784=LINE('',#21110,#5168);
#3785=LINE('',#21113,#5169);
#3786=LINE('',#21114,#5170);
#3787=LINE('',#21118,#5171);
#3788=LINE('',#21120,#5172);
#3789=LINE('',#21122,#5173);
#3790=VECTOR('',#13771,1.);
#3791=VECTOR('',#13772,1.00000000000064);
#3792=VECTOR('',#13773,1.);
#3793=VECTOR('',#13774,1.00000000000065);
#3794=VECTOR('',#13775,1.00000000000064);
#3795=VECTOR('',#13778,1.);
#3796=VECTOR('',#13779,1.00000000000064);
#3797=VECTOR('',#13780,1.);
#3798=VECTOR('',#13781,1.00000000000064);
#3799=VECTOR('',#13782,1.00000000000065);
#3800=VECTOR('',#13785,1.);
#3801=VECTOR('',#13786,1.);
#3802=VECTOR('',#13787,1.);
#3803=VECTOR('',#13788,1.);
#3804=VECTOR('',#13789,1.);
#3805=VECTOR('',#13790,1.);
#3806=VECTOR('',#13791,1.);
#3807=VECTOR('',#13794,1.);
#3808=VECTOR('',#13795,1.);
#3809=VECTOR('',#13796,1.);
#3810=VECTOR('',#13799,1.);
#3811=VECTOR('',#13800,1.);
#3812=VECTOR('',#13801,1.);
#3813=VECTOR('',#13802,1.);
#3814=VECTOR('',#13803,1.);
#3815=VECTOR('',#13804,1.);
#3816=VECTOR('',#13807,1.00000000000064);
#3817=VECTOR('',#13808,1.);
#3818=VECTOR('',#13809,1.00000000000064);
#3819=VECTOR('',#13810,1.);
#3820=VECTOR('',#13813,1.);
#3821=VECTOR('',#13814,1.);
#3822=VECTOR('',#13815,1.);
#3823=VECTOR('',#13816,1.);
#3824=VECTOR('',#13817,1.);
#3825=VECTOR('',#13818,1.);
#3826=VECTOR('',#13819,1.);
#3827=VECTOR('',#13820,1.);
#3828=VECTOR('',#13821,1.);
#3829=VECTOR('',#13822,1.);
#3830=VECTOR('',#13827,1.00000000000064);
#3831=VECTOR('',#13828,1.00000000000065);
#3832=VECTOR('',#13831,1.00000000000064);
#3833=VECTOR('',#13832,1.00000000000065);
#3834=VECTOR('',#13839,1.);
#3835=VECTOR('',#13840,1.);
#3836=VECTOR('',#13841,1.);
#3837=VECTOR('',#13844,1.);
#3838=VECTOR('',#13845,1.);
#3839=VECTOR('',#13846,1.);
#3840=VECTOR('',#13849,1.);
#3841=VECTOR('',#13850,1.);
#3842=VECTOR('',#13851,1.);
#3843=VECTOR('',#13854,1.00000000000064);
#3844=VECTOR('',#13855,1.);
#3845=VECTOR('',#13856,1.00000000000064);
#3846=VECTOR('',#13859,1.);
#3847=VECTOR('',#13860,1.);
#3848=VECTOR('',#13867,1.);
#3849=VECTOR('',#13868,1.);
#3850=VECTOR('',#13869,1.);
#3851=VECTOR('',#13872,1.);
#3852=VECTOR('',#13873,1.);
#3853=VECTOR('',#13874,1.);
#3854=VECTOR('',#13877,1.00000000000064);
#3855=VECTOR('',#13878,1.);
#3856=VECTOR('',#13879,1.00000000000064);
#3857=VECTOR('',#13882,1.);
#3858=VECTOR('',#13883,1.);
#3859=VECTOR('',#13884,1.);
#3860=VECTOR('',#13887,1.);
#3861=VECTOR('',#13888,1.);
#3862=VECTOR('',#13897,1.);
#3863=VECTOR('',#13900,1.);
#3864=VECTOR('',#13903,1.);
#3865=VECTOR('',#13904,1.);
#3866=VECTOR('',#13905,1.);
#3867=VECTOR('',#13910,1.);
#3868=VECTOR('',#13915,1.);
#3869=VECTOR('',#13916,1.);
#3870=VECTOR('',#13925,1.);
#3871=VECTOR('',#13928,1.);
#3872=VECTOR('',#13931,1.);
#3873=VECTOR('',#13932,1.);
#3874=VECTOR('',#13933,1.);
#3875=VECTOR('',#13938,1.);
#3876=VECTOR('',#13943,1.);
#3877=VECTOR('',#13944,1.);
#3878=VECTOR('',#13953,1.);
#3879=VECTOR('',#13956,1.);
#3880=VECTOR('',#13959,1.);
#3881=VECTOR('',#13960,1.);
#3882=VECTOR('',#13961,1.);
#3883=VECTOR('',#13966,1.);
#3884=VECTOR('',#13971,1.);
#3885=VECTOR('',#13972,1.);
#3886=VECTOR('',#13981,1.);
#3887=VECTOR('',#13984,1.);
#3888=VECTOR('',#13987,1.);
#3889=VECTOR('',#13988,1.);
#3890=VECTOR('',#13989,1.);
#3891=VECTOR('',#13994,1.);
#3892=VECTOR('',#13999,1.);
#3893=VECTOR('',#14000,1.);
#3894=VECTOR('',#14009,1.);
#3895=VECTOR('',#14012,1.);
#3896=VECTOR('',#14015,1.);
#3897=VECTOR('',#14016,1.);
#3898=VECTOR('',#14017,1.);
#3899=VECTOR('',#14022,1.);
#3900=VECTOR('',#14027,1.);
#3901=VECTOR('',#14028,1.);
#3902=VECTOR('',#14037,1.);
#3903=VECTOR('',#14040,1.);
#3904=VECTOR('',#14043,1.);
#3905=VECTOR('',#14044,1.);
#3906=VECTOR('',#14045,1.);
#3907=VECTOR('',#14050,1.);
#3908=VECTOR('',#14055,1.);
#3909=VECTOR('',#14056,1.);
#3910=VECTOR('',#14065,1.);
#3911=VECTOR('',#14068,1.);
#3912=VECTOR('',#14071,1.);
#3913=VECTOR('',#14072,1.);
#3914=VECTOR('',#14073,1.);
#3915=VECTOR('',#14078,1.);
#3916=VECTOR('',#14083,1.);
#3917=VECTOR('',#14084,1.);
#3918=VECTOR('',#14093,1.);
#3919=VECTOR('',#14096,1.);
#3920=VECTOR('',#14099,1.);
#3921=VECTOR('',#14100,1.);
#3922=VECTOR('',#14101,1.);
#3923=VECTOR('',#14106,1.);
#3924=VECTOR('',#14111,1.);
#3925=VECTOR('',#14112,1.);
#3926=VECTOR('',#14121,1.);
#3927=VECTOR('',#14124,1.);
#3928=VECTOR('',#14127,1.);
#3929=VECTOR('',#14128,1.);
#3930=VECTOR('',#14129,1.);
#3931=VECTOR('',#14134,1.);
#3932=VECTOR('',#14139,1.);
#3933=VECTOR('',#14140,1.);
#3934=VECTOR('',#14149,0.15);
#3935=VECTOR('',#14156,0.15);
#3936=VECTOR('',#14163,0.25);
#3937=VECTOR('',#14172,0.25);
#3938=VECTOR('',#14181,1.);
#3939=VECTOR('',#14184,1.);
#3940=VECTOR('',#14189,1.);
#3941=VECTOR('',#14192,1.);
#3942=VECTOR('',#14197,1.);
#3943=VECTOR('',#14200,1.);
#3944=VECTOR('',#14205,1.);
#3945=VECTOR('',#14208,1.);
#3946=VECTOR('',#14213,1.);
#3947=VECTOR('',#14216,1.);
#3948=VECTOR('',#14221,1.);
#3949=VECTOR('',#14224,1.);
#3950=VECTOR('',#14229,1.);
#3951=VECTOR('',#14232,1.);
#3952=VECTOR('',#14237,1.);
#3953=VECTOR('',#14240,1.);
#3954=VECTOR('',#14245,1.);
#3955=VECTOR('',#14248,1.);
#3956=VECTOR('',#14253,1.);
#3957=VECTOR('',#14256,1.);
#3958=VECTOR('',#14261,1.);
#3959=VECTOR('',#14264,1.);
#3960=VECTOR('',#14269,1.);
#3961=VECTOR('',#14272,1.);
#3962=VECTOR('',#14275,1.);
#3963=VECTOR('',#14278,1.);
#3964=VECTOR('',#14283,1.);
#3965=VECTOR('',#14284,1.);
#3966=VECTOR('',#14285,1.);
#3967=VECTOR('',#14288,1.);
#3968=VECTOR('',#14289,1.);
#3969=VECTOR('',#14290,1.);
#3970=VECTOR('',#14293,1.);
#3971=VECTOR('',#14296,1.);
#3972=VECTOR('',#14303,1.);
#3973=VECTOR('',#14306,1.);
#3974=VECTOR('',#14311,1.);
#3975=VECTOR('',#14312,1.);
#3976=VECTOR('',#14313,1.);
#3977=VECTOR('',#14316,1.);
#3978=VECTOR('',#14323,1.);
#3979=VECTOR('',#14324,1.);
#3980=VECTOR('',#14325,1.);
#3981=VECTOR('',#14326,1.);
#3982=VECTOR('',#14329,1.);
#3983=VECTOR('',#14330,1.);
#3984=VECTOR('',#14331,1.);
#3985=VECTOR('',#14332,1.);
#3986=VECTOR('',#14337,1.);
#3987=VECTOR('',#14340,1.);
#3988=VECTOR('',#14343,1.);
#3989=VECTOR('',#14346,1.);
#3990=VECTOR('',#14349,1.);
#3991=VECTOR('',#14350,1.);
#3992=VECTOR('',#14351,1.);
#3993=VECTOR('',#14352,1.);
#3994=VECTOR('',#14353,1.);
#3995=VECTOR('',#14354,1.);
#3996=VECTOR('',#14355,1.);
#3997=VECTOR('',#14356,1.);
#3998=VECTOR('',#14357,1.);
#3999=VECTOR('',#14358,1.);
#4000=VECTOR('',#14359,1.);
#4001=VECTOR('',#14360,1.);
#4002=VECTOR('',#14361,1.);
#4003=VECTOR('',#14362,1.);
#4004=VECTOR('',#14363,1.);
#4005=VECTOR('',#14364,1.);
#4006=VECTOR('',#14365,1.);
#4007=VECTOR('',#14366,1.);
#4008=VECTOR('',#14367,1.);
#4009=VECTOR('',#14368,1.);
#4010=VECTOR('',#14369,1.);
#4011=VECTOR('',#14370,1.);
#4012=VECTOR('',#14371,1.);
#4013=VECTOR('',#14374,1.);
#4014=VECTOR('',#14377,1.);
#4015=VECTOR('',#14378,1.);
#4016=VECTOR('',#14379,1.);
#4017=VECTOR('',#14380,1.);
#4018=VECTOR('',#14381,1.);
#4019=VECTOR('',#14382,1.);
#4020=VECTOR('',#14383,1.);
#4021=VECTOR('',#14384,1.);
#4022=VECTOR('',#14385,1.);
#4023=VECTOR('',#14386,1.);
#4024=VECTOR('',#14387,1.);
#4025=VECTOR('',#14388,1.);
#4026=VECTOR('',#14389,1.);
#4027=VECTOR('',#14390,1.);
#4028=VECTOR('',#14391,1.);
#4029=VECTOR('',#14392,1.);
#4030=VECTOR('',#14395,1.);
#4031=VECTOR('',#14398,1.);
#4032=VECTOR('',#14399,1.);
#4033=VECTOR('',#14400,1.);
#4034=VECTOR('',#14403,1.);
#4035=VECTOR('',#14404,1.);
#4036=VECTOR('',#14405,1.);
#4037=VECTOR('',#14406,1.);
#4038=VECTOR('',#14409,1.);
#4039=VECTOR('',#14410,1.);
#4040=VECTOR('',#14411,1.);
#4041=VECTOR('',#14414,1.);
#4042=VECTOR('',#14415,1.);
#4043=VECTOR('',#14416,1.);
#4044=VECTOR('',#14417,1.);
#4045=VECTOR('',#14422,1.);
#4046=VECTOR('',#14423,1.);
#4047=VECTOR('',#14424,1.);
#4048=VECTOR('',#14425,1.);
#4049=VECTOR('',#14428,1.);
#4050=VECTOR('',#14429,1.);
#4051=VECTOR('',#14430,1.);
#4052=VECTOR('',#14431,1.);
#4053=VECTOR('',#14432,1.);
#4054=VECTOR('',#14433,1.);
#4055=VECTOR('',#14434,1.);
#4056=VECTOR('',#14435,1.);
#4057=VECTOR('',#14436,1.);
#4058=VECTOR('',#14437,1.);
#4059=VECTOR('',#14438,1.);
#4060=VECTOR('',#14439,1.);
#4061=VECTOR('',#14440,1.);
#4062=VECTOR('',#14441,1.);
#4063=VECTOR('',#14442,1.);
#4064=VECTOR('',#14443,1.);
#4065=VECTOR('',#14444,1.);
#4066=VECTOR('',#14445,1.);
#4067=VECTOR('',#14446,1.);
#4068=VECTOR('',#14447,1.);
#4069=VECTOR('',#14448,1.);
#4070=VECTOR('',#14451,1.);
#4071=VECTOR('',#14454,1.);
#4072=VECTOR('',#14455,1.);
#4073=VECTOR('',#14456,1.);
#4074=VECTOR('',#14457,1.);
#4075=VECTOR('',#14458,1.);
#4076=VECTOR('',#14459,1.);
#4077=VECTOR('',#14460,1.);
#4078=VECTOR('',#14461,1.);
#4079=VECTOR('',#14462,1.);
#4080=VECTOR('',#14463,1.);
#4081=VECTOR('',#14464,1.);
#4082=VECTOR('',#14465,1.);
#4083=VECTOR('',#14466,1.);
#4084=VECTOR('',#14467,1.);
#4085=VECTOR('',#14468,1.);
#4086=VECTOR('',#14469,1.);
#4087=VECTOR('',#14470,1.);
#4088=VECTOR('',#14471,1.);
#4089=VECTOR('',#14472,1.);
#4090=VECTOR('',#14473,1.);
#4091=VECTOR('',#14474,1.);
#4092=VECTOR('',#14475,1.);
#4093=VECTOR('',#14476,1.);
#4094=VECTOR('',#14477,1.);
#4095=VECTOR('',#14546,1.);
#4096=VECTOR('',#14587,1.);
#4097=VECTOR('',#14672,1.);
#4098=VECTOR('',#14673,1.);
#4099=VECTOR('',#14676,1.);
#4100=VECTOR('',#14677,1.);
#4101=VECTOR('',#14680,1.);
#4102=VECTOR('',#14685,1.);
#4103=VECTOR('',#14686,1.);
#4104=VECTOR('',#14689,1.);
#4105=VECTOR('',#14690,1.);
#4106=VECTOR('',#14693,1.);
#4107=VECTOR('',#14698,1.);
#4108=VECTOR('',#14699,1.);
#4109=VECTOR('',#14702,1.);
#4110=VECTOR('',#14703,1.);
#4111=VECTOR('',#14706,1.);
#4112=VECTOR('',#14711,1.);
#4113=VECTOR('',#14712,1.);
#4114=VECTOR('',#14715,1.);
#4115=VECTOR('',#14716,1.);
#4116=VECTOR('',#14719,1.);
#4117=VECTOR('',#14724,1.);
#4118=VECTOR('',#14725,1.);
#4119=VECTOR('',#14728,1.);
#4120=VECTOR('',#14729,1.);
#4121=VECTOR('',#14732,1.);
#4122=VECTOR('',#14737,1.);
#4123=VECTOR('',#14738,1.);
#4124=VECTOR('',#14741,1.);
#4125=VECTOR('',#14742,1.);
#4126=VECTOR('',#14745,1.);
#4127=VECTOR('',#14750,1.);
#4128=VECTOR('',#14751,1.);
#4129=VECTOR('',#14754,1.);
#4130=VECTOR('',#14755,1.);
#4131=VECTOR('',#14758,1.);
#4132=VECTOR('',#14763,1.);
#4133=VECTOR('',#14764,1.);
#4134=VECTOR('',#14767,1.);
#4135=VECTOR('',#14768,1.);
#4136=VECTOR('',#14771,1.);
#4137=VECTOR('',#14776,1.);
#4138=VECTOR('',#14777,1.);
#4139=VECTOR('',#14780,1.);
#4140=VECTOR('',#14781,1.);
#4141=VECTOR('',#14784,1.);
#4142=VECTOR('',#14789,1.);
#4143=VECTOR('',#14790,1.);
#4144=VECTOR('',#14793,1.);
#4145=VECTOR('',#14794,1.);
#4146=VECTOR('',#14797,1.);
#4147=VECTOR('',#14802,1.);
#4148=VECTOR('',#14803,1.);
#4149=VECTOR('',#14806,1.);
#4150=VECTOR('',#14807,1.);
#4151=VECTOR('',#14810,1.);
#4152=VECTOR('',#14815,1.);
#4153=VECTOR('',#14816,1.);
#4154=VECTOR('',#14819,1.);
#4155=VECTOR('',#14820,1.);
#4156=VECTOR('',#14823,1.);
#4157=VECTOR('',#14828,1.);
#4158=VECTOR('',#14829,1.);
#4159=VECTOR('',#14830,1.);
#4160=VECTOR('',#14831,1.);
#4161=VECTOR('',#14834,1.);
#4162=VECTOR('',#14835,1.);
#4163=VECTOR('',#14836,1.);
#4164=VECTOR('',#14839,1.);
#4165=VECTOR('',#14840,1.);
#4166=VECTOR('',#14841,1.);
#4167=VECTOR('',#14844,1.);
#4168=VECTOR('',#14845,1.);
#4169=VECTOR('',#14852,1.);
#4170=VECTOR('',#14853,1.);
#4171=VECTOR('',#14854,1.);
#4172=VECTOR('',#14855,1.);
#4173=VECTOR('',#14858,1.);
#4174=VECTOR('',#14859,1.);
#4175=VECTOR('',#14860,1.);
#4176=VECTOR('',#14863,1.);
#4177=VECTOR('',#14864,1.);
#4178=VECTOR('',#14865,1.);
#4179=VECTOR('',#14868,1.);
#4180=VECTOR('',#14869,1.);
#4181=VECTOR('',#14876,1.);
#4182=VECTOR('',#14877,1.);
#4183=VECTOR('',#14878,1.);
#4184=VECTOR('',#14879,1.);
#4185=VECTOR('',#14882,1.);
#4186=VECTOR('',#14883,1.);
#4187=VECTOR('',#14884,1.);
#4188=VECTOR('',#14887,1.);
#4189=VECTOR('',#14888,1.);
#4190=VECTOR('',#14889,1.);
#4191=VECTOR('',#14892,1.);
#4192=VECTOR('',#14893,1.);
#4193=VECTOR('',#14900,1.);
#4194=VECTOR('',#14901,1.);
#4195=VECTOR('',#14902,1.);
#4196=VECTOR('',#14903,1.);
#4197=VECTOR('',#14906,1.);
#4198=VECTOR('',#14907,1.);
#4199=VECTOR('',#14908,1.);
#4200=VECTOR('',#14911,1.);
#4201=VECTOR('',#14912,1.);
#4202=VECTOR('',#14913,1.);
#4203=VECTOR('',#14916,1.);
#4204=VECTOR('',#14917,1.);
#4205=VECTOR('',#14924,1.);
#4206=VECTOR('',#14925,1.);
#4207=VECTOR('',#14926,1.);
#4208=VECTOR('',#14927,1.);
#4209=VECTOR('',#14930,1.);
#4210=VECTOR('',#14931,1.);
#4211=VECTOR('',#14932,1.);
#4212=VECTOR('',#14935,1.);
#4213=VECTOR('',#14936,1.);
#4214=VECTOR('',#14937,1.);
#4215=VECTOR('',#14940,1.);
#4216=VECTOR('',#14941,1.);
#4217=VECTOR('',#14948,1.);
#4218=VECTOR('',#14949,1.);
#4219=VECTOR('',#14950,1.);
#4220=VECTOR('',#14951,1.);
#4221=VECTOR('',#14954,1.);
#4222=VECTOR('',#14955,1.);
#4223=VECTOR('',#14956,1.);
#4224=VECTOR('',#14959,1.);
#4225=VECTOR('',#14960,1.);
#4226=VECTOR('',#14961,1.);
#4227=VECTOR('',#14964,1.);
#4228=VECTOR('',#14965,1.);
#4229=VECTOR('',#14972,1.);
#4230=VECTOR('',#14973,1.);
#4231=VECTOR('',#14974,1.);
#4232=VECTOR('',#14975,1.);
#4233=VECTOR('',#14978,1.);
#4234=VECTOR('',#14979,1.);
#4235=VECTOR('',#14980,1.);
#4236=VECTOR('',#14983,1.);
#4237=VECTOR('',#14984,1.);
#4238=VECTOR('',#14985,1.);
#4239=VECTOR('',#14988,1.);
#4240=VECTOR('',#14989,1.);
#4241=VECTOR('',#14996,1.);
#4242=VECTOR('',#14997,1.);
#4243=VECTOR('',#14998,1.);
#4244=VECTOR('',#14999,1.);
#4245=VECTOR('',#15002,1.);
#4246=VECTOR('',#15003,1.);
#4247=VECTOR('',#15004,1.);
#4248=VECTOR('',#15007,1.);
#4249=VECTOR('',#15008,1.);
#4250=VECTOR('',#15009,1.);
#4251=VECTOR('',#15012,1.);
#4252=VECTOR('',#15013,1.);
#4253=VECTOR('',#15020,1.);
#4254=VECTOR('',#15021,1.);
#4255=VECTOR('',#15022,1.);
#4256=VECTOR('',#15023,1.);
#4257=VECTOR('',#15026,1.);
#4258=VECTOR('',#15027,1.);
#4259=VECTOR('',#15028,1.);
#4260=VECTOR('',#15031,1.);
#4261=VECTOR('',#15032,1.);
#4262=VECTOR('',#15033,1.);
#4263=VECTOR('',#15036,1.);
#4264=VECTOR('',#15037,1.);
#4265=VECTOR('',#15044,1.);
#4266=VECTOR('',#15045,1.);
#4267=VECTOR('',#15046,1.);
#4268=VECTOR('',#15047,1.);
#4269=VECTOR('',#15050,1.);
#4270=VECTOR('',#15051,1.);
#4271=VECTOR('',#15052,1.);
#4272=VECTOR('',#15055,1.);
#4273=VECTOR('',#15056,1.);
#4274=VECTOR('',#15057,1.);
#4275=VECTOR('',#15060,1.);
#4276=VECTOR('',#15061,1.);
#4277=VECTOR('',#15068,1.);
#4278=VECTOR('',#15069,1.);
#4279=VECTOR('',#15070,1.);
#4280=VECTOR('',#15071,1.);
#4281=VECTOR('',#15074,1.);
#4282=VECTOR('',#15075,1.);
#4283=VECTOR('',#15076,1.);
#4284=VECTOR('',#15079,1.);
#4285=VECTOR('',#15080,1.);
#4286=VECTOR('',#15081,1.);
#4287=VECTOR('',#15084,1.);
#4288=VECTOR('',#15085,1.);
#4289=VECTOR('',#15092,1.);
#4290=VECTOR('',#15093,1.);
#4291=VECTOR('',#15094,1.);
#4292=VECTOR('',#15095,1.);
#4293=VECTOR('',#15098,1.);
#4294=VECTOR('',#15099,1.);
#4295=VECTOR('',#15100,1.);
#4296=VECTOR('',#15103,1.);
#4297=VECTOR('',#15104,1.);
#4298=VECTOR('',#15105,1.);
#4299=VECTOR('',#15108,1.);
#4300=VECTOR('',#15109,1.);
#4301=VECTOR('',#15116,1.);
#4302=VECTOR('',#15121,1.);
#4303=VECTOR('',#15124,1.);
#4304=VECTOR('',#15127,1.);
#4305=VECTOR('',#15130,1.);
#4306=VECTOR('',#15131,1.);
#4307=VECTOR('',#15132,1.);
#4308=VECTOR('',#15133,1.);
#4309=VECTOR('',#15134,1.);
#4310=VECTOR('',#15137,1.);
#4311=VECTOR('',#15140,1.);
#4312=VECTOR('',#15143,1.);
#4313=VECTOR('',#15144,1.);
#4314=VECTOR('',#15145,1.);
#4315=VECTOR('',#15150,1.);
#4316=VECTOR('',#15155,1.);
#4317=VECTOR('',#15158,1.);
#4318=VECTOR('',#15159,1.);
#4319=VECTOR('',#15160,1.);
#4320=VECTOR('',#15163,1.);
#4321=VECTOR('',#15166,1.);
#4322=VECTOR('',#15169,1.);
#4323=VECTOR('',#15170,1.);
#4324=VECTOR('',#15171,1.);
#4325=VECTOR('',#15172,1.);
#4326=VECTOR('',#15173,1.);
#4327=VECTOR('',#15176,1.);
#4328=VECTOR('',#15179,1.);
#4329=VECTOR('',#15184,1.);
#4330=VECTOR('',#15185,1.);
#4331=VECTOR('',#15188,1.);
#4332=VECTOR('',#15189,1.);
#4333=VECTOR('',#15192,1.);
#4334=VECTOR('',#15193,1.);
#4335=VECTOR('',#15194,1.);
#4336=VECTOR('',#15195,1.);
#4337=VECTOR('',#15196,1.);
#4338=VECTOR('',#15197,1.);
#4339=VECTOR('',#15198,1.);
#4340=VECTOR('',#15199,1.);
#4341=VECTOR('',#15200,1.);
#4342=VECTOR('',#15201,1.);
#4343=VECTOR('',#15202,1.);
#4344=VECTOR('',#15203,1.);
#4345=VECTOR('',#15204,1.);
#4346=VECTOR('',#15205,1.);
#4347=VECTOR('',#15206,1.);
#4348=VECTOR('',#15207,1.);
#4349=VECTOR('',#15208,1.);
#4350=VECTOR('',#15209,1.);
#4351=VECTOR('',#15210,1.);
#4352=VECTOR('',#15211,1.);
#4353=VECTOR('',#15212,1.);
#4354=VECTOR('',#15213,1.);
#4355=VECTOR('',#15214,1.);
#4356=VECTOR('',#15215,1.);
#4357=VECTOR('',#15218,1.);
#4358=VECTOR('',#15221,1.);
#4359=VECTOR('',#15224,1.);
#4360=VECTOR('',#15225,1.);
#4361=VECTOR('',#15226,1.);
#4362=VECTOR('',#15229,1.);
#4363=VECTOR('',#15246,1.);
#4364=VECTOR('',#15247,1.);
#4365=VECTOR('',#15248,1.);
#4366=VECTOR('',#15249,1.);
#4367=VECTOR('',#15250,1.);
#4368=VECTOR('',#15251,1.);
#4369=VECTOR('',#15252,1.);
#4370=VECTOR('',#15253,1.);
#4371=VECTOR('',#15254,1.);
#4372=VECTOR('',#15255,1.);
#4373=VECTOR('',#15256,1.);
#4374=VECTOR('',#15257,1.);
#4375=VECTOR('',#15258,1.);
#4376=VECTOR('',#15259,1.);
#4377=VECTOR('',#15260,1.);
#4378=VECTOR('',#15261,1.);
#4379=VECTOR('',#15262,1.);
#4380=VECTOR('',#15263,1.);
#4381=VECTOR('',#15264,1.);
#4382=VECTOR('',#15265,1.);
#4383=VECTOR('',#15266,1.);
#4384=VECTOR('',#15267,1.);
#4385=VECTOR('',#15268,1.);
#4386=VECTOR('',#15269,1.);
#4387=VECTOR('',#15286,1.);
#4388=VECTOR('',#15291,1.);
#4389=VECTOR('',#15298,1.);
#4390=VECTOR('',#15303,1.);
#4391=VECTOR('',#15306,1.);
#4392=VECTOR('',#15307,1.);
#4393=VECTOR('',#15308,1.);
#4394=VECTOR('',#15311,1.);
#4395=VECTOR('',#15314,1.);
#4396=VECTOR('',#15317,1.);
#4397=VECTOR('',#15318,1.);
#4398=VECTOR('',#15319,1.);
#4399=VECTOR('',#15322,1.);
#4400=VECTOR('',#15325,1.);
#4401=VECTOR('',#15330,1.);
#4402=VECTOR('',#15331,1.);
#4403=VECTOR('',#15332,1.);
#4404=VECTOR('',#15333,1.);
#4405=VECTOR('',#15334,1.);
#4406=VECTOR('',#15335,1.);
#4407=VECTOR('',#15336,1.);
#4408=VECTOR('',#15337,1.);
#4409=VECTOR('',#15338,1.);
#4410=VECTOR('',#15339,1.);
#4411=VECTOR('',#15340,1.);
#4412=VECTOR('',#15349,1.);
#4413=VECTOR('',#15352,1.);
#4414=VECTOR('',#15355,1.);
#4415=VECTOR('',#15358,1.);
#4416=VECTOR('',#15371,1.);
#4417=VECTOR('',#15376,1.);
#4418=VECTOR('',#15379,1.);
#4419=VECTOR('',#15382,1.);
#4420=VECTOR('',#15385,1.);
#4421=VECTOR('',#15386,1.);
#4422=VECTOR('',#15387,1.);
#4423=VECTOR('',#15390,1.);
#4424=VECTOR('',#15393,1.);
#4425=VECTOR('',#15396,1.);
#4426=VECTOR('',#15397,1.);
#4427=VECTOR('',#15398,1.);
#4428=VECTOR('',#15409,1.);
#4429=VECTOR('',#15414,1.);
#4430=VECTOR('',#15415,1.);
#4431=VECTOR('',#15416,1.);
#4432=VECTOR('',#15417,1.);
#4433=VECTOR('',#15418,1.);
#4434=VECTOR('',#15419,1.);
#4435=VECTOR('',#15420,1.);
#4436=VECTOR('',#15421,1.);
#4437=VECTOR('',#15422,1.);
#4438=VECTOR('',#15423,1.);
#4439=VECTOR('',#15430,0.99999999999962);
#4440=VECTOR('',#15431,0.99999999999962);
#4441=VECTOR('',#15434,0.99999999999962);
#4442=VECTOR('',#15437,0.99999999999962);
#4443=VECTOR('',#15440,0.99999999999962);
#4444=VECTOR('',#15443,0.99999999999962);
#4445=VECTOR('',#15446,0.99999999999962);
#4446=VECTOR('',#15449,0.99999999999962);
#4447=VECTOR('',#15454,1.);
#4448=VECTOR('',#15455,1.);
#4449=VECTOR('',#15458,1.);
#4450=VECTOR('',#15461,1.);
#4451=VECTOR('',#15462,1.);
#4452=VECTOR('',#15465,1.);
#4453=VECTOR('',#15466,1.);
#4454=VECTOR('',#15471,1.);
#4455=VECTOR('',#15472,1.);
#4456=VECTOR('',#15475,1.);
#4457=VECTOR('',#15476,1.);
#4458=VECTOR('',#15479,1.);
#4459=VECTOR('',#15480,1.);
#4460=VECTOR('',#15483,1.);
#4461=VECTOR('',#15484,1.);
#4462=VECTOR('',#15487,1.);
#4463=VECTOR('',#15488,1.);
#4464=VECTOR('',#15491,1.);
#4465=VECTOR('',#15492,1.);
#4466=VECTOR('',#15501,1.);
#4467=VECTOR('',#15514,1.);
#4468=VECTOR('',#15515,1.);
#4469=VECTOR('',#15518,1.);
#4470=VECTOR('',#15521,1.);
#4471=VECTOR('',#15522,1.);
#4472=VECTOR('',#15525,1.);
#4473=VECTOR('',#15528,1.);
#4474=VECTOR('',#15531,1.);
#4475=VECTOR('',#15532,1.);
#4476=VECTOR('',#15535,1.);
#4477=VECTOR('',#15536,1.);
#4478=VECTOR('',#15539,1.);
#4479=VECTOR('',#15540,1.);
#4480=VECTOR('',#15543,1.);
#4481=VECTOR('',#15544,1.);
#4482=VECTOR('',#15553,1.);
#4483=VECTOR('',#15568,1.);
#4484=VECTOR('',#15569,1.);
#4485=VECTOR('',#15570,1.);
#4486=VECTOR('',#15573,1.);
#4487=VECTOR('',#15574,1.);
#4488=VECTOR('',#15577,1.);
#4489=VECTOR('',#15578,1.);
#4490=VECTOR('',#15581,1.);
#4491=VECTOR('',#15584,1.);
#4492=VECTOR('',#15585,1.);
#4493=VECTOR('',#15586,1.);
#4494=VECTOR('',#15589,1.);
#4495=VECTOR('',#15590,1.);
#4496=VECTOR('',#15593,1.);
#4497=VECTOR('',#15594,1.);
#4498=VECTOR('',#15597,1.);
#4499=VECTOR('',#15600,1.);
#4500=VECTOR('',#15601,1.);
#4501=VECTOR('',#15602,1.);
#4502=VECTOR('',#15605,1.);
#4503=VECTOR('',#15606,1.);
#4504=VECTOR('',#15609,1.);
#4505=VECTOR('',#15610,1.);
#4506=VECTOR('',#15613,1.);
#4507=VECTOR('',#15616,1.);
#4508=VECTOR('',#15617,1.);
#4509=VECTOR('',#15618,1.);
#4510=VECTOR('',#15621,1.);
#4511=VECTOR('',#15622,1.);
#4512=VECTOR('',#15625,1.);
#4513=VECTOR('',#15626,1.);
#4514=VECTOR('',#15629,1.);
#4515=VECTOR('',#15632,1.00000000000065);
#4516=VECTOR('',#15633,1.00000000000065);
#4517=VECTOR('',#15636,1.00000000000065);
#4518=VECTOR('',#15639,1.00000000000065);
#4519=VECTOR('',#15644,1.00000000000065);
#4520=VECTOR('',#15645,1.00000000000065);
#4521=VECTOR('',#15648,1.00000000000065);
#4522=VECTOR('',#15651,1.00000000000065);
#4523=VECTOR('',#15656,1.00000000000065);
#4524=VECTOR('',#15657,1.00000000000065);
#4525=VECTOR('',#15660,1.00000000000065);
#4526=VECTOR('',#15663,1.00000000000065);
#4527=VECTOR('',#15668,1.00000000000065);
#4528=VECTOR('',#15669,1.00000000000065);
#4529=VECTOR('',#15672,1.00000000000065);
#4530=VECTOR('',#15675,1.00000000000065);
#4531=VECTOR('',#15684,1.);
#4532=VECTOR('',#15687,1.);
#4533=VECTOR('',#15690,1.00000000000045);
#4534=VECTOR('',#15691,1.);
#4535=VECTOR('',#15692,1.00000000000045);
#4536=VECTOR('',#15697,1.);
#4537=VECTOR('',#15702,1.);
#4538=VECTOR('',#15703,1.);
#4539=VECTOR('',#15704,1.);
#4540=VECTOR('',#15707,1.);
#4541=VECTOR('',#15708,1.);
#4542=VECTOR('',#15709,1.);
#4543=VECTOR('',#15712,1.);
#4544=VECTOR('',#15713,1.);
#4545=VECTOR('',#15714,1.);
#4546=VECTOR('',#15717,1.);
#4547=VECTOR('',#15718,1.);
#4548=VECTOR('',#15719,1.);
#4549=VECTOR('',#15724,1.);
#4550=VECTOR('',#15729,1.);
#4551=VECTOR('',#15730,0.999999999999521);
#4552=VECTOR('',#15731,0.999999999999521);
#4553=VECTOR('',#15736,1.);
#4554=VECTOR('',#15741,1.);
#4555=VECTOR('',#15742,1.);
#4556=VECTOR('',#15751,1.);
#4557=VECTOR('',#15754,1.);
#4558=VECTOR('',#15757,1.00000000000045);
#4559=VECTOR('',#15758,1.);
#4560=VECTOR('',#15759,1.00000000000045);
#4561=VECTOR('',#15764,1.);
#4562=VECTOR('',#15769,1.);
#4563=VECTOR('',#15770,1.);
#4564=VECTOR('',#15771,1.);
#4565=VECTOR('',#15774,1.);
#4566=VECTOR('',#15775,1.);
#4567=VECTOR('',#15776,1.);
#4568=VECTOR('',#15779,1.);
#4569=VECTOR('',#15780,1.);
#4570=VECTOR('',#15781,1.);
#4571=VECTOR('',#15784,1.);
#4572=VECTOR('',#15785,1.);
#4573=VECTOR('',#15786,1.);
#4574=VECTOR('',#15791,1.);
#4575=VECTOR('',#15796,1.);
#4576=VECTOR('',#15797,0.999999999999521);
#4577=VECTOR('',#15798,0.999999999999521);
#4578=VECTOR('',#15803,1.);
#4579=VECTOR('',#15808,1.);
#4580=VECTOR('',#15809,1.);
#4581=VECTOR('',#15818,1.);
#4582=VECTOR('',#15821,1.);
#4583=VECTOR('',#15824,1.00000000000045);
#4584=VECTOR('',#15825,1.);
#4585=VECTOR('',#15826,1.00000000000045);
#4586=VECTOR('',#15831,1.);
#4587=VECTOR('',#15836,1.);
#4588=VECTOR('',#15837,1.);
#4589=VECTOR('',#15838,1.);
#4590=VECTOR('',#15841,1.);
#4591=VECTOR('',#15842,1.);
#4592=VECTOR('',#15843,1.);
#4593=VECTOR('',#15846,1.);
#4594=VECTOR('',#15847,1.);
#4595=VECTOR('',#15848,1.);
#4596=VECTOR('',#15851,1.);
#4597=VECTOR('',#15852,1.);
#4598=VECTOR('',#15853,1.);
#4599=VECTOR('',#15858,1.);
#4600=VECTOR('',#15863,1.);
#4601=VECTOR('',#15864,0.999999999999521);
#4602=VECTOR('',#15865,0.999999999999521);
#4603=VECTOR('',#15870,1.);
#4604=VECTOR('',#15875,1.);
#4605=VECTOR('',#15876,1.);
#4606=VECTOR('',#15885,1.);
#4607=VECTOR('',#15888,1.);
#4608=VECTOR('',#15891,1.00000000000045);
#4609=VECTOR('',#15892,1.);
#4610=VECTOR('',#15893,1.00000000000045);
#4611=VECTOR('',#15898,1.);
#4612=VECTOR('',#15903,1.);
#4613=VECTOR('',#15904,1.);
#4614=VECTOR('',#15905,1.);
#4615=VECTOR('',#15908,1.);
#4616=VECTOR('',#15909,1.);
#4617=VECTOR('',#15910,1.);
#4618=VECTOR('',#15913,1.);
#4619=VECTOR('',#15914,1.);
#4620=VECTOR('',#15915,1.);
#4621=VECTOR('',#15918,1.);
#4622=VECTOR('',#15919,1.);
#4623=VECTOR('',#15920,1.);
#4624=VECTOR('',#15925,1.);
#4625=VECTOR('',#15930,1.);
#4626=VECTOR('',#15931,0.999999999999521);
#4627=VECTOR('',#15932,0.999999999999521);
#4628=VECTOR('',#15937,1.);
#4629=VECTOR('',#15942,1.);
#4630=VECTOR('',#15943,1.);
#4631=VECTOR('',#15952,0.3);
#4632=VECTOR('',#15967,1.);
#4633=VECTOR('',#15968,1.);
#4634=VECTOR('',#15969,1.);
#4635=VECTOR('',#15970,1.);
#4636=VECTOR('',#15971,1.);
#4637=VECTOR('',#15972,1.);
#4638=VECTOR('',#15973,1.);
#4639=VECTOR('',#15974,1.);
#4640=VECTOR('',#15977,1.);
#4641=VECTOR('',#15978,1.);
#4642=VECTOR('',#15979,1.);
#4643=VECTOR('',#15984,1.);
#4644=VECTOR('',#15985,1.);
#4645=VECTOR('',#15988,1.);
#4646=VECTOR('',#15989,1.);
#4647=VECTOR('',#15990,1.);
#4648=VECTOR('',#15991,1.);
#4649=VECTOR('',#15992,1.);
#4650=VECTOR('',#15993,1.);
#4651=VECTOR('',#15994,1.);
#4652=VECTOR('',#15995,1.);
#4653=VECTOR('',#15996,1.);
#4654=VECTOR('',#15997,1.);
#4655=VECTOR('',#16000,1.);
#4656=VECTOR('',#16001,1.);
#4657=VECTOR('',#16006,1.);
#4658=VECTOR('',#16007,1.);
#4659=VECTOR('',#16012,1.);
#4660=VECTOR('',#16017,1.);
#4661=VECTOR('',#16020,1.);
#4662=VECTOR('',#16023,1.);
#4663=VECTOR('',#16026,1.);
#4664=VECTOR('',#16029,1.);
#4665=VECTOR('',#16032,1.);
#4666=VECTOR('',#16033,1.);
#4667=VECTOR('',#16034,1.);
#4668=VECTOR('',#16037,1.);
#4669=VECTOR('',#16040,1.);
#4670=VECTOR('',#16041,1.);
#4671=VECTOR('',#16042,1.);
#4672=VECTOR('',#16045,1.);
#4673=VECTOR('',#16046,1.);
#4674=VECTOR('',#16049,1.);
#4675=VECTOR('',#16050,1.);
#4676=VECTOR('',#16053,1.);
#4677=VECTOR('',#16054,1.);
#4678=VECTOR('',#16055,1.);
#4679=VECTOR('',#16056,1.);
#4680=VECTOR('',#16057,1.);
#4681=VECTOR('',#16060,1.);
#4682=VECTOR('',#16061,1.);
#4683=VECTOR('',#16064,1.);
#4684=VECTOR('',#16079,1.);
#4685=VECTOR('',#16080,1.);
#4686=VECTOR('',#16081,1.);
#4687=VECTOR('',#16082,1.);
#4688=VECTOR('',#16089,1.);
#4689=VECTOR('',#16092,1.);
#4690=VECTOR('',#16093,1.);
#4691=VECTOR('',#16094,1.);
#4692=VECTOR('',#16097,1.);
#4693=VECTOR('',#16098,1.);
#4694=VECTOR('',#16099,1.);
#4695=VECTOR('',#16102,1.);
#4696=VECTOR('',#16103,1.);
#4697=VECTOR('',#16104,1.);
#4698=VECTOR('',#16107,1.);
#4699=VECTOR('',#16108,1.);
#4700=VECTOR('',#16109,1.);
#4701=VECTOR('',#16112,1.);
#4702=VECTOR('',#16113,1.);
#4703=VECTOR('',#16114,1.);
#4704=VECTOR('',#16121,1.);
#4705=VECTOR('',#16124,1.);
#4706=VECTOR('',#16125,1.);
#4707=VECTOR('',#16126,1.);
#4708=VECTOR('',#16129,1.);
#4709=VECTOR('',#16130,1.);
#4710=VECTOR('',#16131,1.);
#4711=VECTOR('',#16134,1.);
#4712=VECTOR('',#16135,1.);
#4713=VECTOR('',#16136,1.);
#4714=VECTOR('',#16139,1.);
#4715=VECTOR('',#16140,1.);
#4716=VECTOR('',#16141,1.);
#4717=VECTOR('',#16144,1.);
#4718=VECTOR('',#16145,1.);
#4719=VECTOR('',#16146,1.);
#4720=VECTOR('',#16153,1.);
#4721=VECTOR('',#16156,1.);
#4722=VECTOR('',#16157,1.);
#4723=VECTOR('',#16158,1.);
#4724=VECTOR('',#16161,1.);
#4725=VECTOR('',#16162,1.);
#4726=VECTOR('',#16163,1.);
#4727=VECTOR('',#16166,1.);
#4728=VECTOR('',#16167,1.);
#4729=VECTOR('',#16168,1.);
#4730=VECTOR('',#16171,1.);
#4731=VECTOR('',#16172,1.);
#4732=VECTOR('',#16173,1.);
#4733=VECTOR('',#16176,1.);
#4734=VECTOR('',#16177,1.);
#4735=VECTOR('',#16178,1.);
#4736=VECTOR('',#16185,1.);
#4737=VECTOR('',#16188,1.);
#4738=VECTOR('',#16189,1.);
#4739=VECTOR('',#16190,1.);
#4740=VECTOR('',#16193,1.);
#4741=VECTOR('',#16194,1.);
#4742=VECTOR('',#16195,1.);
#4743=VECTOR('',#16198,1.);
#4744=VECTOR('',#16199,1.);
#4745=VECTOR('',#16200,1.);
#4746=VECTOR('',#16203,1.);
#4747=VECTOR('',#16204,1.);
#4748=VECTOR('',#16209,1.2);
#4749=VECTOR('',#16220,1.15);
#4750=VECTOR('',#16237,0.3);
#4751=VECTOR('',#16254,0.3);
#4752=VECTOR('',#16271,0.3);
#4753=VECTOR('',#16288,1.);
#4754=VECTOR('',#16291,1.);
#4755=VECTOR('',#16296,1.);
#4756=VECTOR('',#16297,0.999999999999919);
#4757=VECTOR('',#16298,0.999999999999919);
#4758=VECTOR('',#16301,1.);
#4759=VECTOR('',#16302,1.);
#4760=VECTOR('',#16303,1.);
#4761=VECTOR('',#16308,1.);
#4762=VECTOR('',#16311,1.);
#4763=VECTOR('',#16314,1.);
#4764=VECTOR('',#16315,1.);
#4765=VECTOR('',#16316,1.);
#4766=VECTOR('',#16317,1.);
#4767=VECTOR('',#16318,0.999999999999731);
#4768=VECTOR('',#16319,1.);
#4769=VECTOR('',#16326,1.);
#4770=VECTOR('',#16329,1.);
#4771=VECTOR('',#16332,1.);
#4772=VECTOR('',#16335,1.);
#4773=VECTOR('',#16342,1.);
#4774=VECTOR('',#16345,1.);
#4775=VECTOR('',#16348,1.);
#4776=VECTOR('',#16351,1.);
#4777=VECTOR('',#16352,0.999999999999531);
#4778=VECTOR('',#16353,0.999999999999589);
#4779=VECTOR('',#16354,1.);
#4780=VECTOR('',#16355,1.);
#4781=VECTOR('',#16356,1.);
#4782=VECTOR('',#16357,0.999999999999884);
#4783=VECTOR('',#16362,1.);
#4784=VECTOR('',#16365,1.);
#4785=VECTOR('',#16368,1.);
#4786=VECTOR('',#16369,1.);
#4787=VECTOR('',#16370,0.999999999999731);
#4788=VECTOR('',#16371,1.);
#4789=VECTOR('',#16372,1.);
#4790=VECTOR('',#16373,1.);
#4791=VECTOR('',#16380,1.);
#4792=VECTOR('',#16383,1.);
#4793=VECTOR('',#16386,1.);
#4794=VECTOR('',#16389,1.);
#4795=VECTOR('',#16396,1.);
#4796=VECTOR('',#16399,1.);
#4797=VECTOR('',#16402,1.);
#4798=VECTOR('',#16405,1.);
#4799=VECTOR('',#16406,0.999999999999531);
#4800=VECTOR('',#16407,0.999999999999884);
#4801=VECTOR('',#16408,1.);
#4802=VECTOR('',#16409,1.);
#4803=VECTOR('',#16410,1.);
#4804=VECTOR('',#16411,0.999999999999589);
#4805=VECTOR('',#16414,1.);
#4806=VECTOR('',#16417,1.);
#4807=VECTOR('',#16420,1.);
#4808=VECTOR('',#16423,1.);
#4809=VECTOR('',#16428,1.);
#4810=VECTOR('',#16429,1.);
#4811=VECTOR('',#16432,1.);
#4812=VECTOR('',#16435,1.);
#4813=VECTOR('',#16438,1.);
#4814=VECTOR('',#16441,1.);
#4815=VECTOR('',#16446,1.1);
#4816=VECTOR('',#16449,1.1);
#4817=VECTOR('',#16452,1.);
#4818=VECTOR('',#16453,1.);
#4819=VECTOR('',#16456,1.);
#4820=VECTOR('',#16459,1.);
#4821=VECTOR('',#16464,1.);
#4822=VECTOR('',#16465,1.);
#4823=VECTOR('',#16468,1.);
#4824=VECTOR('',#16471,1.);
#4825=VECTOR('',#16476,0.325);
#4826=VECTOR('',#16479,0.325);
#4827=VECTOR('',#16482,1.);
#4828=VECTOR('',#16483,1.);
#4829=VECTOR('',#16486,1.);
#4830=VECTOR('',#16489,1.);
#4831=VECTOR('',#16494,1.);
#4832=VECTOR('',#16495,1.);
#4833=VECTOR('',#16498,1.);
#4834=VECTOR('',#16501,1.);
#4835=VECTOR('',#16506,1.);
#4836=VECTOR('',#16507,1.);
#4837=VECTOR('',#16510,1.);
#4838=VECTOR('',#16513,1.);
#4839=VECTOR('',#16516,1.);
#4840=VECTOR('',#16519,1.);
#4841=VECTOR('',#16532,10.);
#4842=VECTOR('',#16535,10.);
#4843=VECTOR('',#16538,10.);
#4844=VECTOR('',#16541,10.);
#4845=VECTOR('',#16546,10.);
#4846=VECTOR('',#16549,10.9450773);
#4847=VECTOR('',#16552,10.);
#4848=VECTOR('',#16553,10.9450773);
#4849=VECTOR('',#16556,10.);
#4850=VECTOR('',#16561,10.);
#4851=VECTOR('',#16562,10.9450773);
#4852=VECTOR('',#16563,10.);
#4853=VECTOR('',#16564,10.);
#4854=VECTOR('',#16565,10.);
#4855=VECTOR('',#16566,10.);
#4856=VECTOR('',#16567,10.);
#4857=VECTOR('',#16568,10.);
#4858=VECTOR('',#16569,10.);
#4859=VECTOR('',#16570,10.);
#4860=VECTOR('',#16571,10.);
#4861=VECTOR('',#16572,10.);
#4862=VECTOR('',#16573,10.);
#4863=VECTOR('',#16574,10.);
#4864=VECTOR('',#16575,10.);
#4865=VECTOR('',#16576,10.);
#4866=VECTOR('',#16577,10.);
#4867=VECTOR('',#16578,10.);
#4868=VECTOR('',#16583,0.9);
#4869=VECTOR('',#16592,0.9);
#4870=VECTOR('',#16599,10.);
#4871=VECTOR('',#16600,10.);
#4872=VECTOR('',#16601,10.);
#4873=VECTOR('',#16604,10.);
#4874=VECTOR('',#16605,10.);
#4875=VECTOR('',#16608,10.);
#4876=VECTOR('',#16609,10.);
#4877=VECTOR('',#16612,10.);
#4878=VECTOR('',#16615,10.);
#4879=VECTOR('',#16616,10.);
#4880=VECTOR('',#16617,10.);
#4881=VECTOR('',#16620,10.);
#4882=VECTOR('',#16621,10.);
#4883=VECTOR('',#16624,10.);
#4884=VECTOR('',#16625,10.);
#4885=VECTOR('',#16628,10.);
#4886=VECTOR('',#16631,10.);
#4887=VECTOR('',#16632,10.);
#4888=VECTOR('',#16633,10.);
#4889=VECTOR('',#16636,10.);
#4890=VECTOR('',#16637,10.);
#4891=VECTOR('',#16640,10.);
#4892=VECTOR('',#16641,10.);
#4893=VECTOR('',#16644,10.);
#4894=VECTOR('',#16647,10.);
#4895=VECTOR('',#16648,10.);
#4896=VECTOR('',#16649,10.);
#4897=VECTOR('',#16652,10.);
#4898=VECTOR('',#16653,10.);
#4899=VECTOR('',#16656,10.);
#4900=VECTOR('',#16657,10.);
#4901=VECTOR('',#16660,10.);
#4902=VECTOR('',#16663,10.);
#4903=VECTOR('',#16664,10.);
#4904=VECTOR('',#16665,10.);
#4905=VECTOR('',#16666,10.);
#4906=VECTOR('',#16669,10.);
#4907=VECTOR('',#16670,10.);
#4908=VECTOR('',#16671,10.);
#4909=VECTOR('',#16674,10.);
#4910=VECTOR('',#16675,10.);
#4911=VECTOR('',#16676,10.);
#4912=VECTOR('',#16679,10.);
#4913=VECTOR('',#16680,10.);
#4914=VECTOR('',#16683,10.);
#4915=VECTOR('',#16684,10.);
#4916=VECTOR('',#16685,10.);
#4917=VECTOR('',#16686,10.);
#4918=VECTOR('',#16689,10.);
#4919=VECTOR('',#16690,10.);
#4920=VECTOR('',#16691,10.);
#4921=VECTOR('',#16694,10.);
#4922=VECTOR('',#16695,10.);
#4923=VECTOR('',#16696,10.);
#4924=VECTOR('',#16699,10.);
#4925=VECTOR('',#16700,10.);
#4926=VECTOR('',#16705,10.);
#4927=VECTOR('',#16706,10.);
#4928=VECTOR('',#16707,10.);
#4929=VECTOR('',#16708,10.);
#4930=VECTOR('',#16711,10.);
#4931=VECTOR('',#16712,10.);
#4932=VECTOR('',#16713,10.);
#4933=VECTOR('',#16716,10.);
#4934=VECTOR('',#16717,10.);
#4935=VECTOR('',#16718,10.);
#4936=VECTOR('',#16721,10.);
#4937=VECTOR('',#16722,10.);
#4938=VECTOR('',#16725,10.);
#4939=VECTOR('',#16726,10.);
#4940=VECTOR('',#16727,10.);
#4941=VECTOR('',#16728,10.);
#4942=VECTOR('',#16731,10.);
#4943=VECTOR('',#16732,10.);
#4944=VECTOR('',#16733,10.);
#4945=VECTOR('',#16736,10.);
#4946=VECTOR('',#16737,10.);
#4947=VECTOR('',#16738,10.);
#4948=VECTOR('',#16741,10.);
#4949=VECTOR('',#16742,10.);
#4950=VECTOR('',#16745,10.);
#4951=VECTOR('',#16746,10.);
#4952=VECTOR('',#16747,10.);
#4953=VECTOR('',#16748,10.);
#4954=VECTOR('',#16751,10.);
#4955=VECTOR('',#16752,10.);
#4956=VECTOR('',#16753,10.);
#4957=VECTOR('',#16756,10.);
#4958=VECTOR('',#16757,10.);
#4959=VECTOR('',#16758,10.);
#4960=VECTOR('',#16761,10.);
#4961=VECTOR('',#16762,10.);
#4962=VECTOR('',#16765,10.);
#4963=VECTOR('',#16766,10.);
#4964=VECTOR('',#16767,10.);
#4965=VECTOR('',#16768,10.);
#4966=VECTOR('',#16771,10.);
#4967=VECTOR('',#16772,10.);
#4968=VECTOR('',#16773,10.);
#4969=VECTOR('',#16776,10.);
#4970=VECTOR('',#16777,10.);
#4971=VECTOR('',#16778,10.);
#4972=VECTOR('',#16781,10.);
#4973=VECTOR('',#16782,10.);
#4974=VECTOR('',#16785,10.);
#4975=VECTOR('',#16786,10.);
#4976=VECTOR('',#16787,10.);
#4977=VECTOR('',#16788,10.);
#4978=VECTOR('',#16791,10.);
#4979=VECTOR('',#16792,10.);
#4980=VECTOR('',#16793,10.);
#4981=VECTOR('',#16796,10.);
#4982=VECTOR('',#16797,10.);
#4983=VECTOR('',#16798,10.);
#4984=VECTOR('',#16801,10.);
#4985=VECTOR('',#16802,10.);
#4986=VECTOR('',#16805,10.);
#4987=VECTOR('',#16806,10.);
#4988=VECTOR('',#16807,10.);
#4989=VECTOR('',#16808,10.);
#4990=VECTOR('',#16811,10.);
#4991=VECTOR('',#16812,10.);
#4992=VECTOR('',#16813,10.);
#4993=VECTOR('',#16816,10.);
#4994=VECTOR('',#16817,10.);
#4995=VECTOR('',#16818,10.);
#4996=VECTOR('',#16821,10.);
#4997=VECTOR('',#16822,10.);
#4998=VECTOR('',#16825,10.);
#4999=VECTOR('',#16826,10.);
#5000=VECTOR('',#16827,10.);
#5001=VECTOR('',#16828,10.);
#5002=VECTOR('',#16831,10.);
#5003=VECTOR('',#16832,10.);
#5004=VECTOR('',#16833,10.);
#5005=VECTOR('',#16836,10.);
#5006=VECTOR('',#16837,10.);
#5007=VECTOR('',#16838,10.);
#5008=VECTOR('',#16841,10.);
#5009=VECTOR('',#16842,10.);
#5010=VECTOR('',#16845,10.);
#5011=VECTOR('',#16846,10.);
#5012=VECTOR('',#16847,10.);
#5013=VECTOR('',#16848,10.);
#5014=VECTOR('',#16851,10.);
#5015=VECTOR('',#16852,10.);
#5016=VECTOR('',#16853,10.);
#5017=VECTOR('',#16856,10.);
#5018=VECTOR('',#16857,10.);
#5019=VECTOR('',#16858,10.);
#5020=VECTOR('',#16861,10.);
#5021=VECTOR('',#16862,10.);
#5022=VECTOR('',#16865,10.);
#5023=VECTOR('',#16866,10.);
#5024=VECTOR('',#16867,10.);
#5025=VECTOR('',#16868,10.);
#5026=VECTOR('',#16871,10.);
#5027=VECTOR('',#16872,10.);
#5028=VECTOR('',#16873,10.);
#5029=VECTOR('',#16876,10.);
#5030=VECTOR('',#16877,10.);
#5031=VECTOR('',#16878,10.);
#5032=VECTOR('',#16881,10.);
#5033=VECTOR('',#16882,10.);
#5034=VECTOR('',#16885,10.);
#5035=VECTOR('',#16886,10.);
#5036=VECTOR('',#16887,10.);
#5037=VECTOR('',#16888,10.);
#5038=VECTOR('',#16891,10.);
#5039=VECTOR('',#16892,10.);
#5040=VECTOR('',#16893,10.);
#5041=VECTOR('',#16896,10.);
#5042=VECTOR('',#16897,10.);
#5043=VECTOR('',#16898,10.);
#5044=VECTOR('',#16901,10.);
#5045=VECTOR('',#16902,10.);
#5046=VECTOR('',#16905,10.);
#5047=VECTOR('',#16906,10.);
#5048=VECTOR('',#16907,10.);
#5049=VECTOR('',#16908,10.);
#5050=VECTOR('',#16911,10.);
#5051=VECTOR('',#16912,10.);
#5052=VECTOR('',#16913,10.);
#5053=VECTOR('',#16916,10.);
#5054=VECTOR('',#16917,10.);
#5055=VECTOR('',#16918,10.);
#5056=VECTOR('',#16921,10.);
#5057=VECTOR('',#16922,10.);
#5058=VECTOR('',#16925,10.);
#5059=VECTOR('',#16926,10.);
#5060=VECTOR('',#16927,10.);
#5061=VECTOR('',#16928,10.);
#5062=VECTOR('',#16931,10.);
#5063=VECTOR('',#16932,10.);
#5064=VECTOR('',#16933,10.);
#5065=VECTOR('',#16936,10.);
#5066=VECTOR('',#16937,10.);
#5067=VECTOR('',#16938,10.);
#5068=VECTOR('',#16941,10.);
#5069=VECTOR('',#16942,10.);
#5070=VECTOR('',#16945,10.);
#5071=VECTOR('',#16946,10.);
#5072=VECTOR('',#16947,10.);
#5073=VECTOR('',#16948,10.);
#5074=VECTOR('',#16953,10.);
#5075=VECTOR('',#16958,10.);
#5076=VECTOR('',#16959,10.);
#5077=VECTOR('',#16960,10.);
#5078=VECTOR('',#16965,10.);
#5079=VECTOR('',#16970,10.);
#5080=VECTOR('',#16971,10.);
#5081=VECTOR('',#16972,10.);
#5082=VECTOR('',#16977,10.);
#5083=VECTOR('',#16982,10.);
#5084=VECTOR('',#16983,10.);
#5085=VECTOR('',#16984,10.);
#5086=VECTOR('',#16995,10.);
#5087=VECTOR('',#16998,10.);
#5088=VECTOR('',#17001,10.);
#5089=VECTOR('',#17004,10.);
#5090=VECTOR('',#17007,10.);
#5091=VECTOR('',#17008,10.);
#5092=VECTOR('',#17009,10.);
#5093=VECTOR('',#17012,10.);
#5094=VECTOR('',#17017,10.);
#5095=VECTOR('',#17018,10.);
#5096=VECTOR('',#17021,10.);
#5097=VECTOR('',#17028,10.9450773);
#5098=VECTOR('',#17031,10.9450773);
#5099=VECTOR('',#17032,10.);
#5100=VECTOR('',#17033,10.9450773);
#5101=VECTOR('',#17036,10.9450773);
#5102=VECTOR('',#17039,10.9450773);
#5103=VECTOR('',#17042,10.9450773);
#5104=VECTOR('',#17045,10.9450773);
#5105=VECTOR('',#17046,10.);
#5106=VECTOR('',#17047,10.);
#5107=VECTOR('',#17050,10.);
#5108=VECTOR('',#17051,10.9450773);
#5109=VECTOR('',#17052,10.9450773);
#5110=VECTOR('',#17053,10.9450773);
#5111=VECTOR('',#17054,10.9450773);
#5112=VECTOR('',#17055,10.9450773);
#5113=VECTOR('',#17056,10.9450773);
#5114=VECTOR('',#17057,10.9450773);
#5115=VECTOR('',#17060,10.);
#5116=VECTOR('',#17061,10.);
#5117=VECTOR('',#17064,10.);
#5118=VECTOR('',#17069,10.);
#5119=VECTOR('',#17070,10.);
#5120=VECTOR('',#17077,10.9450773);
#5121=VECTOR('',#17078,10.9450773);
#5122=VECTOR('',#17081,10.9450773);
#5123=VECTOR('',#17082,10.9450773);
#5124=VECTOR('',#17083,10.9450773);
#5125=VECTOR('',#17086,10.);
#5126=VECTOR('',#17087,10.9450773);
#5127=VECTOR('',#17088,10.9450773);
#5128=VECTOR('',#17089,10.9450773);
#5129=VECTOR('',#17090,10.9450773);
#5130=VECTOR('',#17091,10.9450773);
#5131=VECTOR('',#17094,10.9450773);
#5132=VECTOR('',#17095,10.9450773);
#5133=VECTOR('',#17100,10.9450773);
#5134=VECTOR('',#17105,10.9450773);
#5135=VECTOR('',#17106,10.9450773);
#5136=VECTOR('',#17109,10.9450773);
#5137=VECTOR('',#17110,10.9450773);
#5138=VECTOR('',#17113,10.9450773);
#5139=VECTOR('',#17114,10.9450773);
#5140=VECTOR('',#17115,10.9450773);
#5141=VECTOR('',#17116,10.9450773);
#5142=VECTOR('',#17119,10.9450773);
#5143=VECTOR('',#17120,10.9450773);
#5144=VECTOR('',#17121,10.9450773);
#5145=VECTOR('',#17122,10.9450773);
#5146=VECTOR('',#17125,10.9450773);
#5147=VECTOR('',#17126,10.9450773);
#5148=VECTOR('',#17127,10.9450773);
#5149=VECTOR('',#17128,10.9450773);
#5150=VECTOR('',#17129,10.9450773);
#5151=VECTOR('',#17130,10.9450773);
#5152=VECTOR('',#17133,10.9450773);
#5153=VECTOR('',#17134,10.9450773);
#5154=VECTOR('',#17135,10.9450773);
#5155=VECTOR('',#17136,10.9450773);
#5156=VECTOR('',#17137,10.9450773);
#5157=VECTOR('',#17138,10.9450773);
#5158=VECTOR('',#17141,10.9450773);
#5159=VECTOR('',#17142,10.9450773);
#5160=VECTOR('',#17147,10.9450773);
#5161=VECTOR('',#17152,10.9450773);
#5162=VECTOR('',#17153,10.9450773);
#5163=VECTOR('',#17154,10.9450773);
#5164=VECTOR('',#17155,10.9450773);
#5165=VECTOR('',#17160,10.9450773);
#5166=VECTOR('',#17163,10.9450773);
#5167=VECTOR('',#17164,10.9450773);
#5168=VECTOR('',#17173,10.9450773);
#5169=VECTOR('',#17176,10.9450773);
#5170=VECTOR('',#17177,10.9450773);
#5171=VECTOR('',#17184,10.);
#5172=VECTOR('',#17187,10.);
#5173=VECTOR('',#17190,10.);
#5174=VERTEX_POINT('',#17201);
#5175=VERTEX_POINT('',#17202);
#5176=VERTEX_POINT('',#17204);
#5177=VERTEX_POINT('',#17206);
#5178=VERTEX_POINT('',#17208);
#5179=VERTEX_POINT('',#17212);
#5180=VERTEX_POINT('',#17213);
#5181=VERTEX_POINT('',#17215);
#5182=VERTEX_POINT('',#17217);
#5183=VERTEX_POINT('',#17219);
#5184=VERTEX_POINT('',#17223);
#5185=VERTEX_POINT('',#17224);
#5186=VERTEX_POINT('',#17226);
#5187=VERTEX_POINT('',#17228);
#5188=VERTEX_POINT('',#17230);
#5189=VERTEX_POINT('',#17232);
#5190=VERTEX_POINT('',#17238);
#5191=VERTEX_POINT('',#17242);
#5192=VERTEX_POINT('',#17243);
#5193=VERTEX_POINT('',#17245);
#5194=VERTEX_POINT('',#17247);
#5195=VERTEX_POINT('',#17250);
#5196=VERTEX_POINT('',#17254);
#5197=VERTEX_POINT('',#17256);
#5198=VERTEX_POINT('',#17261);
#5199=VERTEX_POINT('',#17262);
#5200=VERTEX_POINT('',#17264);
#5201=VERTEX_POINT('',#17266);
#5202=VERTEX_POINT('',#17268);
#5203=VERTEX_POINT('',#17270);
#5204=VERTEX_POINT('',#17272);
#5205=VERTEX_POINT('',#17274);
#5206=VERTEX_POINT('',#17289);
#5207=VERTEX_POINT('',#17291);
#5208=VERTEX_POINT('',#17295);
#5209=VERTEX_POINT('',#17297);
#5210=VERTEX_POINT('',#17301);
#5211=VERTEX_POINT('',#17303);
#5212=VERTEX_POINT('',#17307);
#5213=VERTEX_POINT('',#17309);
#5214=VERTEX_POINT('',#17318);
#5215=VERTEX_POINT('',#17320);
#5216=VERTEX_POINT('',#17324);
#5217=VERTEX_POINT('',#17326);
#5218=VERTEX_POINT('',#17330);
#5219=VERTEX_POINT('',#17332);
#5220=VERTEX_POINT('',#17336);
#5221=VERTEX_POINT('',#17338);
#5222=VERTEX_POINT('',#17347);
#5223=VERTEX_POINT('',#17348);
#5224=VERTEX_POINT('',#17350);
#5225=VERTEX_POINT('',#17352);
#5226=VERTEX_POINT('',#17356);
#5227=VERTEX_POINT('',#17358);
#5228=VERTEX_POINT('',#17362);
#5229=VERTEX_POINT('',#17364);
#5230=VERTEX_POINT('',#17373);
#5231=VERTEX_POINT('',#17374);
#5232=VERTEX_POINT('',#17376);
#5233=VERTEX_POINT('',#17378);
#5234=VERTEX_POINT('',#17382);
#5235=VERTEX_POINT('',#17384);
#5236=VERTEX_POINT('',#17388);
#5237=VERTEX_POINT('',#17390);
#5238=VERTEX_POINT('',#17399);
#5239=VERTEX_POINT('',#17400);
#5240=VERTEX_POINT('',#17402);
#5241=VERTEX_POINT('',#17404);
#5242=VERTEX_POINT('',#17408);
#5243=VERTEX_POINT('',#17410);
#5244=VERTEX_POINT('',#17414);
#5245=VERTEX_POINT('',#17416);
#5246=VERTEX_POINT('',#17425);
#5247=VERTEX_POINT('',#17426);
#5248=VERTEX_POINT('',#17428);
#5249=VERTEX_POINT('',#17430);
#5250=VERTEX_POINT('',#17434);
#5251=VERTEX_POINT('',#17436);
#5252=VERTEX_POINT('',#17440);
#5253=VERTEX_POINT('',#17442);
#5254=VERTEX_POINT('',#17451);
#5255=VERTEX_POINT('',#17452);
#5256=VERTEX_POINT('',#17454);
#5257=VERTEX_POINT('',#17456);
#5258=VERTEX_POINT('',#17460);
#5259=VERTEX_POINT('',#17462);
#5260=VERTEX_POINT('',#17466);
#5261=VERTEX_POINT('',#17468);
#5262=VERTEX_POINT('',#17477);
#5263=VERTEX_POINT('',#17478);
#5264=VERTEX_POINT('',#17480);
#5265=VERTEX_POINT('',#17482);
#5266=VERTEX_POINT('',#17486);
#5267=VERTEX_POINT('',#17488);
#5268=VERTEX_POINT('',#17492);
#5269=VERTEX_POINT('',#17494);
#5270=VERTEX_POINT('',#17503);
#5271=VERTEX_POINT('',#17504);
#5272=VERTEX_POINT('',#17506);
#5273=VERTEX_POINT('',#17508);
#5274=VERTEX_POINT('',#17512);
#5275=VERTEX_POINT('',#17514);
#5276=VERTEX_POINT('',#17518);
#5277=VERTEX_POINT('',#17520);
#5278=VERTEX_POINT('',#17529);
#5279=VERTEX_POINT('',#17530);
#5280=VERTEX_POINT('',#17532);
#5281=VERTEX_POINT('',#17534);
#5282=VERTEX_POINT('',#17538);
#5283=VERTEX_POINT('',#17540);
#5284=VERTEX_POINT('',#17544);
#5285=VERTEX_POINT('',#17546);
#5286=VERTEX_POINT('',#17555);
#5287=VERTEX_POINT('',#17556);
#5288=VERTEX_POINT('',#17558);
#5289=VERTEX_POINT('',#17560);
#5290=VERTEX_POINT('',#17564);
#5291=VERTEX_POINT('',#17566);
#5292=VERTEX_POINT('',#17570);
#5293=VERTEX_POINT('',#17572);
#5294=VERTEX_POINT('',#17581);
#5295=VERTEX_POINT('',#17583);
#5296=VERTEX_POINT('',#17587);
#5297=VERTEX_POINT('',#17589);
#5298=VERTEX_POINT('',#17593);
#5299=VERTEX_POINT('',#17594);
#5300=VERTEX_POINT('',#17597);
#5301=VERTEX_POINT('',#17601);
#5302=VERTEX_POINT('',#17602);
#5303=VERTEX_POINT('',#17605);
#5304=VERTEX_POINT('',#17609);
#5305=VERTEX_POINT('',#17610);
#5306=VERTEX_POINT('',#17612);
#5307=VERTEX_POINT('',#17614);
#5308=VERTEX_POINT('',#17618);
#5309=VERTEX_POINT('',#17619);
#5310=VERTEX_POINT('',#17621);
#5311=VERTEX_POINT('',#17623);
#5312=VERTEX_POINT('',#17627);
#5313=VERTEX_POINT('',#17628);
#5314=VERTEX_POINT('',#17630);
#5315=VERTEX_POINT('',#17632);
#5316=VERTEX_POINT('',#17636);
#5317=VERTEX_POINT('',#17637);
#5318=VERTEX_POINT('',#17639);
#5319=VERTEX_POINT('',#17641);
#5320=VERTEX_POINT('',#17645);
#5321=VERTEX_POINT('',#17646);
#5322=VERTEX_POINT('',#17648);
#5323=VERTEX_POINT('',#17650);
#5324=VERTEX_POINT('',#17654);
#5325=VERTEX_POINT('',#17655);
#5326=VERTEX_POINT('',#17657);
#5327=VERTEX_POINT('',#17659);
#5328=VERTEX_POINT('',#17663);
#5329=VERTEX_POINT('',#17664);
#5330=VERTEX_POINT('',#17666);
#5331=VERTEX_POINT('',#17668);
#5332=VERTEX_POINT('',#17672);
#5333=VERTEX_POINT('',#17673);
#5334=VERTEX_POINT('',#17675);
#5335=VERTEX_POINT('',#17677);
#5336=VERTEX_POINT('',#17681);
#5337=VERTEX_POINT('',#17682);
#5338=VERTEX_POINT('',#17684);
#5339=VERTEX_POINT('',#17686);
#5340=VERTEX_POINT('',#17690);
#5341=VERTEX_POINT('',#17691);
#5342=VERTEX_POINT('',#17693);
#5343=VERTEX_POINT('',#17695);
#5344=VERTEX_POINT('',#17699);
#5345=VERTEX_POINT('',#17700);
#5346=VERTEX_POINT('',#17702);
#5347=VERTEX_POINT('',#17704);
#5348=VERTEX_POINT('',#17708);
#5349=VERTEX_POINT('',#17709);
#5350=VERTEX_POINT('',#17711);
#5351=VERTEX_POINT('',#17713);
#5352=VERTEX_POINT('',#17717);
#5353=VERTEX_POINT('',#17718);
#5354=VERTEX_POINT('',#17720);
#5355=VERTEX_POINT('',#17722);
#5356=VERTEX_POINT('',#17726);
#5357=VERTEX_POINT('',#17727);
#5358=VERTEX_POINT('',#17730);
#5359=VERTEX_POINT('',#17732);
#5360=VERTEX_POINT('',#17734);
#5361=VERTEX_POINT('',#17736);
#5362=VERTEX_POINT('',#17738);
#5363=VERTEX_POINT('',#17740);
#5364=VERTEX_POINT('',#17744);
#5365=VERTEX_POINT('',#17745);
#5366=VERTEX_POINT('',#17750);
#5367=VERTEX_POINT('',#17751);
#5368=VERTEX_POINT('',#17753);
#5369=VERTEX_POINT('',#17755);
#5370=VERTEX_POINT('',#17759);
#5371=VERTEX_POINT('',#17760);
#5372=VERTEX_POINT('',#17765);
#5373=VERTEX_POINT('',#17766);
#5374=VERTEX_POINT('',#17772);
#5375=VERTEX_POINT('',#17774);
#5376=VERTEX_POINT('',#17776);
#5377=VERTEX_POINT('',#17799);
#5378=VERTEX_POINT('',#17816);
#5379=VERTEX_POINT('',#17818);
#5380=VERTEX_POINT('',#17822);
#5381=VERTEX_POINT('',#17823);
#5382=VERTEX_POINT('',#17825);
#5383=VERTEX_POINT('',#17827);
#5384=VERTEX_POINT('',#17829);
#5385=VERTEX_POINT('',#17831);
#5386=VERTEX_POINT('',#17833);
#5387=VERTEX_POINT('',#17835);
#5388=VERTEX_POINT('',#17839);
#5389=VERTEX_POINT('',#17841);
#5390=VERTEX_POINT('',#17844);
#5391=VERTEX_POINT('',#17846);
#5392=VERTEX_POINT('',#17849);
#5393=VERTEX_POINT('',#17851);
#5394=VERTEX_POINT('',#17854);
#5395=VERTEX_POINT('',#17856);
#5396=VERTEX_POINT('',#17859);
#5397=VERTEX_POINT('',#17861);
#5398=VERTEX_POINT('',#17864);
#5399=VERTEX_POINT('',#17866);
#5400=VERTEX_POINT('',#17869);
#5401=VERTEX_POINT('',#17871);
#5402=VERTEX_POINT('',#17873);
#5403=VERTEX_POINT('',#17875);
#5404=VERTEX_POINT('',#17877);
#5405=VERTEX_POINT('',#17879);
#5406=VERTEX_POINT('',#17881);
#5407=VERTEX_POINT('',#17883);
#5408=VERTEX_POINT('',#17886);
#5409=VERTEX_POINT('',#17888);
#5410=VERTEX_POINT('',#17891);
#5411=VERTEX_POINT('',#17893);
#5412=VERTEX_POINT('',#17896);
#5413=VERTEX_POINT('',#17898);
#5414=VERTEX_POINT('',#17901);
#5415=VERTEX_POINT('',#17903);
#5416=VERTEX_POINT('',#17906);
#5417=VERTEX_POINT('',#17908);
#5418=VERTEX_POINT('',#17912);
#5419=VERTEX_POINT('',#17913);
#5420=VERTEX_POINT('',#17915);
#5421=VERTEX_POINT('',#17917);
#5422=VERTEX_POINT('',#17919);
#5423=VERTEX_POINT('',#17923);
#5424=VERTEX_POINT('',#17924);
#5425=VERTEX_POINT('',#17926);
#5426=VERTEX_POINT('',#17928);
#5427=VERTEX_POINT('',#17932);
#5428=VERTEX_POINT('',#17933);
#5429=VERTEX_POINT('',#17938);
#5430=VERTEX_POINT('',#17939);
#5431=VERTEX_POINT('',#17941);
#5432=VERTEX_POINT('',#17943);
#5433=VERTEX_POINT('',#17947);
#5434=VERTEX_POINT('',#17948);
#5435=VERTEX_POINT('',#17950);
#5436=VERTEX_POINT('',#17952);
#5437=VERTEX_POINT('',#17954);
#5438=VERTEX_POINT('',#17958);
#5439=VERTEX_POINT('',#17959);
#5440=VERTEX_POINT('',#17962);
#5441=VERTEX_POINT('',#17964);
#5442=VERTEX_POINT('',#17967);
#5443=VERTEX_POINT('',#17969);
#5444=VERTEX_POINT('',#17972);
#5445=VERTEX_POINT('',#17974);
#5446=VERTEX_POINT('',#17977);
#5447=VERTEX_POINT('',#17979);
#5448=VERTEX_POINT('',#17982);
#5449=VERTEX_POINT('',#17984);
#5450=VERTEX_POINT('',#17987);
#5451=VERTEX_POINT('',#17990);
#5452=VERTEX_POINT('',#17992);
#5453=VERTEX_POINT('',#17994);
#5454=VERTEX_POINT('',#17996);
#5455=VERTEX_POINT('',#17998);
#5456=VERTEX_POINT('',#18000);
#5457=VERTEX_POINT('',#18003);
#5458=VERTEX_POINT('',#18005);
#5459=VERTEX_POINT('',#18007);
#5460=VERTEX_POINT('',#18009);
#5461=VERTEX_POINT('',#18011);
#5462=VERTEX_POINT('',#18014);
#5463=VERTEX_POINT('',#18016);
#5464=VERTEX_POINT('',#18019);
#5465=VERTEX_POINT('',#18021);
#5466=VERTEX_POINT('',#18024);
#5467=VERTEX_POINT('',#18026);
#5468=VERTEX_POINT('',#18029);
#5469=VERTEX_POINT('',#18031);
#5470=VERTEX_POINT('',#18034);
#5471=VERTEX_POINT('',#18036);
#5472=VERTEX_POINT('',#18242);
#5473=VERTEX_POINT('',#18246);
#5474=VERTEX_POINT('',#18253);
#5475=VERTEX_POINT('',#18257);
#5476=VERTEX_POINT('',#18264);
#5477=VERTEX_POINT('',#18268);
#5478=VERTEX_POINT('',#18275);
#5479=VERTEX_POINT('',#18279);
#5480=VERTEX_POINT('',#18286);
#5481=VERTEX_POINT('',#18290);
#5482=VERTEX_POINT('',#18297);
#5483=VERTEX_POINT('',#18301);
#5484=VERTEX_POINT('',#18308);
#5485=VERTEX_POINT('',#18312);
#5486=VERTEX_POINT('',#18319);
#5487=VERTEX_POINT('',#18323);
#5488=VERTEX_POINT('',#18330);
#5489=VERTEX_POINT('',#18334);
#5490=VERTEX_POINT('',#18341);
#5491=VERTEX_POINT('',#18345);
#5492=VERTEX_POINT('',#18352);
#5493=VERTEX_POINT('',#18356);
#5494=VERTEX_POINT('',#18363);
#5495=VERTEX_POINT('',#18367);
#5496=VERTEX_POINT('',#18374);
#5497=VERTEX_POINT('',#18375);
#5498=VERTEX_POINT('',#18377);
#5499=VERTEX_POINT('',#18379);
#5500=VERTEX_POINT('',#18383);
#5501=VERTEX_POINT('',#18385);
#5502=VERTEX_POINT('',#18389);
#5503=VERTEX_POINT('',#18391);
#5504=VERTEX_POINT('',#18400);
#5505=VERTEX_POINT('',#18401);
#5506=VERTEX_POINT('',#18403);
#5507=VERTEX_POINT('',#18405);
#5508=VERTEX_POINT('',#18409);
#5509=VERTEX_POINT('',#18411);
#5510=VERTEX_POINT('',#18415);
#5511=VERTEX_POINT('',#18417);
#5512=VERTEX_POINT('',#18426);
#5513=VERTEX_POINT('',#18427);
#5514=VERTEX_POINT('',#18429);
#5515=VERTEX_POINT('',#18431);
#5516=VERTEX_POINT('',#18435);
#5517=VERTEX_POINT('',#18437);
#5518=VERTEX_POINT('',#18441);
#5519=VERTEX_POINT('',#18443);
#5520=VERTEX_POINT('',#18452);
#5521=VERTEX_POINT('',#18453);
#5522=VERTEX_POINT('',#18455);
#5523=VERTEX_POINT('',#18457);
#5524=VERTEX_POINT('',#18461);
#5525=VERTEX_POINT('',#18463);
#5526=VERTEX_POINT('',#18467);
#5527=VERTEX_POINT('',#18469);
#5528=VERTEX_POINT('',#18478);
#5529=VERTEX_POINT('',#18479);
#5530=VERTEX_POINT('',#18481);
#5531=VERTEX_POINT('',#18483);
#5532=VERTEX_POINT('',#18487);
#5533=VERTEX_POINT('',#18489);
#5534=VERTEX_POINT('',#18493);
#5535=VERTEX_POINT('',#18495);
#5536=VERTEX_POINT('',#18504);
#5537=VERTEX_POINT('',#18505);
#5538=VERTEX_POINT('',#18507);
#5539=VERTEX_POINT('',#18509);
#5540=VERTEX_POINT('',#18513);
#5541=VERTEX_POINT('',#18515);
#5542=VERTEX_POINT('',#18519);
#5543=VERTEX_POINT('',#18521);
#5544=VERTEX_POINT('',#18530);
#5545=VERTEX_POINT('',#18531);
#5546=VERTEX_POINT('',#18533);
#5547=VERTEX_POINT('',#18535);
#5548=VERTEX_POINT('',#18539);
#5549=VERTEX_POINT('',#18541);
#5550=VERTEX_POINT('',#18545);
#5551=VERTEX_POINT('',#18547);
#5552=VERTEX_POINT('',#18556);
#5553=VERTEX_POINT('',#18557);
#5554=VERTEX_POINT('',#18559);
#5555=VERTEX_POINT('',#18561);
#5556=VERTEX_POINT('',#18565);
#5557=VERTEX_POINT('',#18567);
#5558=VERTEX_POINT('',#18571);
#5559=VERTEX_POINT('',#18573);
#5560=VERTEX_POINT('',#18582);
#5561=VERTEX_POINT('',#18583);
#5562=VERTEX_POINT('',#18585);
#5563=VERTEX_POINT('',#18587);
#5564=VERTEX_POINT('',#18591);
#5565=VERTEX_POINT('',#18593);
#5566=VERTEX_POINT('',#18597);
#5567=VERTEX_POINT('',#18599);
#5568=VERTEX_POINT('',#18608);
#5569=VERTEX_POINT('',#18609);
#5570=VERTEX_POINT('',#18611);
#5571=VERTEX_POINT('',#18613);
#5572=VERTEX_POINT('',#18617);
#5573=VERTEX_POINT('',#18619);
#5574=VERTEX_POINT('',#18623);
#5575=VERTEX_POINT('',#18625);
#5576=VERTEX_POINT('',#18634);
#5577=VERTEX_POINT('',#18635);
#5578=VERTEX_POINT('',#18637);
#5579=VERTEX_POINT('',#18639);
#5580=VERTEX_POINT('',#18643);
#5581=VERTEX_POINT('',#18645);
#5582=VERTEX_POINT('',#18649);
#5583=VERTEX_POINT('',#18651);
#5584=VERTEX_POINT('',#18660);
#5585=VERTEX_POINT('',#18661);
#5586=VERTEX_POINT('',#18663);
#5587=VERTEX_POINT('',#18665);
#5588=VERTEX_POINT('',#18669);
#5589=VERTEX_POINT('',#18671);
#5590=VERTEX_POINT('',#18675);
#5591=VERTEX_POINT('',#18677);
#5592=VERTEX_POINT('',#18686);
#5593=VERTEX_POINT('',#18687);
#5594=VERTEX_POINT('',#18689);
#5595=VERTEX_POINT('',#18691);
#5596=VERTEX_POINT('',#18693);
#5597=VERTEX_POINT('',#18695);
#5598=VERTEX_POINT('',#18697);
#5599=VERTEX_POINT('',#18699);
#5600=VERTEX_POINT('',#18701);
#5601=VERTEX_POINT('',#18703);
#5602=VERTEX_POINT('',#18705);
#5603=VERTEX_POINT('',#18707);
#5604=VERTEX_POINT('',#18709);
#5605=VERTEX_POINT('',#18711);
#5606=VERTEX_POINT('',#18713);
#5607=VERTEX_POINT('',#18715);
#5608=VERTEX_POINT('',#18717);
#5609=VERTEX_POINT('',#18719);
#5610=VERTEX_POINT('',#18721);
#5611=VERTEX_POINT('',#18723);
#5612=VERTEX_POINT('',#18725);
#5613=VERTEX_POINT('',#18727);
#5614=VERTEX_POINT('',#18729);
#5615=VERTEX_POINT('',#18733);
#5616=VERTEX_POINT('',#18734);
#5617=VERTEX_POINT('',#18736);
#5618=VERTEX_POINT('',#18738);
#5619=VERTEX_POINT('',#18740);
#5620=VERTEX_POINT('',#18742);
#5621=VERTEX_POINT('',#18744);
#5622=VERTEX_POINT('',#18746);
#5623=VERTEX_POINT('',#18748);
#5624=VERTEX_POINT('',#18750);
#5625=VERTEX_POINT('',#18752);
#5626=VERTEX_POINT('',#18754);
#5627=VERTEX_POINT('',#18756);
#5628=VERTEX_POINT('',#18758);
#5629=VERTEX_POINT('',#18760);
#5630=VERTEX_POINT('',#18762);
#5631=VERTEX_POINT('',#18764);
#5632=VERTEX_POINT('',#18766);
#5633=VERTEX_POINT('',#18768);
#5634=VERTEX_POINT('',#18770);
#5635=VERTEX_POINT('',#18772);
#5636=VERTEX_POINT('',#18774);
#5637=VERTEX_POINT('',#18776);
#5638=VERTEX_POINT('',#18786);
#5639=VERTEX_POINT('',#18787);
#5640=VERTEX_POINT('',#18789);
#5641=VERTEX_POINT('',#18791);
#5642=VERTEX_POINT('',#18793);
#5643=VERTEX_POINT('',#18795);
#5644=VERTEX_POINT('',#18797);
#5645=VERTEX_POINT('',#18799);
#5646=VERTEX_POINT('',#18801);
#5647=VERTEX_POINT('',#18803);
#5648=VERTEX_POINT('',#18805);
#5649=VERTEX_POINT('',#18807);
#5650=VERTEX_POINT('',#18809);
#5651=VERTEX_POINT('',#18811);
#5652=VERTEX_POINT('',#18813);
#5653=VERTEX_POINT('',#18815);
#5654=VERTEX_POINT('',#18818);
#5655=VERTEX_POINT('',#18819);
#5656=VERTEX_POINT('',#18821);
#5657=VERTEX_POINT('',#18823);
#5658=VERTEX_POINT('',#18826);
#5659=VERTEX_POINT('',#18827);
#5660=VERTEX_POINT('',#18829);
#5661=VERTEX_POINT('',#18831);
#5662=VERTEX_POINT('',#18836);
#5663=VERTEX_POINT('',#18838);
#5664=VERTEX_POINT('',#18840);
#5665=VERTEX_POINT('',#18842);
#5666=VERTEX_POINT('',#18844);
#5667=VERTEX_POINT('',#18846);
#5668=VERTEX_POINT('',#18848);
#5669=VERTEX_POINT('',#18850);
#5670=VERTEX_POINT('',#18860);
#5671=VERTEX_POINT('',#18861);
#5672=VERTEX_POINT('',#18863);
#5673=VERTEX_POINT('',#18865);
#5674=VERTEX_POINT('',#18867);
#5675=VERTEX_POINT('',#18869);
#5676=VERTEX_POINT('',#18871);
#5677=VERTEX_POINT('',#18873);
#5678=VERTEX_POINT('',#18875);
#5679=VERTEX_POINT('',#18877);
#5680=VERTEX_POINT('',#18879);
#5681=VERTEX_POINT('',#18881);
#5682=VERTEX_POINT('',#18883);
#5683=VERTEX_POINT('',#18885);
#5684=VERTEX_POINT('',#18887);
#5685=VERTEX_POINT('',#18889);
#5686=VERTEX_POINT('',#18892);
#5687=VERTEX_POINT('',#18893);
#5688=VERTEX_POINT('',#18895);
#5689=VERTEX_POINT('',#18897);
#5690=VERTEX_POINT('',#18900);
#5691=VERTEX_POINT('',#18901);
#5692=VERTEX_POINT('',#18903);
#5693=VERTEX_POINT('',#18905);
#5694=VERTEX_POINT('',#18915);
#5695=VERTEX_POINT('',#18917);
#5696=VERTEX_POINT('',#18921);
#5697=VERTEX_POINT('',#18922);
#5698=VERTEX_POINT('',#18927);
#5699=VERTEX_POINT('',#18928);
#5700=VERTEX_POINT('',#18930);
#5701=VERTEX_POINT('',#18932);
#5702=VERTEX_POINT('',#18934);
#5703=VERTEX_POINT('',#18936);
#5704=VERTEX_POINT('',#18938);
#5705=VERTEX_POINT('',#18940);
#5706=VERTEX_POINT('',#18942);
#5707=VERTEX_POINT('',#18944);
#5708=VERTEX_POINT('',#18946);
#5709=VERTEX_POINT('',#18948);
#5710=VERTEX_POINT('',#18950);
#5711=VERTEX_POINT('',#18953);
#5712=VERTEX_POINT('',#18956);
#5713=VERTEX_POINT('',#18958);
#5714=VERTEX_POINT('',#18960);
#5715=VERTEX_POINT('',#18962);
#5716=VERTEX_POINT('',#18964);
#5717=VERTEX_POINT('',#18968);
#5718=VERTEX_POINT('',#18970);
#5719=VERTEX_POINT('',#18973);
#5720=VERTEX_POINT('',#18974);
#5721=VERTEX_POINT('',#18976);
#5722=VERTEX_POINT('',#18978);
#5723=VERTEX_POINT('',#18981);
#5724=VERTEX_POINT('',#18982);
#5725=VERTEX_POINT('',#18984);
#5726=VERTEX_POINT('',#18986);
#5727=VERTEX_POINT('',#18992);
#5728=VERTEX_POINT('',#18993);
#5729=VERTEX_POINT('',#18995);
#5730=VERTEX_POINT('',#18997);
#5731=VERTEX_POINT('',#18999);
#5732=VERTEX_POINT('',#19001);
#5733=VERTEX_POINT('',#19003);
#5734=VERTEX_POINT('',#19005);
#5735=VERTEX_POINT('',#19014);
#5736=VERTEX_POINT('',#19015);
#5737=VERTEX_POINT('',#19017);
#5738=VERTEX_POINT('',#19019);
#5739=VERTEX_POINT('',#19021);
#5740=VERTEX_POINT('',#19023);
#5741=VERTEX_POINT('',#19025);
#5742=VERTEX_POINT('',#19027);
#5743=VERTEX_POINT('',#19029);
#5744=VERTEX_POINT('',#19031);
#5745=VERTEX_POINT('',#19034);
#5746=VERTEX_POINT('',#19037);
#5747=VERTEX_POINT('',#19039);
#5748=VERTEX_POINT('',#19041);
#5749=VERTEX_POINT('',#19043);
#5750=VERTEX_POINT('',#19045);
#5751=VERTEX_POINT('',#19047);
#5752=VERTEX_POINT('',#19049);
#5753=VERTEX_POINT('',#19051);
#5754=VERTEX_POINT('',#19058);
#5755=VERTEX_POINT('',#19062);
#5756=VERTEX_POINT('',#19065);
#5757=VERTEX_POINT('',#19066);
#5758=VERTEX_POINT('',#19068);
#5759=VERTEX_POINT('',#19070);
#5760=VERTEX_POINT('',#19073);
#5761=VERTEX_POINT('',#19074);
#5762=VERTEX_POINT('',#19076);
#5763=VERTEX_POINT('',#19078);
#5764=VERTEX_POINT('',#19175);
#5765=VERTEX_POINT('',#19177);
#5766=VERTEX_POINT('',#19181);
#5767=VERTEX_POINT('',#19185);
#5768=VERTEX_POINT('',#19191);
#5769=VERTEX_POINT('',#19193);
#5770=VERTEX_POINT('',#19197);
#5771=VERTEX_POINT('',#19201);
#5772=VERTEX_POINT('',#19207);
#5773=VERTEX_POINT('',#19209);
#5774=VERTEX_POINT('',#19213);
#5775=VERTEX_POINT('',#19217);
#5776=VERTEX_POINT('',#19223);
#5777=VERTEX_POINT('',#19225);
#5778=VERTEX_POINT('',#19229);
#5779=VERTEX_POINT('',#19233);
#5780=VERTEX_POINT('',#19272);
#5781=VERTEX_POINT('',#19273);
#5782=VERTEX_POINT('',#19275);
#5783=VERTEX_POINT('',#19277);
#5784=VERTEX_POINT('',#19281);
#5785=VERTEX_POINT('',#19283);
#5786=VERTEX_POINT('',#19287);
#5787=VERTEX_POINT('',#19289);
#5788=VERTEX_POINT('',#19293);
#5789=VERTEX_POINT('',#19295);
#5790=VERTEX_POINT('',#19299);
#5791=VERTEX_POINT('',#19300);
#5792=VERTEX_POINT('',#19305);
#5793=VERTEX_POINT('',#19306);
#5794=VERTEX_POINT('',#19311);
#5795=VERTEX_POINT('',#19312);
#5796=VERTEX_POINT('',#19317);
#5797=VERTEX_POINT('',#19319);
#5798=VERTEX_POINT('',#19323);
#5799=VERTEX_POINT('',#19324);
#5800=VERTEX_POINT('',#19329);
#5801=VERTEX_POINT('',#19331);
#5802=VERTEX_POINT('',#19340);
#5803=VERTEX_POINT('',#19341);
#5804=VERTEX_POINT('',#19343);
#5805=VERTEX_POINT('',#19345);
#5806=VERTEX_POINT('',#19349);
#5807=VERTEX_POINT('',#19351);
#5808=VERTEX_POINT('',#19355);
#5809=VERTEX_POINT('',#19357);
#5810=VERTEX_POINT('',#19361);
#5811=VERTEX_POINT('',#19363);
#5812=VERTEX_POINT('',#19367);
#5813=VERTEX_POINT('',#19368);
#5814=VERTEX_POINT('',#19373);
#5815=VERTEX_POINT('',#19374);
#5816=VERTEX_POINT('',#19379);
#5817=VERTEX_POINT('',#19380);
#5818=VERTEX_POINT('',#19385);
#5819=VERTEX_POINT('',#19387);
#5820=VERTEX_POINT('',#19391);
#5821=VERTEX_POINT('',#19392);
#5822=VERTEX_POINT('',#19397);
#5823=VERTEX_POINT('',#19399);
#5824=VERTEX_POINT('',#19408);
#5825=VERTEX_POINT('',#19409);
#5826=VERTEX_POINT('',#19411);
#5827=VERTEX_POINT('',#19413);
#5828=VERTEX_POINT('',#19417);
#5829=VERTEX_POINT('',#19419);
#5830=VERTEX_POINT('',#19423);
#5831=VERTEX_POINT('',#19425);
#5832=VERTEX_POINT('',#19429);
#5833=VERTEX_POINT('',#19431);
#5834=VERTEX_POINT('',#19435);
#5835=VERTEX_POINT('',#19436);
#5836=VERTEX_POINT('',#19441);
#5837=VERTEX_POINT('',#19442);
#5838=VERTEX_POINT('',#19447);
#5839=VERTEX_POINT('',#19448);
#5840=VERTEX_POINT('',#19453);
#5841=VERTEX_POINT('',#19455);
#5842=VERTEX_POINT('',#19459);
#5843=VERTEX_POINT('',#19460);
#5844=VERTEX_POINT('',#19465);
#5845=VERTEX_POINT('',#19467);
#5846=VERTEX_POINT('',#19476);
#5847=VERTEX_POINT('',#19477);
#5848=VERTEX_POINT('',#19479);
#5849=VERTEX_POINT('',#19481);
#5850=VERTEX_POINT('',#19485);
#5851=VERTEX_POINT('',#19487);
#5852=VERTEX_POINT('',#19491);
#5853=VERTEX_POINT('',#19493);
#5854=VERTEX_POINT('',#19497);
#5855=VERTEX_POINT('',#19499);
#5856=VERTEX_POINT('',#19503);
#5857=VERTEX_POINT('',#19504);
#5858=VERTEX_POINT('',#19509);
#5859=VERTEX_POINT('',#19510);
#5860=VERTEX_POINT('',#19515);
#5861=VERTEX_POINT('',#19516);
#5862=VERTEX_POINT('',#19521);
#5863=VERTEX_POINT('',#19523);
#5864=VERTEX_POINT('',#19527);
#5865=VERTEX_POINT('',#19528);
#5866=VERTEX_POINT('',#19533);
#5867=VERTEX_POINT('',#19535);
#5868=VERTEX_POINT('',#19544);
#5869=VERTEX_POINT('',#19546);
#5870=VERTEX_POINT('',#19548);
#5871=VERTEX_POINT('',#19614);
#5872=VERTEX_POINT('',#19620);
#5873=VERTEX_POINT('',#19621);
#5874=VERTEX_POINT('',#19623);
#5875=VERTEX_POINT('',#19625);
#5876=VERTEX_POINT('',#19627);
#5877=VERTEX_POINT('',#19629);
#5878=VERTEX_POINT('',#19631);
#5879=VERTEX_POINT('',#19633);
#5880=VERTEX_POINT('',#19637);
#5881=VERTEX_POINT('',#19639);
#5882=VERTEX_POINT('',#19641);
#5883=VERTEX_POINT('',#19645);
#5884=VERTEX_POINT('',#19649);
#5885=VERTEX_POINT('',#19651);
#5886=VERTEX_POINT('',#19653);
#5887=VERTEX_POINT('',#19655);
#5888=VERTEX_POINT('',#19657);
#5889=VERTEX_POINT('',#19659);
#5890=VERTEX_POINT('',#19661);
#5891=VERTEX_POINT('',#19663);
#5892=VERTEX_POINT('',#19665);
#5893=VERTEX_POINT('',#19669);
#5894=VERTEX_POINT('',#19673);
#5895=VERTEX_POINT('',#19675);
#5896=VERTEX_POINT('',#19679);
#5897=VERTEX_POINT('',#19683);
#5898=VERTEX_POINT('',#19685);
#5899=VERTEX_POINT('',#19687);
#5900=VERTEX_POINT('',#19689);
#5901=VERTEX_POINT('',#19691);
#5902=VERTEX_POINT('',#19699);
#5903=VERTEX_POINT('',#19700);
#5904=VERTEX_POINT('',#19707);
#5905=VERTEX_POINT('',#19709);
#5906=VERTEX_POINT('',#19713);
#5907=VERTEX_POINT('',#19717);
#5908=VERTEX_POINT('',#19721);
#5909=VERTEX_POINT('',#19724);
#5910=VERTEX_POINT('',#19726);
#5911=VERTEX_POINT('',#19730);
#5912=VERTEX_POINT('',#19742);
#5913=VERTEX_POINT('',#19743);
#5914=VERTEX_POINT('',#19745);
#5915=VERTEX_POINT('',#19747);
#5916=VERTEX_POINT('',#19751);
#5917=VERTEX_POINT('',#19753);
#5918=VERTEX_POINT('',#19757);
#5919=VERTEX_POINT('',#19759);
#5920=VERTEX_POINT('',#19763);
#5921=VERTEX_POINT('',#19765);
#5922=VERTEX_POINT('',#19769);
#5923=VERTEX_POINT('',#19771);
#5924=VERTEX_POINT('',#19775);
#5925=VERTEX_POINT('',#19776);
#5926=VERTEX_POINT('',#19781);
#5927=VERTEX_POINT('',#19783);
#5928=VERTEX_POINT('',#19787);
#5929=VERTEX_POINT('',#19789);
#5930=VERTEX_POINT('',#19793);
#5931=VERTEX_POINT('',#19795);
#5932=VERTEX_POINT('',#19799);
#5933=VERTEX_POINT('',#19801);
#5934=VERTEX_POINT('',#19805);
#5935=VERTEX_POINT('',#19807);
#5936=VERTEX_POINT('',#19811);
#5937=VERTEX_POINT('',#19812);
#5938=VERTEX_POINT('',#19817);
#5939=VERTEX_POINT('',#19819);
#5940=VERTEX_POINT('',#19823);
#5941=VERTEX_POINT('',#19825);
#5942=VERTEX_POINT('',#19829);
#5943=VERTEX_POINT('',#19831);
#5944=VERTEX_POINT('',#19835);
#5945=VERTEX_POINT('',#19837);
#5946=VERTEX_POINT('',#19841);
#5947=VERTEX_POINT('',#19842);
#5948=VERTEX_POINT('',#19847);
#5949=VERTEX_POINT('',#19848);
#5950=VERTEX_POINT('',#19853);
#5951=VERTEX_POINT('',#19855);
#5952=VERTEX_POINT('',#19859);
#5953=VERTEX_POINT('',#19861);
#5954=VERTEX_POINT('',#19865);
#5955=VERTEX_POINT('',#19867);
#5956=VERTEX_POINT('',#19871);
#5957=VERTEX_POINT('',#19873);
#5958=VERTEX_POINT('',#19877);
#5959=VERTEX_POINT('',#19879);
#5960=VERTEX_POINT('',#19886);
#5961=VERTEX_POINT('',#19888);
#5962=VERTEX_POINT('',#19894);
#5963=VERTEX_POINT('',#19896);
#5964=VERTEX_POINT('',#19900);
#5965=VERTEX_POINT('',#19906);
#5966=VERTEX_POINT('',#19908);
#5967=VERTEX_POINT('',#19910);
#5968=VERTEX_POINT('',#19976);
#5969=VERTEX_POINT('',#19982);
#5970=VERTEX_POINT('',#19984);
#5971=VERTEX_POINT('',#19986);
#5972=VERTEX_POINT('',#20052);
#5973=VERTEX_POINT('',#20058);
#5974=VERTEX_POINT('',#20060);
#5975=VERTEX_POINT('',#20062);
#5976=VERTEX_POINT('',#20128);
#5977=VERTEX_POINT('',#20135);
#5978=VERTEX_POINT('',#20136);
#5979=VERTEX_POINT('',#20138);
#5980=VERTEX_POINT('',#20140);
#5981=VERTEX_POINT('',#20144);
#5982=VERTEX_POINT('',#20145);
#5983=VERTEX_POINT('',#20150);
#5984=VERTEX_POINT('',#20152);
#5985=VERTEX_POINT('',#20156);
#5986=VERTEX_POINT('',#20158);
#5987=VERTEX_POINT('',#20160);
#5988=VERTEX_POINT('',#20162);
#5989=VERTEX_POINT('',#20165);
#5990=VERTEX_POINT('',#20166);
#5991=VERTEX_POINT('',#20168);
#5992=VERTEX_POINT('',#20170);
#5993=VERTEX_POINT('',#20172);
#5994=VERTEX_POINT('',#20174);
#5995=VERTEX_POINT('',#20177);
#5996=VERTEX_POINT('',#20179);
#5997=VERTEX_POINT('',#20181);
#5998=VERTEX_POINT('',#20182);
#5999=VERTEX_POINT('',#20184);
#6000=VERTEX_POINT('',#20186);
#6001=VERTEX_POINT('',#20189);
#6002=VERTEX_POINT('',#20190);
#6003=VERTEX_POINT('',#20192);
#6004=VERTEX_POINT('',#20194);
#6005=VERTEX_POINT('',#20197);
#6006=VERTEX_POINT('',#20199);
#6007=VERTEX_POINT('',#20201);
#6008=VERTEX_POINT('',#20202);
#6009=VERTEX_POINT('',#20204);
#6010=VERTEX_POINT('',#20206);
#6011=VERTEX_POINT('',#20209);
#6012=VERTEX_POINT('',#20210);
#6013=VERTEX_POINT('',#20212);
#6014=VERTEX_POINT('',#20214);
#6015=VERTEX_POINT('',#20217);
#6016=VERTEX_POINT('',#20218);
#6017=VERTEX_POINT('',#20220);
#6018=VERTEX_POINT('',#20222);
#6019=VERTEX_POINT('',#20224);
#6020=VERTEX_POINT('',#20226);
#6021=VERTEX_POINT('',#20230);
#6022=VERTEX_POINT('',#20232);
#6023=VERTEX_POINT('',#20234);
#6024=VERTEX_POINT('',#20236);
#6025=VERTEX_POINT('',#20239);
#6026=VERTEX_POINT('',#20240);
#6027=VERTEX_POINT('',#20242);
#6028=VERTEX_POINT('',#20244);
#6029=VERTEX_POINT('',#20246);
#6030=VERTEX_POINT('',#20248);
#6031=VERTEX_POINT('',#20251);
#6032=VERTEX_POINT('',#20253);
#6033=VERTEX_POINT('',#20255);
#6034=VERTEX_POINT('',#20256);
#6035=VERTEX_POINT('',#20258);
#6036=VERTEX_POINT('',#20260);
#6037=VERTEX_POINT('',#20263);
#6038=VERTEX_POINT('',#20264);
#6039=VERTEX_POINT('',#20266);
#6040=VERTEX_POINT('',#20268);
#6041=VERTEX_POINT('',#20271);
#6042=VERTEX_POINT('',#20273);
#6043=VERTEX_POINT('',#20275);
#6044=VERTEX_POINT('',#20276);
#6045=VERTEX_POINT('',#20278);
#6046=VERTEX_POINT('',#20280);
#6047=VERTEX_POINT('',#20283);
#6048=VERTEX_POINT('',#20284);
#6049=VERTEX_POINT('',#20286);
#6050=VERTEX_POINT('',#20288);
#6051=VERTEX_POINT('',#20291);
#6052=VERTEX_POINT('',#20292);
#6053=VERTEX_POINT('',#20294);
#6054=VERTEX_POINT('',#20296);
#6055=VERTEX_POINT('',#20298);
#6056=VERTEX_POINT('',#20300);
#6057=VERTEX_POINT('',#20381);
#6058=VERTEX_POINT('',#20382);
#6059=VERTEX_POINT('',#20384);
#6060=VERTEX_POINT('',#20386);
#6061=VERTEX_POINT('',#20388);
#6062=VERTEX_POINT('',#20390);
#6063=VERTEX_POINT('',#20392);
#6064=VERTEX_POINT('',#20394);
#6065=VERTEX_POINT('',#20398);
#6066=VERTEX_POINT('',#20400);
#6067=VERTEX_POINT('',#20404);
#6068=VERTEX_POINT('',#20408);
#6069=VERTEX_POINT('',#20412);
#6070=VERTEX_POINT('',#20415);
#6071=VERTEX_POINT('',#20416);
#6072=VERTEX_POINT('',#20418);
#6073=VERTEX_POINT('',#20420);
#6074=VERTEX_POINT('',#20423);
#6075=VERTEX_POINT('',#20424);
#6076=VERTEX_POINT('',#20426);
#6077=VERTEX_POINT('',#20428);
#6078=VERTEX_POINT('',#20431);
#6079=VERTEX_POINT('',#20432);
#6080=VERTEX_POINT('',#20434);
#6081=VERTEX_POINT('',#20436);
#6082=VERTEX_POINT('',#20439);
#6083=VERTEX_POINT('',#20440);
#6084=VERTEX_POINT('',#20442);
#6085=VERTEX_POINT('',#20444);
#6086=VERTEX_POINT('',#20448);
#6087=VERTEX_POINT('',#20450);
#6088=VERTEX_POINT('',#20455);
#6089=VERTEX_POINT('',#20457);
#6090=VERTEX_POINT('',#20462);
#6091=VERTEX_POINT('',#20463);
#6092=VERTEX_POINT('',#20468);
#6093=VERTEX_POINT('',#20472);
#6094=VERTEX_POINT('',#20478);
#6095=VERTEX_POINT('',#20479);
#6096=VERTEX_POINT('',#20484);
#6097=VERTEX_POINT('',#20488);
#6098=VERTEX_POINT('',#20494);
#6099=VERTEX_POINT('',#20495);
#6100=VERTEX_POINT('',#20500);
#6101=VERTEX_POINT('',#20504);
#6102=VERTEX_POINT('',#20510);
#6103=VERTEX_POINT('',#20511);
#6104=VERTEX_POINT('',#20516);
#6105=VERTEX_POINT('',#20520);
#6106=VERTEX_POINT('',#20526);
#6107=VERTEX_POINT('',#20527);
#6108=VERTEX_POINT('',#20529);
#6109=VERTEX_POINT('',#20531);
#6110=VERTEX_POINT('',#20535);
#6111=VERTEX_POINT('',#20537);
#6112=VERTEX_POINT('',#20541);
#6113=VERTEX_POINT('',#20543);
#6114=VERTEX_POINT('',#20550);
#6115=VERTEX_POINT('',#20551);
#6116=VERTEX_POINT('',#20553);
#6117=VERTEX_POINT('',#20555);
#6118=VERTEX_POINT('',#20559);
#6119=VERTEX_POINT('',#20561);
#6120=VERTEX_POINT('',#20565);
#6121=VERTEX_POINT('',#20567);
#6122=VERTEX_POINT('',#20575);
#6123=VERTEX_POINT('',#20576);
#6124=VERTEX_POINT('',#20578);
#6125=VERTEX_POINT('',#20580);
#6126=VERTEX_POINT('',#20584);
#6127=VERTEX_POINT('',#20586);
#6128=VERTEX_POINT('',#20590);
#6129=VERTEX_POINT('',#20592);
#6130=VERTEX_POINT('',#20599);
#6131=VERTEX_POINT('',#20600);
#6132=VERTEX_POINT('',#20602);
#6133=VERTEX_POINT('',#20604);
#6134=VERTEX_POINT('',#20608);
#6135=VERTEX_POINT('',#20610);
#6136=VERTEX_POINT('',#20614);
#6137=VERTEX_POINT('',#20616);
#6138=VERTEX_POINT('',#20623);
#6139=VERTEX_POINT('',#20624);
#6140=VERTEX_POINT('',#20626);
#6141=VERTEX_POINT('',#20628);
#6142=VERTEX_POINT('',#20632);
#6143=VERTEX_POINT('',#20634);
#6144=VERTEX_POINT('',#20638);
#6145=VERTEX_POINT('',#20640);
#6146=VERTEX_POINT('',#20647);
#6147=VERTEX_POINT('',#20648);
#6148=VERTEX_POINT('',#20650);
#6149=VERTEX_POINT('',#20652);
#6150=VERTEX_POINT('',#20656);
#6151=VERTEX_POINT('',#20658);
#6152=VERTEX_POINT('',#20662);
#6153=VERTEX_POINT('',#20664);
#6154=VERTEX_POINT('',#20671);
#6155=VERTEX_POINT('',#20672);
#6156=VERTEX_POINT('',#20674);
#6157=VERTEX_POINT('',#20676);
#6158=VERTEX_POINT('',#20680);
#6159=VERTEX_POINT('',#20682);
#6160=VERTEX_POINT('',#20686);
#6161=VERTEX_POINT('',#20688);
#6162=VERTEX_POINT('',#20695);
#6163=VERTEX_POINT('',#20696);
#6164=VERTEX_POINT('',#20698);
#6165=VERTEX_POINT('',#20700);
#6166=VERTEX_POINT('',#20704);
#6167=VERTEX_POINT('',#20706);
#6168=VERTEX_POINT('',#20710);
#6169=VERTEX_POINT('',#20712);
#6170=VERTEX_POINT('',#20719);
#6171=VERTEX_POINT('',#20720);
#6172=VERTEX_POINT('',#20722);
#6173=VERTEX_POINT('',#20724);
#6174=VERTEX_POINT('',#20728);
#6175=VERTEX_POINT('',#20730);
#6176=VERTEX_POINT('',#20734);
#6177=VERTEX_POINT('',#20736);
#6178=VERTEX_POINT('',#20743);
#6179=VERTEX_POINT('',#20744);
#6180=VERTEX_POINT('',#20746);
#6181=VERTEX_POINT('',#20748);
#6182=VERTEX_POINT('',#20752);
#6183=VERTEX_POINT('',#20754);
#6184=VERTEX_POINT('',#20758);
#6185=VERTEX_POINT('',#20760);
#6186=VERTEX_POINT('',#20767);
#6187=VERTEX_POINT('',#20768);
#6188=VERTEX_POINT('',#20770);
#6189=VERTEX_POINT('',#20772);
#6190=VERTEX_POINT('',#20776);
#6191=VERTEX_POINT('',#20778);
#6192=VERTEX_POINT('',#20782);
#6193=VERTEX_POINT('',#20784);
#6194=VERTEX_POINT('',#20791);
#6195=VERTEX_POINT('',#20792);
#6196=VERTEX_POINT('',#20794);
#6197=VERTEX_POINT('',#20796);
#6198=VERTEX_POINT('',#20800);
#6199=VERTEX_POINT('',#20802);
#6200=VERTEX_POINT('',#20806);
#6201=VERTEX_POINT('',#20808);
#6202=VERTEX_POINT('',#20815);
#6203=VERTEX_POINT('',#20816);
#6204=VERTEX_POINT('',#20818);
#6205=VERTEX_POINT('',#20820);
#6206=VERTEX_POINT('',#20824);
#6207=VERTEX_POINT('',#20826);
#6208=VERTEX_POINT('',#20830);
#6209=VERTEX_POINT('',#20832);
#6210=VERTEX_POINT('',#20839);
#6211=VERTEX_POINT('',#20840);
#6212=VERTEX_POINT('',#20842);
#6213=VERTEX_POINT('',#20844);
#6214=VERTEX_POINT('',#20848);
#6215=VERTEX_POINT('',#20850);
#6216=VERTEX_POINT('',#20854);
#6217=VERTEX_POINT('',#20856);
#6218=VERTEX_POINT('',#20863);
#6219=VERTEX_POINT('',#20864);
#6220=VERTEX_POINT('',#20866);
#6221=VERTEX_POINT('',#20868);
#6222=VERTEX_POINT('',#20872);
#6223=VERTEX_POINT('',#20874);
#6224=VERTEX_POINT('',#20878);
#6225=VERTEX_POINT('',#20880);
#6226=VERTEX_POINT('',#20884);
#6227=VERTEX_POINT('',#20886);
#6228=VERTEX_POINT('',#20890);
#6229=VERTEX_POINT('',#20892);
#6230=VERTEX_POINT('',#20896);
#6231=VERTEX_POINT('',#20898);
#6232=VERTEX_POINT('',#20902);
#6233=VERTEX_POINT('',#20904);
#6234=VERTEX_POINT('',#20911);
#6235=VERTEX_POINT('',#20912);
#6236=VERTEX_POINT('',#20914);
#6237=VERTEX_POINT('',#20916);
#6238=VERTEX_POINT('',#20918);
#6239=VERTEX_POINT('',#20920);
#6240=VERTEX_POINT('',#20922);
#6241=VERTEX_POINT('',#20924);
#6242=VERTEX_POINT('',#20928);
#6243=VERTEX_POINT('',#20930);
#6244=VERTEX_POINT('',#20934);
#6245=VERTEX_POINT('',#20938);
#6246=VERTEX_POINT('',#20942);
#6247=VERTEX_POINT('',#20946);
#6248=VERTEX_POINT('',#20948);
#6249=VERTEX_POINT('',#20950);
#6250=VERTEX_POINT('',#20953);
#6251=VERTEX_POINT('',#20954);
#6252=VERTEX_POINT('',#20956);
#6253=VERTEX_POINT('',#20958);
#6254=VERTEX_POINT('',#20960);
#6255=VERTEX_POINT('',#20962);
#6256=VERTEX_POINT('',#20964);
#6257=VERTEX_POINT('',#20966);
#6258=VERTEX_POINT('',#20968);
#6259=VERTEX_POINT('',#20970);
#6260=VERTEX_POINT('',#20972);
#6261=VERTEX_POINT('',#20974);
#6262=VERTEX_POINT('',#20978);
#6263=VERTEX_POINT('',#20980);
#6264=VERTEX_POINT('',#20982);
#6265=VERTEX_POINT('',#20984);
#6266=VERTEX_POINT('',#20986);
#6267=VERTEX_POINT('',#20988);
#6268=VERTEX_POINT('',#20990);
#6269=VERTEX_POINT('',#20994);
#6270=VERTEX_POINT('',#20998);
#6271=VERTEX_POINT('',#21002);
#6272=VERTEX_POINT('',#21008);
#6273=VERTEX_POINT('',#21012);
#6274=VERTEX_POINT('',#21014);
#6275=VERTEX_POINT('',#21018);
#6276=VERTEX_POINT('',#21021);
#6277=VERTEX_POINT('',#21023);
#6278=VERTEX_POINT('',#21025);
#6279=VERTEX_POINT('',#21036);
#6280=VERTEX_POINT('',#21040);
#6281=VERTEX_POINT('',#21044);
#6282=VERTEX_POINT('',#21045);
#6283=VERTEX_POINT('',#21047);
#6284=VERTEX_POINT('',#21049);
#6285=VERTEX_POINT('',#21053);
#6286=VERTEX_POINT('',#21054);
#6287=VERTEX_POINT('',#21056);
#6288=VERTEX_POINT('',#21058);
#6289=VERTEX_POINT('',#21062);
#6290=VERTEX_POINT('',#21065);
#6291=VERTEX_POINT('',#21067);
#6292=VERTEX_POINT('',#21069);
#6293=VERTEX_POINT('',#21073);
#6294=VERTEX_POINT('',#21075);
#6295=VERTEX_POINT('',#21077);
#6296=VERTEX_POINT('',#21079);
#6297=VERTEX_POINT('',#21091);
#6298=VERTEX_POINT('',#21094);
#6299=VERTEX_POINT('',#21098);
#6300=VERTEX_POINT('',#21102);
#6301=VERTEX_POINT('',#21108);
#6302=VERTEX_POINT('',#21112);
#6303=EDGE_CURVE('',#5174,#5175,#2406,.T.);
#6304=EDGE_CURVE('',#5176,#5174,#2407,.T.);
#6305=EDGE_CURVE('',#5177,#5176,#2408,.T.);
#6306=EDGE_CURVE('',#5177,#5178,#2409,.T.);
#6307=EDGE_CURVE('',#5175,#5178,#2410,.T.);
#6308=EDGE_CURVE('',#5179,#5180,#2411,.T.);
#6309=EDGE_CURVE('',#5179,#5181,#2412,.T.);
#6310=EDGE_CURVE('',#5182,#5181,#2413,.T.);
#6311=EDGE_CURVE('',#5183,#5182,#2414,.T.);
#6312=EDGE_CURVE('',#5183,#5180,#2415,.T.);
#6313=EDGE_CURVE('',#5184,#5185,#2416,.T.);
#6314=EDGE_CURVE('',#5186,#5184,#2417,.T.);
#6315=EDGE_CURVE('',#5186,#5187,#2418,.T.);
#6316=EDGE_CURVE('',#5187,#5188,#2419,.T.);
#6317=EDGE_CURVE('',#5188,#5189,#2420,.T.);
#6318=EDGE_CURVE('',#5182,#5189,#2421,.T.);
#6319=EDGE_CURVE('',#5181,#5185,#2422,.T.);
#6320=EDGE_CURVE('',#5178,#5183,#2423,.T.);
#6321=EDGE_CURVE('',#5189,#5190,#2424,.T.);
#6322=EDGE_CURVE('',#5175,#5190,#2425,.T.);
#6323=EDGE_CURVE('',#5191,#5192,#2426,.T.);
#6324=EDGE_CURVE('',#5192,#5193,#2427,.T.);
#6325=EDGE_CURVE('',#5193,#5194,#2428,.T.);
#6326=EDGE_CURVE('',#5174,#5194,#2429,.T.);
#6327=EDGE_CURVE('',#5190,#5195,#2430,.T.);
#6328=EDGE_CURVE('',#5191,#5195,#2431,.T.);
#6329=EDGE_CURVE('',#5187,#5196,#2432,.T.);
#6330=EDGE_CURVE('',#5196,#5197,#2433,.T.);
#6331=EDGE_CURVE('',#5197,#5191,#2434,.T.);
#6332=EDGE_CURVE('',#5195,#5188,#2435,.T.);
#6333=EDGE_CURVE('',#5198,#5199,#2436,.T.);
#6334=EDGE_CURVE('',#5198,#5200,#2437,.T.);
#6335=EDGE_CURVE('',#5200,#5201,#2438,.T.);
#6336=EDGE_CURVE('',#5201,#5202,#2439,.T.);
#6337=EDGE_CURVE('',#5202,#5203,#2440,.T.);
#6338=EDGE_CURVE('',#5204,#5203,#2441,.T.);
#6339=EDGE_CURVE('',#5204,#5205,#2442,.T.);
#6340=EDGE_CURVE('',#5205,#5179,#2443,.T.);
#6341=EDGE_CURVE('',#5180,#5177,#2444,.T.);
#6342=EDGE_CURVE('',#5199,#5176,#2445,.T.);
#6343=EDGE_CURVE('',#5200,#5192,#2446,.T.);
#6344=EDGE_CURVE('',#5197,#5201,#2447,.T.);
#6345=EDGE_CURVE('',#5203,#5186,#2448,.T.);
#6346=EDGE_CURVE('',#5202,#5196,#2449,.T.);
#6347=EDGE_CURVE('',#5206,#5205,#2450,.T.);
#6348=EDGE_CURVE('',#5207,#5204,#2451,.T.);
#6349=EDGE_CURVE('',#5207,#5206,#2452,.T.);
#6350=EDGE_CURVE('',#5185,#5208,#2453,.T.);
#6351=EDGE_CURVE('',#5209,#5208,#2454,.T.);
#6352=EDGE_CURVE('',#5184,#5209,#2455,.T.);
#6353=EDGE_CURVE('',#5208,#5210,#2456,.T.);
#6354=EDGE_CURVE('',#5211,#5210,#2457,.T.);
#6355=EDGE_CURVE('',#5209,#5211,#2458,.T.);
#6356=EDGE_CURVE('',#5210,#5212,#2459,.T.);
#6357=EDGE_CURVE('',#5213,#5212,#2460,.T.);
#6358=EDGE_CURVE('',#5211,#5213,#2461,.T.);
#6359=EDGE_CURVE('',#5212,#5206,#2462,.T.);
#6360=EDGE_CURVE('',#5213,#5207,#2463,.T.);
#6361=EDGE_CURVE('',#5214,#5199,#2464,.T.);
#6362=EDGE_CURVE('',#5215,#5214,#2465,.T.);
#6363=EDGE_CURVE('',#5215,#5198,#2466,.T.);
#6364=EDGE_CURVE('',#5216,#5214,#2467,.T.);
#6365=EDGE_CURVE('',#5217,#5216,#2468,.T.);
#6366=EDGE_CURVE('',#5217,#5215,#2469,.T.);
#6367=EDGE_CURVE('',#5218,#5216,#2470,.T.);
#6368=EDGE_CURVE('',#5219,#5218,#2471,.T.);
#6369=EDGE_CURVE('',#5219,#5217,#2472,.T.);
#6370=EDGE_CURVE('',#5220,#5218,#2473,.T.);
#6371=EDGE_CURVE('',#5221,#5220,#2474,.T.);
#6372=EDGE_CURVE('',#5221,#5219,#2475,.T.);
#6373=EDGE_CURVE('',#5194,#5220,#2476,.T.);
#6374=EDGE_CURVE('',#5193,#5221,#2477,.T.);
#6375=EDGE_CURVE('',#5222,#5223,#148,.T.);
#6376=EDGE_CURVE('',#5224,#5223,#2478,.T.);
#6377=EDGE_CURVE('',#5225,#5224,#149,.T.);
#6378=EDGE_CURVE('',#5225,#5222,#2479,.T.);
#6379=EDGE_CURVE('',#5223,#5226,#2480,.T.);
#6380=EDGE_CURVE('',#5227,#5226,#2481,.T.);
#6381=EDGE_CURVE('',#5224,#5227,#2482,.T.);
#6382=EDGE_CURVE('',#5226,#5228,#150,.T.);
#6383=EDGE_CURVE('',#5229,#5228,#2483,.T.);
#6384=EDGE_CURVE('',#5227,#5229,#151,.T.);
#6385=EDGE_CURVE('',#5228,#5222,#2484,.T.);
#6386=EDGE_CURVE('',#5229,#5225,#2485,.T.);
#6387=EDGE_CURVE('',#5230,#5231,#152,.T.);
#6388=EDGE_CURVE('',#5232,#5231,#2486,.T.);
#6389=EDGE_CURVE('',#5233,#5232,#153,.T.);
#6390=EDGE_CURVE('',#5233,#5230,#2487,.T.);
#6391=EDGE_CURVE('',#5231,#5234,#2488,.T.);
#6392=EDGE_CURVE('',#5235,#5234,#2489,.T.);
#6393=EDGE_CURVE('',#5232,#5235,#2490,.T.);
#6394=EDGE_CURVE('',#5234,#5236,#154,.T.);
#6395=EDGE_CURVE('',#5237,#5236,#2491,.T.);
#6396=EDGE_CURVE('',#5235,#5237,#155,.T.);
#6397=EDGE_CURVE('',#5236,#5230,#2492,.T.);
#6398=EDGE_CURVE('',#5237,#5233,#2493,.T.);
#6399=EDGE_CURVE('',#5238,#5239,#156,.T.);
#6400=EDGE_CURVE('',#5240,#5239,#2494,.T.);
#6401=EDGE_CURVE('',#5241,#5240,#157,.T.);
#6402=EDGE_CURVE('',#5241,#5238,#2495,.T.);
#6403=EDGE_CURVE('',#5239,#5242,#2496,.T.);
#6404=EDGE_CURVE('',#5243,#5242,#2497,.T.);
#6405=EDGE_CURVE('',#5240,#5243,#2498,.T.);
#6406=EDGE_CURVE('',#5242,#5244,#158,.T.);
#6407=EDGE_CURVE('',#5245,#5244,#2499,.T.);
#6408=EDGE_CURVE('',#5243,#5245,#159,.T.);
#6409=EDGE_CURVE('',#5244,#5238,#2500,.T.);
#6410=EDGE_CURVE('',#5245,#5241,#2501,.T.);
#6411=EDGE_CURVE('',#5246,#5247,#160,.T.);
#6412=EDGE_CURVE('',#5248,#5247,#2502,.T.);
#6413=EDGE_CURVE('',#5249,#5248,#161,.T.);
#6414=EDGE_CURVE('',#5249,#5246,#2503,.T.);
#6415=EDGE_CURVE('',#5247,#5250,#2504,.T.);
#6416=EDGE_CURVE('',#5251,#5250,#2505,.T.);
#6417=EDGE_CURVE('',#5248,#5251,#2506,.T.);
#6418=EDGE_CURVE('',#5250,#5252,#162,.T.);
#6419=EDGE_CURVE('',#5253,#5252,#2507,.T.);
#6420=EDGE_CURVE('',#5251,#5253,#163,.T.);
#6421=EDGE_CURVE('',#5252,#5246,#2508,.T.);
#6422=EDGE_CURVE('',#5253,#5249,#2509,.T.);
#6423=EDGE_CURVE('',#5254,#5255,#164,.T.);
#6424=EDGE_CURVE('',#5256,#5255,#2510,.T.);
#6425=EDGE_CURVE('',#5257,#5256,#165,.T.);
#6426=EDGE_CURVE('',#5257,#5254,#2511,.T.);
#6427=EDGE_CURVE('',#5255,#5258,#2512,.T.);
#6428=EDGE_CURVE('',#5259,#5258,#2513,.T.);
#6429=EDGE_CURVE('',#5256,#5259,#2514,.T.);
#6430=EDGE_CURVE('',#5258,#5260,#166,.T.);
#6431=EDGE_CURVE('',#5261,#5260,#2515,.T.);
#6432=EDGE_CURVE('',#5259,#5261,#167,.T.);
#6433=EDGE_CURVE('',#5260,#5254,#2516,.T.);
#6434=EDGE_CURVE('',#5261,#5257,#2517,.T.);
#6435=EDGE_CURVE('',#5262,#5263,#168,.T.);
#6436=EDGE_CURVE('',#5264,#5263,#2518,.T.);
#6437=EDGE_CURVE('',#5265,#5264,#169,.T.);
#6438=EDGE_CURVE('',#5265,#5262,#2519,.T.);
#6439=EDGE_CURVE('',#5263,#5266,#2520,.T.);
#6440=EDGE_CURVE('',#5267,#5266,#2521,.T.);
#6441=EDGE_CURVE('',#5264,#5267,#2522,.T.);
#6442=EDGE_CURVE('',#5266,#5268,#170,.T.);
#6443=EDGE_CURVE('',#5269,#5268,#2523,.T.);
#6444=EDGE_CURVE('',#5267,#5269,#171,.T.);
#6445=EDGE_CURVE('',#5268,#5262,#2524,.T.);
#6446=EDGE_CURVE('',#5269,#5265,#2525,.T.);
#6447=EDGE_CURVE('',#5270,#5271,#172,.T.);
#6448=EDGE_CURVE('',#5272,#5271,#2526,.T.);
#6449=EDGE_CURVE('',#5273,#5272,#173,.T.);
#6450=EDGE_CURVE('',#5273,#5270,#2527,.T.);
#6451=EDGE_CURVE('',#5271,#5274,#2528,.T.);
#6452=EDGE_CURVE('',#5275,#5274,#2529,.T.);
#6453=EDGE_CURVE('',#5272,#5275,#2530,.T.);
#6454=EDGE_CURVE('',#5274,#5276,#174,.T.);
#6455=EDGE_CURVE('',#5277,#5276,#2531,.T.);
#6456=EDGE_CURVE('',#5275,#5277,#175,.T.);
#6457=EDGE_CURVE('',#5276,#5270,#2532,.T.);
#6458=EDGE_CURVE('',#5277,#5273,#2533,.T.);
#6459=EDGE_CURVE('',#5278,#5279,#176,.T.);
#6460=EDGE_CURVE('',#5280,#5279,#2534,.T.);
#6461=EDGE_CURVE('',#5281,#5280,#177,.T.);
#6462=EDGE_CURVE('',#5281,#5278,#2535,.T.);
#6463=EDGE_CURVE('',#5279,#5282,#2536,.T.);
#6464=EDGE_CURVE('',#5283,#5282,#2537,.T.);
#6465=EDGE_CURVE('',#5280,#5283,#2538,.T.);
#6466=EDGE_CURVE('',#5282,#5284,#178,.T.);
#6467=EDGE_CURVE('',#5285,#5284,#2539,.T.);
#6468=EDGE_CURVE('',#5283,#5285,#179,.T.);
#6469=EDGE_CURVE('',#5284,#5278,#2540,.T.);
#6470=EDGE_CURVE('',#5285,#5281,#2541,.T.);
#6471=EDGE_CURVE('',#5286,#5287,#180,.T.);
#6472=EDGE_CURVE('',#5288,#5287,#2542,.T.);
#6473=EDGE_CURVE('',#5289,#5288,#181,.T.);
#6474=EDGE_CURVE('',#5289,#5286,#2543,.T.);
#6475=EDGE_CURVE('',#5287,#5290,#2544,.T.);
#6476=EDGE_CURVE('',#5291,#5290,#2545,.T.);
#6477=EDGE_CURVE('',#5288,#5291,#2546,.T.);
#6478=EDGE_CURVE('',#5290,#5292,#182,.T.);
#6479=EDGE_CURVE('',#5293,#5292,#2547,.T.);
#6480=EDGE_CURVE('',#5291,#5293,#183,.T.);
#6481=EDGE_CURVE('',#5292,#5286,#2548,.T.);
#6482=EDGE_CURVE('',#5293,#5289,#2549,.T.);
#6483=EDGE_CURVE('',#5294,#5294,#184,.T.);
#6484=EDGE_CURVE('',#5294,#5295,#2550,.T.);
#6485=EDGE_CURVE('',#5295,#5295,#185,.T.);
#6486=EDGE_CURVE('',#5296,#5296,#186,.T.);
#6487=EDGE_CURVE('',#5296,#5297,#2551,.T.);
#6488=EDGE_CURVE('',#5297,#5297,#187,.T.);
#6489=EDGE_CURVE('',#5298,#5299,#188,.T.);
#6490=EDGE_CURVE('',#5299,#5294,#2552,.T.);
#6491=EDGE_CURVE('',#5299,#5300,#189,.T.);
#6492=EDGE_CURVE('',#5300,#5298,#190,.T.);
#6493=EDGE_CURVE('',#5301,#5302,#191,.T.);
#6494=EDGE_CURVE('',#5302,#5296,#2553,.T.);
#6495=EDGE_CURVE('',#5302,#5303,#192,.T.);
#6496=EDGE_CURVE('',#5303,#5301,#193,.T.);
#6497=EDGE_CURVE('',#5304,#5305,#194,.T.);
#6498=EDGE_CURVE('',#5306,#5304,#2554,.T.);
#6499=EDGE_CURVE('',#5307,#5306,#195,.T.);
#6500=EDGE_CURVE('',#5305,#5307,#2555,.T.);
#6501=EDGE_CURVE('',#5308,#5309,#196,.T.);
#6502=EDGE_CURVE('',#5310,#5308,#2556,.T.);
#6503=EDGE_CURVE('',#5311,#5310,#197,.T.);
#6504=EDGE_CURVE('',#5309,#5311,#2557,.T.);
#6505=EDGE_CURVE('',#5312,#5313,#198,.T.);
#6506=EDGE_CURVE('',#5314,#5312,#2558,.T.);
#6507=EDGE_CURVE('',#5315,#5314,#199,.T.);
#6508=EDGE_CURVE('',#5313,#5315,#2559,.T.);
#6509=EDGE_CURVE('',#5316,#5317,#200,.T.);
#6510=EDGE_CURVE('',#5318,#5316,#2560,.T.);
#6511=EDGE_CURVE('',#5319,#5318,#201,.T.);
#6512=EDGE_CURVE('',#5317,#5319,#2561,.T.);
#6513=EDGE_CURVE('',#5320,#5321,#202,.T.);
#6514=EDGE_CURVE('',#5322,#5320,#2562,.T.);
#6515=EDGE_CURVE('',#5323,#5322,#203,.T.);
#6516=EDGE_CURVE('',#5321,#5323,#2563,.T.);
#6517=EDGE_CURVE('',#5324,#5325,#204,.T.);
#6518=EDGE_CURVE('',#5326,#5324,#2564,.T.);
#6519=EDGE_CURVE('',#5326,#5327,#205,.T.);
#6520=EDGE_CURVE('',#5325,#5327,#2565,.T.);
#6521=EDGE_CURVE('',#5328,#5329,#206,.T.);
#6522=EDGE_CURVE('',#5330,#5328,#2566,.T.);
#6523=EDGE_CURVE('',#5331,#5330,#207,.T.);
#6524=EDGE_CURVE('',#5329,#5331,#2567,.T.);
#6525=EDGE_CURVE('',#5332,#5333,#208,.T.);
#6526=EDGE_CURVE('',#5334,#5332,#2568,.T.);
#6527=EDGE_CURVE('',#5335,#5334,#209,.T.);
#6528=EDGE_CURVE('',#5333,#5335,#2569,.T.);
#6529=EDGE_CURVE('',#5336,#5337,#210,.T.);
#6530=EDGE_CURVE('',#5338,#5336,#2570,.T.);
#6531=EDGE_CURVE('',#5339,#5338,#211,.T.);
#6532=EDGE_CURVE('',#5337,#5339,#2571,.T.);
#6533=EDGE_CURVE('',#5340,#5341,#212,.T.);
#6534=EDGE_CURVE('',#5342,#5340,#2572,.T.);
#6535=EDGE_CURVE('',#5343,#5342,#213,.T.);
#6536=EDGE_CURVE('',#5341,#5343,#2573,.T.);
#6537=EDGE_CURVE('',#5344,#5345,#214,.T.);
#6538=EDGE_CURVE('',#5346,#5344,#2574,.T.);
#6539=EDGE_CURVE('',#5347,#5346,#215,.T.);
#6540=EDGE_CURVE('',#5345,#5347,#2575,.T.);
#6541=EDGE_CURVE('',#5348,#5349,#216,.T.);
#6542=EDGE_CURVE('',#5350,#5348,#2576,.T.);
#6543=EDGE_CURVE('',#5351,#5350,#217,.T.);
#6544=EDGE_CURVE('',#5349,#5351,#2577,.T.);
#6545=EDGE_CURVE('',#5352,#5353,#2578,.T.);
#6546=EDGE_CURVE('',#5352,#5354,#218,.T.);
#6547=EDGE_CURVE('',#5354,#5355,#2579,.T.);
#6548=EDGE_CURVE('',#5355,#5353,#219,.T.);
#6549=EDGE_CURVE('',#5356,#5357,#2580,.T.);
#6550=EDGE_CURVE('',#5356,#5352,#2581,.T.);
#6551=EDGE_CURVE('',#5353,#5358,#2582,.T.);
#6552=EDGE_CURVE('',#5359,#5358,#220,.T.);
#6553=EDGE_CURVE('',#5359,#5360,#2583,.T.);
#6554=EDGE_CURVE('',#5361,#5360,#2584,.T.);
#6555=EDGE_CURVE('',#5361,#5362,#2585,.T.);
#6556=EDGE_CURVE('',#5363,#5362,#221,.T.);
#6557=EDGE_CURVE('',#5363,#5357,#2586,.T.);
#6558=EDGE_CURVE('',#5364,#5365,#2587,.T.);
#6559=EDGE_CURVE('',#5364,#5356,#222,.T.);
#6560=EDGE_CURVE('',#5357,#5365,#223,.T.);
#6561=EDGE_CURVE('',#5366,#5367,#2588,.T.);
#6562=EDGE_CURVE('',#5366,#5368,#224,.T.);
#6563=EDGE_CURVE('',#5368,#5369,#2589,.T.);
#6564=EDGE_CURVE('',#5369,#5367,#225,.T.);
#6565=EDGE_CURVE('',#5370,#5371,#2590,.T.);
#6566=EDGE_CURVE('',#5370,#5366,#2591,.T.);
#6567=EDGE_CURVE('',#5367,#5371,#2592,.T.);
#6568=EDGE_CURVE('',#5372,#5373,#2593,.T.);
#6569=EDGE_CURVE('',#5372,#5370,#226,.T.);
#6570=EDGE_CURVE('',#5371,#5373,#227,.T.);
#6571=EDGE_CURVE('',#5354,#5372,#2594,.T.);
#6572=EDGE_CURVE('',#5373,#5374,#2595,.T.);
#6573=EDGE_CURVE('',#5374,#5375,#2596,.T.);
#6574=EDGE_CURVE('',#5375,#5376,#2597,.T.);
#6575=EDGE_CURVE('',#5376,#5355,#138,.T.);
#6576=EDGE_CURVE('',#5368,#5364,#2598,.T.);
#6577=EDGE_CURVE('',#5365,#5377,#139,.T.);
#6578=EDGE_CURVE('',#5377,#5378,#2599,.T.);
#6579=EDGE_CURVE('',#5378,#5379,#2600,.T.);
#6580=EDGE_CURVE('',#5379,#5369,#2601,.T.);
#6581=EDGE_CURVE('',#5380,#5381,#228,.T.);
#6582=EDGE_CURVE('',#5381,#5382,#2602,.T.);
#6583=EDGE_CURVE('',#5382,#5383,#229,.T.);
#6584=EDGE_CURVE('',#5383,#5384,#2603,.T.);
#6585=EDGE_CURVE('',#5384,#5385,#230,.T.);
#6586=EDGE_CURVE('',#5385,#5386,#2604,.T.);
#6587=EDGE_CURVE('',#5386,#5387,#231,.T.);
#6588=EDGE_CURVE('',#5387,#5380,#2605,.T.);
#6589=EDGE_CURVE('',#5388,#5304,#2606,.T.);
#6590=EDGE_CURVE('',#5389,#5388,#2607,.T.);
#6591=EDGE_CURVE('',#5349,#5389,#2608,.T.);
#6592=EDGE_CURVE('',#5390,#5351,#2609,.T.);
#6593=EDGE_CURVE('',#5390,#5391,#2610,.T.);
#6594=EDGE_CURVE('',#5346,#5391,#2611,.T.);
#6595=EDGE_CURVE('',#5392,#5344,#2612,.T.);
#6596=EDGE_CURVE('',#5392,#5393,#2613,.T.);
#6597=EDGE_CURVE('',#5342,#5393,#2614,.T.);
#6598=EDGE_CURVE('',#5394,#5340,#2615,.T.);
#6599=EDGE_CURVE('',#5394,#5395,#2616,.T.);
#6600=EDGE_CURVE('',#5338,#5395,#2617,.T.);
#6601=EDGE_CURVE('',#5396,#5336,#2618,.T.);
#6602=EDGE_CURVE('',#5396,#5397,#2619,.T.);
#6603=EDGE_CURVE('',#5334,#5397,#2620,.T.);
#6604=EDGE_CURVE('',#5398,#5332,#2621,.T.);
#6605=EDGE_CURVE('',#5398,#5399,#2622,.T.);
#6606=EDGE_CURVE('',#5330,#5399,#2623,.T.);
#6607=EDGE_CURVE('',#5400,#5328,#2624,.T.);
#6608=EDGE_CURVE('',#5400,#5401,#2625,.T.);
#6609=EDGE_CURVE('',#5402,#5401,#2626,.T.);
#6610=EDGE_CURVE('',#5402,#5403,#2627,.T.);
#6611=EDGE_CURVE('',#5403,#5404,#2628,.T.);
#6612=EDGE_CURVE('',#5404,#5405,#232,.T.);
#6613=EDGE_CURVE('',#5405,#5406,#2629,.T.);
#6614=EDGE_CURVE('',#5406,#5407,#233,.T.);
#6615=EDGE_CURVE('',#5407,#5326,#2630,.T.);
#6616=EDGE_CURVE('',#5408,#5324,#2631,.T.);
#6617=EDGE_CURVE('',#5409,#5408,#2632,.T.);
#6618=EDGE_CURVE('',#5310,#5409,#2633,.T.);
#6619=EDGE_CURVE('',#5410,#5308,#2634,.T.);
#6620=EDGE_CURVE('',#5411,#5410,#2635,.T.);
#6621=EDGE_CURVE('',#5321,#5411,#2636,.T.);
#6622=EDGE_CURVE('',#5412,#5323,#2637,.T.);
#6623=EDGE_CURVE('',#5413,#5412,#2638,.T.);
#6624=EDGE_CURVE('',#5318,#5413,#2639,.T.);
#6625=EDGE_CURVE('',#5414,#5316,#2640,.T.);
#6626=EDGE_CURVE('',#5415,#5414,#2641,.T.);
#6627=EDGE_CURVE('',#5314,#5415,#2642,.T.);
#6628=EDGE_CURVE('',#5416,#5312,#2643,.T.);
#6629=EDGE_CURVE('',#5417,#5416,#2644,.T.);
#6630=EDGE_CURVE('',#5306,#5417,#2645,.T.);
#6631=EDGE_CURVE('',#5418,#5419,#2646,.T.);
#6632=EDGE_CURVE('',#5419,#5420,#234,.T.);
#6633=EDGE_CURVE('',#5420,#5421,#2647,.T.);
#6634=EDGE_CURVE('',#5421,#5422,#2648,.T.);
#6635=EDGE_CURVE('',#5422,#5418,#2649,.T.);
#6636=EDGE_CURVE('',#5423,#5424,#2650,.T.);
#6637=EDGE_CURVE('',#5424,#5425,#2651,.T.);
#6638=EDGE_CURVE('',#5425,#5426,#2652,.T.);
#6639=EDGE_CURVE('',#5426,#5423,#2653,.T.);
#6640=EDGE_CURVE('',#5427,#5428,#2654,.T.);
#6641=EDGE_CURVE('',#5428,#5361,#2655,.T.);
#6642=EDGE_CURVE('',#5360,#5427,#2656,.T.);
#6643=EDGE_CURVE('',#5429,#5430,#2657,.T.);
#6644=EDGE_CURVE('',#5430,#5431,#2658,.T.);
#6645=EDGE_CURVE('',#5431,#5432,#2659,.T.);
#6646=EDGE_CURVE('',#5432,#5429,#2660,.T.);
#6647=EDGE_CURVE('',#5433,#5434,#235,.T.);
#6648=EDGE_CURVE('',#5434,#5435,#2661,.T.);
#6649=EDGE_CURVE('',#5435,#5436,#2662,.T.);
#6650=EDGE_CURVE('',#5436,#5437,#2663,.T.);
#6651=EDGE_CURVE('',#5437,#5433,#2664,.T.);
#6652=EDGE_CURVE('',#5438,#5439,#2665,.T.);
#6653=EDGE_CURVE('',#5305,#5438,#2666,.T.);
#6654=EDGE_CURVE('',#5440,#5307,#2667,.T.);
#6655=EDGE_CURVE('',#5441,#5440,#2668,.T.);
#6656=EDGE_CURVE('',#5313,#5441,#2669,.T.);
#6657=EDGE_CURVE('',#5442,#5315,#2670,.T.);
#6658=EDGE_CURVE('',#5443,#5442,#2671,.T.);
#6659=EDGE_CURVE('',#5317,#5443,#2672,.T.);
#6660=EDGE_CURVE('',#5444,#5319,#2673,.T.);
#6661=EDGE_CURVE('',#5445,#5444,#2674,.T.);
#6662=EDGE_CURVE('',#5322,#5445,#2675,.T.);
#6663=EDGE_CURVE('',#5446,#5320,#2676,.T.);
#6664=EDGE_CURVE('',#5447,#5446,#2677,.T.);
#6665=EDGE_CURVE('',#5309,#5447,#2678,.T.);
#6666=EDGE_CURVE('',#5448,#5311,#2679,.T.);
#6667=EDGE_CURVE('',#5449,#5448,#2680,.T.);
#6668=EDGE_CURVE('',#5325,#5449,#2681,.T.);
#6669=EDGE_CURVE('',#5327,#5450,#2682,.T.);
#6670=EDGE_CURVE('',#5450,#5303,#2683,.T.);
#6671=EDGE_CURVE('',#5301,#5451,#2684,.T.);
#6672=EDGE_CURVE('',#5451,#5452,#2685,.T.);
#6673=EDGE_CURVE('',#5453,#5452,#236,.T.);
#6674=EDGE_CURVE('',#5453,#5454,#2686,.T.);
#6675=EDGE_CURVE('',#5455,#5454,#237,.T.);
#6676=EDGE_CURVE('',#5455,#5456,#2687,.T.);
#6677=EDGE_CURVE('',#5456,#5300,#2688,.T.);
#6678=EDGE_CURVE('',#5298,#5457,#2689,.T.);
#6679=EDGE_CURVE('',#5457,#5458,#2690,.T.);
#6680=EDGE_CURVE('',#5458,#5459,#2691,.T.);
#6681=EDGE_CURVE('',#5460,#5459,#2692,.T.);
#6682=EDGE_CURVE('',#5461,#5460,#2693,.T.);
#6683=EDGE_CURVE('',#5329,#5461,#2694,.T.);
#6684=EDGE_CURVE('',#5462,#5331,#2695,.T.);
#6685=EDGE_CURVE('',#5463,#5462,#2696,.T.);
#6686=EDGE_CURVE('',#5333,#5463,#2697,.T.);
#6687=EDGE_CURVE('',#5464,#5335,#2698,.T.);
#6688=EDGE_CURVE('',#5465,#5464,#2699,.T.);
#6689=EDGE_CURVE('',#5337,#5465,#2700,.T.);
#6690=EDGE_CURVE('',#5466,#5339,#2701,.T.);
#6691=EDGE_CURVE('',#5467,#5466,#2702,.T.);
#6692=EDGE_CURVE('',#5341,#5467,#2703,.T.);
#6693=EDGE_CURVE('',#5468,#5343,#2704,.T.);
#6694=EDGE_CURVE('',#5469,#5468,#2705,.T.);
#6695=EDGE_CURVE('',#5345,#5469,#2706,.T.);
#6696=EDGE_CURVE('',#5470,#5347,#2707,.T.);
#6697=EDGE_CURVE('',#5471,#5470,#2708,.T.);
#6698=EDGE_CURVE('',#5350,#5471,#2709,.T.);
#6699=EDGE_CURVE('',#5439,#5348,#2710,.T.);
#6700=EDGE_CURVE('',#5367,#5406,#238,.T.);
#6701=EDGE_CURVE('',#5407,#5369,#239,.T.);
#6702=EDGE_CURVE('',#5377,#5433,#240,.T.);
#6703=EDGE_CURVE('',#5433,#5365,#140,.T.);
#6704=EDGE_CURVE('',#5326,#5379,#241,.T.);
#6705=EDGE_CURVE('',#5371,#5405,#242,.T.);
#6706=EDGE_CURVE('',#5434,#5357,#243,.T.);
#6707=EDGE_CURVE('',#5378,#5437,#244,.T.);
#6708=EDGE_CURVE('',#5379,#5327,#245,.T.);
#6709=EDGE_CURVE('',#5450,#5378,#246,.T.);
#6710=EDGE_CURVE('',#5373,#5404,#247,.T.);
#6711=EDGE_CURVE('',#5435,#5363,#248,.T.);
#6712=EDGE_CURVE('',#5450,#5437,#249,.T.);
#6713=EDGE_CURVE('',#5459,#5402,#250,.T.);
#6714=EDGE_CURVE('',#5403,#5458,#251,.T.);
#6715=EDGE_CURVE('',#5374,#5403,#252,.T.);
#6716=EDGE_CURVE('',#5430,#5362,#253,.T.);
#6717=EDGE_CURVE('',#5435,#5430,#254,.T.);
#6718=EDGE_CURVE('',#5436,#5429,#255,.T.);
#6719=EDGE_CURVE('',#5451,#5436,#256,.T.);
#6720=EDGE_CURVE('',#5303,#5301,#2711,.T.);
#6721=EDGE_CURVE('',#5374,#5458,#257,.T.);
#6722=EDGE_CURVE('',#5431,#5361,#111,.T.);
#6723=EDGE_CURVE('',#5451,#5429,#258,.T.);
#6724=EDGE_CURVE('',#5375,#5457,#259,.T.);
#6725=EDGE_CURVE('',#5432,#5428,#260,.T.);
#6726=EDGE_CURVE('',#5452,#5432,#261,.T.);
#6727=EDGE_CURVE('',#5421,#5457,#262,.T.);
#6728=EDGE_CURVE('',#5375,#5421,#263,.T.);
#6729=EDGE_CURVE('',#5376,#5420,#264,.T.);
#6730=EDGE_CURVE('',#5453,#5428,#265,.T.);
#6731=EDGE_CURVE('',#5300,#5298,#2712,.T.);
#6732=EDGE_CURVE('',#5422,#5456,#266,.T.);
#6733=EDGE_CURVE('',#5355,#5420,#141,.T.);
#6734=EDGE_CURVE('',#5454,#5427,#267,.T.);
#6735=EDGE_CURVE('',#5456,#5426,#268,.T.);
#6736=EDGE_CURVE('',#5423,#5455,#269,.T.);
#6737=EDGE_CURVE('',#5422,#5426,#270,.T.);
#6738=EDGE_CURVE('',#5353,#5419,#271,.T.);
#6739=EDGE_CURVE('',#5423,#5427,#272,.T.);
#6740=EDGE_CURVE('',#5418,#5425,#273,.T.);
#6741=EDGE_CURVE('',#5358,#5418,#274,.T.);
#6742=EDGE_CURVE('',#5424,#5360,#112,.T.);
#6743=EDGE_CURVE('',#5359,#5425,#275,.T.);
#6744=EDGE_CURVE('',#5385,#5352,#276,.T.);
#6745=EDGE_CURVE('',#5354,#5384,#277,.T.);
#6746=EDGE_CURVE('',#5372,#5383,#278,.T.);
#6747=EDGE_CURVE('',#5386,#5356,#279,.T.);
#6748=EDGE_CURVE('',#5370,#5382,#280,.T.);
#6749=EDGE_CURVE('',#5387,#5364,#281,.T.);
#6750=EDGE_CURVE('',#5366,#5381,#282,.T.);
#6751=EDGE_CURVE('',#5380,#5368,#283,.T.);
#6752=EDGE_CURVE('',#5472,#5471,#2713,.T.);
#6753=EDGE_CURVE('',#5390,#5472,#2714,.T.);
#6754=EDGE_CURVE('',#5473,#5391,#2715,.T.);
#6755=EDGE_CURVE('',#5473,#5470,#2716,.T.);
#6756=EDGE_CURVE('',#5472,#5473,#2717,.T.);
#6757=EDGE_CURVE('',#5474,#5469,#2718,.T.);
#6758=EDGE_CURVE('',#5392,#5474,#2719,.T.);
#6759=EDGE_CURVE('',#5475,#5393,#2720,.T.);
#6760=EDGE_CURVE('',#5475,#5468,#2721,.T.);
#6761=EDGE_CURVE('',#5474,#5475,#2722,.T.);
#6762=EDGE_CURVE('',#5476,#5467,#2723,.T.);
#6763=EDGE_CURVE('',#5394,#5476,#2724,.T.);
#6764=EDGE_CURVE('',#5477,#5395,#2725,.T.);
#6765=EDGE_CURVE('',#5477,#5466,#2726,.T.);
#6766=EDGE_CURVE('',#5476,#5477,#2727,.T.);
#6767=EDGE_CURVE('',#5478,#5465,#2728,.T.);
#6768=EDGE_CURVE('',#5396,#5478,#2729,.T.);
#6769=EDGE_CURVE('',#5479,#5397,#2730,.T.);
#6770=EDGE_CURVE('',#5479,#5464,#2731,.T.);
#6771=EDGE_CURVE('',#5478,#5479,#2732,.T.);
#6772=EDGE_CURVE('',#5480,#5463,#2733,.T.);
#6773=EDGE_CURVE('',#5398,#5480,#2734,.T.);
#6774=EDGE_CURVE('',#5481,#5399,#2735,.T.);
#6775=EDGE_CURVE('',#5481,#5462,#2736,.T.);
#6776=EDGE_CURVE('',#5480,#5481,#2737,.T.);
#6777=EDGE_CURVE('',#5482,#5461,#2738,.T.);
#6778=EDGE_CURVE('',#5400,#5482,#2739,.T.);
#6779=EDGE_CURVE('',#5483,#5401,#2740,.T.);
#6780=EDGE_CURVE('',#5483,#5460,#2741,.T.);
#6781=EDGE_CURVE('',#5482,#5483,#2742,.T.);
#6782=EDGE_CURVE('',#5484,#5449,#2743,.T.);
#6783=EDGE_CURVE('',#5408,#5484,#2744,.T.);
#6784=EDGE_CURVE('',#5485,#5409,#2745,.T.);
#6785=EDGE_CURVE('',#5485,#5448,#2746,.T.);
#6786=EDGE_CURVE('',#5484,#5485,#2747,.T.);
#6787=EDGE_CURVE('',#5486,#5445,#2748,.T.);
#6788=EDGE_CURVE('',#5412,#5486,#2749,.T.);
#6789=EDGE_CURVE('',#5487,#5413,#2750,.T.);
#6790=EDGE_CURVE('',#5487,#5444,#2751,.T.);
#6791=EDGE_CURVE('',#5486,#5487,#2752,.T.);
#6792=EDGE_CURVE('',#5488,#5443,#2753,.T.);
#6793=EDGE_CURVE('',#5414,#5488,#2754,.T.);
#6794=EDGE_CURVE('',#5489,#5415,#2755,.T.);
#6795=EDGE_CURVE('',#5489,#5442,#2756,.T.);
#6796=EDGE_CURVE('',#5488,#5489,#2757,.T.);
#6797=EDGE_CURVE('',#5490,#5441,#2758,.T.);
#6798=EDGE_CURVE('',#5416,#5490,#2759,.T.);
#6799=EDGE_CURVE('',#5491,#5417,#2760,.T.);
#6800=EDGE_CURVE('',#5491,#5440,#2761,.T.);
#6801=EDGE_CURVE('',#5490,#5491,#2762,.T.);
#6802=EDGE_CURVE('',#5492,#5447,#2763,.T.);
#6803=EDGE_CURVE('',#5410,#5492,#2764,.T.);
#6804=EDGE_CURVE('',#5493,#5411,#2765,.T.);
#6805=EDGE_CURVE('',#5493,#5446,#2766,.T.);
#6806=EDGE_CURVE('',#5492,#5493,#2767,.T.);
#6807=EDGE_CURVE('',#5494,#5438,#2768,.T.);
#6808=EDGE_CURVE('',#5388,#5494,#2769,.T.);
#6809=EDGE_CURVE('',#5495,#5389,#2770,.T.);
#6810=EDGE_CURVE('',#5495,#5439,#2771,.T.);
#6811=EDGE_CURVE('',#5494,#5495,#2772,.T.);
#6812=EDGE_CURVE('',#5496,#5497,#2773,.T.);
#6813=EDGE_CURVE('',#5498,#5496,#2774,.T.);
#6814=EDGE_CURVE('',#5498,#5499,#2775,.T.);
#6815=EDGE_CURVE('',#5499,#5497,#2776,.T.);
#6816=EDGE_CURVE('',#5500,#5496,#2777,.T.);
#6817=EDGE_CURVE('',#5501,#5500,#2778,.T.);
#6818=EDGE_CURVE('',#5501,#5498,#2779,.T.);
#6819=EDGE_CURVE('',#5502,#5500,#2780,.T.);
#6820=EDGE_CURVE('',#5503,#5502,#2781,.T.);
#6821=EDGE_CURVE('',#5503,#5501,#2782,.T.);
#6822=EDGE_CURVE('',#5497,#5502,#2783,.T.);
#6823=EDGE_CURVE('',#5499,#5503,#2784,.T.);
#6824=EDGE_CURVE('',#5504,#5505,#2785,.T.);
#6825=EDGE_CURVE('',#5506,#5504,#2786,.T.);
#6826=EDGE_CURVE('',#5506,#5507,#2787,.T.);
#6827=EDGE_CURVE('',#5507,#5505,#2788,.T.);
#6828=EDGE_CURVE('',#5508,#5504,#2789,.T.);
#6829=EDGE_CURVE('',#5509,#5508,#2790,.T.);
#6830=EDGE_CURVE('',#5509,#5506,#2791,.T.);
#6831=EDGE_CURVE('',#5510,#5508,#2792,.T.);
#6832=EDGE_CURVE('',#5511,#5510,#2793,.T.);
#6833=EDGE_CURVE('',#5511,#5509,#2794,.T.);
#6834=EDGE_CURVE('',#5505,#5510,#2795,.T.);
#6835=EDGE_CURVE('',#5507,#5511,#2796,.T.);
#6836=EDGE_CURVE('',#5512,#5513,#2797,.T.);
#6837=EDGE_CURVE('',#5514,#5512,#2798,.T.);
#6838=EDGE_CURVE('',#5514,#5515,#2799,.T.);
#6839=EDGE_CURVE('',#5515,#5513,#2800,.T.);
#6840=EDGE_CURVE('',#5516,#5512,#2801,.T.);
#6841=EDGE_CURVE('',#5517,#5516,#2802,.T.);
#6842=EDGE_CURVE('',#5517,#5514,#2803,.T.);
#6843=EDGE_CURVE('',#5518,#5516,#2804,.T.);
#6844=EDGE_CURVE('',#5519,#5518,#2805,.T.);
#6845=EDGE_CURVE('',#5519,#5517,#2806,.T.);
#6846=EDGE_CURVE('',#5513,#5518,#2807,.T.);
#6847=EDGE_CURVE('',#5515,#5519,#2808,.T.);
#6848=EDGE_CURVE('',#5520,#5521,#2809,.T.);
#6849=EDGE_CURVE('',#5522,#5520,#2810,.T.);
#6850=EDGE_CURVE('',#5522,#5523,#2811,.T.);
#6851=EDGE_CURVE('',#5523,#5521,#2812,.T.);
#6852=EDGE_CURVE('',#5524,#5520,#2813,.T.);
#6853=EDGE_CURVE('',#5525,#5524,#2814,.T.);
#6854=EDGE_CURVE('',#5525,#5522,#2815,.T.);
#6855=EDGE_CURVE('',#5526,#5524,#2816,.T.);
#6856=EDGE_CURVE('',#5527,#5526,#2817,.T.);
#6857=EDGE_CURVE('',#5527,#5525,#2818,.T.);
#6858=EDGE_CURVE('',#5521,#5526,#2819,.T.);
#6859=EDGE_CURVE('',#5523,#5527,#2820,.T.);
#6860=EDGE_CURVE('',#5528,#5529,#2821,.T.);
#6861=EDGE_CURVE('',#5530,#5528,#2822,.T.);
#6862=EDGE_CURVE('',#5530,#5531,#2823,.T.);
#6863=EDGE_CURVE('',#5531,#5529,#2824,.T.);
#6864=EDGE_CURVE('',#5532,#5528,#2825,.T.);
#6865=EDGE_CURVE('',#5533,#5532,#2826,.T.);
#6866=EDGE_CURVE('',#5533,#5530,#2827,.T.);
#6867=EDGE_CURVE('',#5534,#5532,#2828,.T.);
#6868=EDGE_CURVE('',#5535,#5534,#2829,.T.);
#6869=EDGE_CURVE('',#5535,#5533,#2830,.T.);
#6870=EDGE_CURVE('',#5529,#5534,#2831,.T.);
#6871=EDGE_CURVE('',#5531,#5535,#2832,.T.);
#6872=EDGE_CURVE('',#5536,#5537,#2833,.T.);
#6873=EDGE_CURVE('',#5538,#5536,#2834,.T.);
#6874=EDGE_CURVE('',#5538,#5539,#2835,.T.);
#6875=EDGE_CURVE('',#5539,#5537,#2836,.T.);
#6876=EDGE_CURVE('',#5540,#5536,#2837,.T.);
#6877=EDGE_CURVE('',#5541,#5540,#2838,.T.);
#6878=EDGE_CURVE('',#5541,#5538,#2839,.T.);
#6879=EDGE_CURVE('',#5542,#5540,#2840,.T.);
#6880=EDGE_CURVE('',#5543,#5542,#2841,.T.);
#6881=EDGE_CURVE('',#5543,#5541,#2842,.T.);
#6882=EDGE_CURVE('',#5537,#5542,#2843,.T.);
#6883=EDGE_CURVE('',#5539,#5543,#2844,.T.);
#6884=EDGE_CURVE('',#5544,#5545,#2845,.T.);
#6885=EDGE_CURVE('',#5546,#5544,#2846,.T.);
#6886=EDGE_CURVE('',#5546,#5547,#2847,.T.);
#6887=EDGE_CURVE('',#5547,#5545,#2848,.T.);
#6888=EDGE_CURVE('',#5548,#5544,#2849,.T.);
#6889=EDGE_CURVE('',#5549,#5548,#2850,.T.);
#6890=EDGE_CURVE('',#5549,#5546,#2851,.T.);
#6891=EDGE_CURVE('',#5550,#5548,#2852,.T.);
#6892=EDGE_CURVE('',#5551,#5550,#2853,.T.);
#6893=EDGE_CURVE('',#5551,#5549,#2854,.T.);
#6894=EDGE_CURVE('',#5545,#5550,#2855,.T.);
#6895=EDGE_CURVE('',#5547,#5551,#2856,.T.);
#6896=EDGE_CURVE('',#5552,#5553,#2857,.T.);
#6897=EDGE_CURVE('',#5554,#5552,#2858,.T.);
#6898=EDGE_CURVE('',#5554,#5555,#2859,.T.);
#6899=EDGE_CURVE('',#5555,#5553,#2860,.T.);
#6900=EDGE_CURVE('',#5556,#5552,#2861,.T.);
#6901=EDGE_CURVE('',#5557,#5556,#2862,.T.);
#6902=EDGE_CURVE('',#5557,#5554,#2863,.T.);
#6903=EDGE_CURVE('',#5558,#5556,#2864,.T.);
#6904=EDGE_CURVE('',#5559,#5558,#2865,.T.);
#6905=EDGE_CURVE('',#5559,#5557,#2866,.T.);
#6906=EDGE_CURVE('',#5553,#5558,#2867,.T.);
#6907=EDGE_CURVE('',#5555,#5559,#2868,.T.);
#6908=EDGE_CURVE('',#5560,#5561,#2869,.T.);
#6909=EDGE_CURVE('',#5562,#5560,#2870,.T.);
#6910=EDGE_CURVE('',#5562,#5563,#2871,.T.);
#6911=EDGE_CURVE('',#5563,#5561,#2872,.T.);
#6912=EDGE_CURVE('',#5564,#5560,#2873,.T.);
#6913=EDGE_CURVE('',#5565,#5564,#2874,.T.);
#6914=EDGE_CURVE('',#5565,#5562,#2875,.T.);
#6915=EDGE_CURVE('',#5566,#5564,#2876,.T.);
#6916=EDGE_CURVE('',#5567,#5566,#2877,.T.);
#6917=EDGE_CURVE('',#5567,#5565,#2878,.T.);
#6918=EDGE_CURVE('',#5561,#5566,#2879,.T.);
#6919=EDGE_CURVE('',#5563,#5567,#2880,.T.);
#6920=EDGE_CURVE('',#5568,#5569,#2881,.T.);
#6921=EDGE_CURVE('',#5570,#5568,#2882,.T.);
#6922=EDGE_CURVE('',#5570,#5571,#2883,.T.);
#6923=EDGE_CURVE('',#5571,#5569,#2884,.T.);
#6924=EDGE_CURVE('',#5572,#5568,#2885,.T.);
#6925=EDGE_CURVE('',#5573,#5572,#2886,.T.);
#6926=EDGE_CURVE('',#5573,#5570,#2887,.T.);
#6927=EDGE_CURVE('',#5574,#5572,#2888,.T.);
#6928=EDGE_CURVE('',#5575,#5574,#2889,.T.);
#6929=EDGE_CURVE('',#5575,#5573,#2890,.T.);
#6930=EDGE_CURVE('',#5569,#5574,#2891,.T.);
#6931=EDGE_CURVE('',#5571,#5575,#2892,.T.);
#6932=EDGE_CURVE('',#5576,#5577,#2893,.T.);
#6933=EDGE_CURVE('',#5578,#5576,#2894,.T.);
#6934=EDGE_CURVE('',#5578,#5579,#2895,.T.);
#6935=EDGE_CURVE('',#5579,#5577,#2896,.T.);
#6936=EDGE_CURVE('',#5580,#5576,#2897,.T.);
#6937=EDGE_CURVE('',#5581,#5580,#2898,.T.);
#6938=EDGE_CURVE('',#5581,#5578,#2899,.T.);
#6939=EDGE_CURVE('',#5582,#5580,#2900,.T.);
#6940=EDGE_CURVE('',#5583,#5582,#2901,.T.);
#6941=EDGE_CURVE('',#5583,#5581,#2902,.T.);
#6942=EDGE_CURVE('',#5577,#5582,#2903,.T.);
#6943=EDGE_CURVE('',#5579,#5583,#2904,.T.);
#6944=EDGE_CURVE('',#5584,#5585,#2905,.T.);
#6945=EDGE_CURVE('',#5586,#5584,#2906,.T.);
#6946=EDGE_CURVE('',#5586,#5587,#2907,.T.);
#6947=EDGE_CURVE('',#5587,#5585,#2908,.T.);
#6948=EDGE_CURVE('',#5588,#5584,#2909,.T.);
#6949=EDGE_CURVE('',#5589,#5588,#2910,.T.);
#6950=EDGE_CURVE('',#5589,#5586,#2911,.T.);
#6951=EDGE_CURVE('',#5590,#5588,#2912,.T.);
#6952=EDGE_CURVE('',#5591,#5590,#2913,.T.);
#6953=EDGE_CURVE('',#5591,#5589,#2914,.T.);
#6954=EDGE_CURVE('',#5585,#5590,#2915,.T.);
#6955=EDGE_CURVE('',#5587,#5591,#2916,.T.);
#6956=EDGE_CURVE('',#5592,#5593,#2917,.T.);
#6957=EDGE_CURVE('',#5592,#5594,#284,.T.);
#6958=EDGE_CURVE('',#5594,#5595,#285,.T.);
#6959=EDGE_CURVE('',#5595,#5596,#2918,.T.);
#6960=EDGE_CURVE('',#5596,#5597,#286,.T.);
#6961=EDGE_CURVE('',#5598,#5597,#2919,.T.);
#6962=EDGE_CURVE('',#5598,#5599,#287,.T.);
#6963=EDGE_CURVE('',#5599,#5600,#2920,.T.);
#6964=EDGE_CURVE('',#5600,#5601,#288,.T.);
#6965=EDGE_CURVE('',#5602,#5601,#2921,.T.);
#6966=EDGE_CURVE('',#5602,#5603,#2922,.T.);
#6967=EDGE_CURVE('',#5604,#5603,#2923,.T.);
#6968=EDGE_CURVE('',#5604,#5605,#2924,.T.);
#6969=EDGE_CURVE('',#5605,#5606,#2925,.T.);
#6970=EDGE_CURVE('',#5606,#5607,#289,.T.);
#6971=EDGE_CURVE('',#5608,#5607,#2926,.T.);
#6972=EDGE_CURVE('',#5608,#5609,#290,.T.);
#6973=EDGE_CURVE('',#5610,#5609,#2927,.T.);
#6974=EDGE_CURVE('',#5610,#5611,#291,.T.);
#6975=EDGE_CURVE('',#5611,#5612,#2928,.T.);
#6976=EDGE_CURVE('',#5612,#5613,#2929,.T.);
#6977=EDGE_CURVE('',#5613,#5614,#2930,.T.);
#6978=EDGE_CURVE('',#5614,#5593,#292,.T.);
#6979=EDGE_CURVE('',#5615,#5616,#2931,.T.);
#6980=EDGE_CURVE('',#5616,#5617,#293,.T.);
#6981=EDGE_CURVE('',#5617,#5618,#294,.T.);
#6982=EDGE_CURVE('',#5618,#5619,#2932,.T.);
#6983=EDGE_CURVE('',#5619,#5620,#295,.T.);
#6984=EDGE_CURVE('',#5621,#5620,#2933,.T.);
#6985=EDGE_CURVE('',#5622,#5621,#2934,.T.);
#6986=EDGE_CURVE('',#5623,#5622,#2935,.T.);
#6987=EDGE_CURVE('',#5623,#5624,#296,.T.);
#6988=EDGE_CURVE('',#5624,#5625,#2936,.T.);
#6989=EDGE_CURVE('',#5625,#5626,#297,.T.);
#6990=EDGE_CURVE('',#5626,#5627,#2937,.T.);
#6991=EDGE_CURVE('',#5627,#5628,#298,.T.);
#6992=EDGE_CURVE('',#5629,#5628,#2938,.T.);
#6993=EDGE_CURVE('',#5629,#5630,#2939,.T.);
#6994=EDGE_CURVE('',#5630,#5631,#2940,.T.);
#6995=EDGE_CURVE('',#5632,#5631,#2941,.T.);
#6996=EDGE_CURVE('',#5632,#5633,#2942,.T.);
#6997=EDGE_CURVE('',#5633,#5634,#299,.T.);
#6998=EDGE_CURVE('',#5635,#5634,#2943,.T.);
#6999=EDGE_CURVE('',#5635,#5636,#300,.T.);
#7000=EDGE_CURVE('',#5636,#5637,#2944,.T.);
#7001=EDGE_CURVE('',#5637,#5615,#301,.T.);
#7002=EDGE_CURVE('',#5636,#5598,#2945,.T.);
#7003=EDGE_CURVE('',#5597,#5637,#2946,.T.);
#7004=EDGE_CURVE('',#5618,#5592,#2947,.T.);
#7005=EDGE_CURVE('',#5593,#5619,#2948,.T.);
#7006=EDGE_CURVE('',#5638,#5639,#2949,.T.);
#7007=EDGE_CURVE('',#5640,#5638,#2950,.T.);
#7008=EDGE_CURVE('',#5641,#5640,#2951,.T.);
#7009=EDGE_CURVE('',#5641,#5642,#2952,.T.);
#7010=EDGE_CURVE('',#5642,#5643,#2953,.T.);
#7011=EDGE_CURVE('',#5643,#5644,#2954,.T.);
#7012=EDGE_CURVE('',#5645,#5644,#2955,.T.);
#7013=EDGE_CURVE('',#5646,#5645,#2956,.T.);
#7014=EDGE_CURVE('',#5646,#5647,#2957,.T.);
#7015=EDGE_CURVE('',#5648,#5647,#2958,.T.);
#7016=EDGE_CURVE('',#5648,#5649,#2959,.T.);
#7017=EDGE_CURVE('',#5649,#5650,#2960,.T.);
#7018=EDGE_CURVE('',#5651,#5650,#2961,.T.);
#7019=EDGE_CURVE('',#5652,#5651,#2962,.T.);
#7020=EDGE_CURVE('',#5652,#5653,#2963,.T.);
#7021=EDGE_CURVE('',#5639,#5653,#2964,.T.);
#7022=EDGE_CURVE('',#5654,#5655,#2965,.T.);
#7023=EDGE_CURVE('',#5655,#5656,#2966,.T.);
#7024=EDGE_CURVE('',#5656,#5657,#2967,.T.);
#7025=EDGE_CURVE('',#5657,#5654,#2968,.T.);
#7026=EDGE_CURVE('',#5658,#5659,#2969,.T.);
#7027=EDGE_CURVE('',#5659,#5660,#2970,.T.);
#7028=EDGE_CURVE('',#5660,#5661,#2971,.T.);
#7029=EDGE_CURVE('',#5661,#5658,#2972,.T.);
#7030=EDGE_CURVE('',#5628,#5606,#2973,.T.);
#7031=EDGE_CURVE('',#5605,#5662,#302,.T.);
#7032=EDGE_CURVE('',#5663,#5662,#2974,.T.);
#7033=EDGE_CURVE('',#5663,#5664,#303,.T.);
#7034=EDGE_CURVE('',#5665,#5664,#2975,.T.);
#7035=EDGE_CURVE('',#5665,#5666,#2976,.T.);
#7036=EDGE_CURVE('',#5666,#5667,#2977,.T.);
#7037=EDGE_CURVE('',#5667,#5668,#304,.T.);
#7038=EDGE_CURVE('',#5668,#5669,#2978,.T.);
#7039=EDGE_CURVE('',#5669,#5629,#305,.T.);
#7040=EDGE_CURVE('',#5652,#5613,#306,.T.);
#7041=EDGE_CURVE('',#5612,#5653,#307,.T.);
#7042=EDGE_CURVE('',#5649,#5602,#308,.T.);
#7043=EDGE_CURVE('',#5603,#5648,#309,.T.);
#7044=EDGE_CURVE('',#5670,#5671,#2979,.T.);
#7045=EDGE_CURVE('',#5670,#5672,#2980,.T.);
#7046=EDGE_CURVE('',#5673,#5672,#2981,.T.);
#7047=EDGE_CURVE('',#5674,#5673,#2982,.T.);
#7048=EDGE_CURVE('',#5674,#5675,#2983,.T.);
#7049=EDGE_CURVE('',#5676,#5675,#2984,.T.);
#7050=EDGE_CURVE('',#5677,#5676,#2985,.T.);
#7051=EDGE_CURVE('',#5677,#5678,#2986,.T.);
#7052=EDGE_CURVE('',#5678,#5679,#2987,.T.);
#7053=EDGE_CURVE('',#5679,#5680,#2988,.T.);
#7054=EDGE_CURVE('',#5681,#5680,#2989,.T.);
#7055=EDGE_CURVE('',#5682,#5681,#2990,.T.);
#7056=EDGE_CURVE('',#5683,#5682,#2991,.T.);
#7057=EDGE_CURVE('',#5683,#5684,#2992,.T.);
#7058=EDGE_CURVE('',#5685,#5684,#2993,.T.);
#7059=EDGE_CURVE('',#5685,#5671,#2994,.T.);
#7060=EDGE_CURVE('',#5686,#5687,#2995,.T.);
#7061=EDGE_CURVE('',#5687,#5688,#2996,.T.);
#7062=EDGE_CURVE('',#5688,#5689,#2997,.T.);
#7063=EDGE_CURVE('',#5689,#5686,#2998,.T.);
#7064=EDGE_CURVE('',#5690,#5691,#2999,.T.);
#7065=EDGE_CURVE('',#5691,#5692,#3000,.T.);
#7066=EDGE_CURVE('',#5692,#5693,#3001,.T.);
#7067=EDGE_CURVE('',#5693,#5690,#3002,.T.);
#7068=EDGE_CURVE('',#5675,#5621,#310,.T.);
#7069=EDGE_CURVE('',#5622,#5674,#311,.T.);
#7070=EDGE_CURVE('',#5631,#5679,#312,.T.);
#7071=EDGE_CURVE('',#5678,#5632,#313,.T.);
#7072=EDGE_CURVE('',#5646,#5694,#314,.T.);
#7073=EDGE_CURVE('',#5695,#5694,#3003,.T.);
#7074=EDGE_CURVE('',#5647,#5695,#315,.T.);
#7075=EDGE_CURVE('',#5696,#5697,#3004,.T.);
#7076=EDGE_CURVE('',#5681,#5696,#316,.T.);
#7077=EDGE_CURVE('',#5680,#5697,#317,.T.);
#7078=EDGE_CURVE('',#5698,#5699,#3005,.T.);
#7079=EDGE_CURVE('',#5698,#5700,#318,.T.);
#7080=EDGE_CURVE('',#5700,#5701,#319,.T.);
#7081=EDGE_CURVE('',#5701,#5702,#3006,.T.);
#7082=EDGE_CURVE('',#5702,#5703,#320,.T.);
#7083=EDGE_CURVE('',#5704,#5703,#3007,.T.);
#7084=EDGE_CURVE('',#5704,#5705,#3008,.T.);
#7085=EDGE_CURVE('',#5706,#5705,#3009,.T.);
#7086=EDGE_CURVE('',#5706,#5707,#321,.T.);
#7087=EDGE_CURVE('',#5707,#5708,#3010,.T.);
#7088=EDGE_CURVE('',#5708,#5709,#322,.T.);
#7089=EDGE_CURVE('',#5709,#5710,#3011,.T.);
#7090=EDGE_CURVE('',#5710,#5665,#323,.T.);
#7091=EDGE_CURVE('',#5664,#5711,#3012,.T.);
#7092=EDGE_CURVE('',#5695,#5711,#3013,.T.);
#7093=EDGE_CURVE('',#5694,#5712,#3014,.T.);
#7094=EDGE_CURVE('',#5712,#5713,#324,.T.);
#7095=EDGE_CURVE('',#5714,#5713,#3015,.T.);
#7096=EDGE_CURVE('',#5714,#5715,#325,.T.);
#7097=EDGE_CURVE('',#5715,#5716,#3016,.T.);
#7098=EDGE_CURVE('',#5716,#5699,#326,.T.);
#7099=EDGE_CURVE('',#5662,#5717,#3017,.T.);
#7100=EDGE_CURVE('',#5718,#5717,#3018,.T.);
#7101=EDGE_CURVE('',#5718,#5663,#3019,.T.);
#7102=EDGE_CURVE('',#5719,#5720,#3020,.T.);
#7103=EDGE_CURVE('',#5720,#5721,#3021,.T.);
#7104=EDGE_CURVE('',#5721,#5722,#3022,.T.);
#7105=EDGE_CURVE('',#5722,#5719,#3023,.T.);
#7106=EDGE_CURVE('',#5723,#5724,#3024,.T.);
#7107=EDGE_CURVE('',#5724,#5725,#3025,.T.);
#7108=EDGE_CURVE('',#5725,#5726,#3026,.T.);
#7109=EDGE_CURVE('',#5726,#5723,#3027,.T.);
#7110=EDGE_CURVE('',#5711,#5718,#327,.T.);
#7111=EDGE_CURVE('',#5717,#5604,#328,.T.);
#7112=EDGE_CURVE('',#5727,#5728,#329,.T.);
#7113=EDGE_CURVE('',#5728,#5729,#3028,.T.);
#7114=EDGE_CURVE('',#5729,#5730,#330,.T.);
#7115=EDGE_CURVE('',#5730,#5731,#3029,.T.);
#7116=EDGE_CURVE('',#5731,#5732,#331,.T.);
#7117=EDGE_CURVE('',#5732,#5733,#3030,.T.);
#7118=EDGE_CURVE('',#5733,#5734,#332,.T.);
#7119=EDGE_CURVE('',#5734,#5727,#3031,.T.);
#7120=EDGE_CURVE('',#5643,#5704,#333,.T.);
#7121=EDGE_CURVE('',#5705,#5642,#334,.T.);
#7122=EDGE_CURVE('',#5735,#5736,#3032,.T.);
#7123=EDGE_CURVE('',#5735,#5737,#335,.T.);
#7124=EDGE_CURVE('',#5737,#5738,#336,.T.);
#7125=EDGE_CURVE('',#5739,#5738,#3033,.T.);
#7126=EDGE_CURVE('',#5739,#5740,#337,.T.);
#7127=EDGE_CURVE('',#5741,#5740,#3034,.T.);
#7128=EDGE_CURVE('',#5741,#5742,#338,.T.);
#7129=EDGE_CURVE('',#5742,#5743,#3035,.T.);
#7130=EDGE_CURVE('',#5743,#5744,#339,.T.);
#7131=EDGE_CURVE('',#5696,#5744,#3036,.T.);
#7132=EDGE_CURVE('',#5697,#5745,#3037,.T.);
#7133=EDGE_CURVE('',#5667,#5745,#3038,.T.);
#7134=EDGE_CURVE('',#5666,#5746,#340,.T.);
#7135=EDGE_CURVE('',#5747,#5746,#3039,.T.);
#7136=EDGE_CURVE('',#5747,#5748,#341,.T.);
#7137=EDGE_CURVE('',#5749,#5748,#3040,.T.);
#7138=EDGE_CURVE('',#5749,#5750,#342,.T.);
#7139=EDGE_CURVE('',#5750,#5751,#3041,.T.);
#7140=EDGE_CURVE('',#5751,#5752,#3042,.T.);
#7141=EDGE_CURVE('',#5752,#5753,#3043,.T.);
#7142=EDGE_CURVE('',#5753,#5736,#343,.T.);
#7143=EDGE_CURVE('',#5751,#5685,#344,.T.);
#7144=EDGE_CURVE('',#5684,#5752,#345,.T.);
#7145=EDGE_CURVE('',#5669,#5754,#3044,.T.);
#7146=EDGE_CURVE('',#5754,#5630,#346,.T.);
#7147=EDGE_CURVE('',#5668,#5755,#3045,.T.);
#7148=EDGE_CURVE('',#5755,#5754,#3046,.T.);
#7149=EDGE_CURVE('',#5756,#5757,#3047,.T.);
#7150=EDGE_CURVE('',#5757,#5758,#3048,.T.);
#7151=EDGE_CURVE('',#5758,#5759,#3049,.T.);
#7152=EDGE_CURVE('',#5759,#5756,#3050,.T.);
#7153=EDGE_CURVE('',#5760,#5761,#3051,.T.);
#7154=EDGE_CURVE('',#5761,#5762,#3052,.T.);
#7155=EDGE_CURVE('',#5762,#5763,#3053,.T.);
#7156=EDGE_CURVE('',#5763,#5760,#3054,.T.);
#7157=EDGE_CURVE('',#5745,#5755,#347,.T.);
#7158=EDGE_CURVE('',#5733,#5630,#3055,.T.);
#7159=EDGE_CURVE('',#5631,#5732,#3056,.T.);
#7160=EDGE_CURVE('',#5679,#5731,#3057,.T.);
#7161=EDGE_CURVE('',#5734,#5754,#3058,.T.);
#7162=EDGE_CURVE('',#5680,#5730,#3059,.T.);
#7163=EDGE_CURVE('',#5727,#5755,#3060,.T.);
#7164=EDGE_CURVE('',#5697,#5729,#3061,.T.);
#7165=EDGE_CURVE('',#5728,#5745,#3062,.T.);
#7166=EDGE_CURVE('',#5750,#5706,#3063,.T.);
#7167=EDGE_CURVE('',#5671,#5641,#3064,.T.);
#7168=EDGE_CURVE('',#5670,#5640,#3065,.T.);
#7169=EDGE_CURVE('',#5703,#5753,#3066,.T.);
#7170=EDGE_CURVE('',#5644,#5683,#3067,.T.);
#7171=EDGE_CURVE('',#5744,#5712,#3068,.T.);
#7172=EDGE_CURVE('',#5645,#5682,#3069,.T.);
#7173=EDGE_CURVE('',#5742,#5714,#3070,.T.);
#7174=EDGE_CURVE('',#5713,#5743,#3071,.T.);
#7175=EDGE_CURVE('',#5701,#5735,#3072,.T.);
#7176=EDGE_CURVE('',#5736,#5702,#3073,.T.);
#7177=EDGE_CURVE('',#5715,#5741,#3074,.T.);
#7178=EDGE_CURVE('',#5740,#5716,#3075,.T.);
#7179=EDGE_CURVE('',#5709,#5747,#3076,.T.);
#7180=EDGE_CURVE('',#5746,#5710,#3077,.T.);
#7181=EDGE_CURVE('',#5748,#5708,#3078,.T.);
#7182=EDGE_CURVE('',#5707,#5749,#3079,.T.);
#7183=EDGE_CURVE('',#5738,#5698,#3080,.T.);
#7184=EDGE_CURVE('',#5699,#5739,#3081,.T.);
#7185=EDGE_CURVE('',#5700,#5737,#3082,.T.);
#7186=EDGE_CURVE('',#5672,#5638,#3083,.T.);
#7187=EDGE_CURVE('',#5673,#5639,#3084,.T.);
#7188=EDGE_CURVE('',#5611,#5623,#3085,.T.);
#7189=EDGE_CURVE('',#5650,#5677,#3086,.T.);
#7190=EDGE_CURVE('',#5651,#5676,#3087,.T.);
#7191=EDGE_CURVE('',#5620,#5614,#3088,.T.);
#7192=EDGE_CURVE('',#5601,#5633,#3089,.T.);
#7193=EDGE_CURVE('',#5599,#5635,#3090,.T.);
#7194=EDGE_CURVE('',#5634,#5600,#3091,.T.);
#7195=EDGE_CURVE('',#5609,#5625,#3092,.T.);
#7196=EDGE_CURVE('',#5624,#5610,#3093,.T.);
#7197=EDGE_CURVE('',#5626,#5608,#3094,.T.);
#7198=EDGE_CURVE('',#5607,#5627,#3095,.T.);
#7199=EDGE_CURVE('',#5595,#5616,#3096,.T.);
#7200=EDGE_CURVE('',#5615,#5596,#3097,.T.);
#7201=EDGE_CURVE('',#5617,#5594,#3098,.T.);
#7202=EDGE_CURVE('',#5762,#5764,#3099,.T.);
#7203=EDGE_CURVE('',#5764,#5765,#3100,.T.);
#7204=EDGE_CURVE('',#5763,#5765,#3101,.T.);
#7205=EDGE_CURVE('',#5765,#5766,#3102,.T.);
#7206=EDGE_CURVE('',#5760,#5766,#3103,.T.);
#7207=EDGE_CURVE('',#5766,#5767,#3104,.T.);
#7208=EDGE_CURVE('',#5761,#5767,#3105,.T.);
#7209=EDGE_CURVE('',#5767,#5764,#3106,.T.);
#7210=EDGE_CURVE('',#5758,#5768,#3107,.T.);
#7211=EDGE_CURVE('',#5768,#5769,#3108,.T.);
#7212=EDGE_CURVE('',#5759,#5769,#3109,.T.);
#7213=EDGE_CURVE('',#5769,#5770,#3110,.T.);
#7214=EDGE_CURVE('',#5756,#5770,#3111,.T.);
#7215=EDGE_CURVE('',#5770,#5771,#3112,.T.);
#7216=EDGE_CURVE('',#5757,#5771,#3113,.T.);
#7217=EDGE_CURVE('',#5771,#5768,#3114,.T.);
#7218=EDGE_CURVE('',#5772,#5691,#3115,.T.);
#7219=EDGE_CURVE('',#5772,#5773,#3116,.T.);
#7220=EDGE_CURVE('',#5773,#5692,#3117,.T.);
#7221=EDGE_CURVE('',#5773,#5774,#3118,.T.);
#7222=EDGE_CURVE('',#5774,#5693,#3119,.T.);
#7223=EDGE_CURVE('',#5774,#5775,#3120,.T.);
#7224=EDGE_CURVE('',#5775,#5690,#3121,.T.);
#7225=EDGE_CURVE('',#5775,#5772,#3122,.T.);
#7226=EDGE_CURVE('',#5776,#5687,#3123,.T.);
#7227=EDGE_CURVE('',#5776,#5777,#3124,.T.);
#7228=EDGE_CURVE('',#5777,#5688,#3125,.T.);
#7229=EDGE_CURVE('',#5777,#5778,#3126,.T.);
#7230=EDGE_CURVE('',#5778,#5689,#3127,.T.);
#7231=EDGE_CURVE('',#5778,#5779,#3128,.T.);
#7232=EDGE_CURVE('',#5779,#5686,#3129,.T.);
#7233=EDGE_CURVE('',#5779,#5776,#3130,.T.);
#7234=EDGE_CURVE('',#5772,#5657,#3131,.T.);
#7235=EDGE_CURVE('',#5654,#5775,#3132,.T.);
#7236=EDGE_CURVE('',#5655,#5774,#3133,.T.);
#7237=EDGE_CURVE('',#5773,#5656,#3134,.T.);
#7238=EDGE_CURVE('',#5777,#5661,#3135,.T.);
#7239=EDGE_CURVE('',#5658,#5776,#3136,.T.);
#7240=EDGE_CURVE('',#5659,#5779,#3137,.T.);
#7241=EDGE_CURVE('',#5778,#5660,#3138,.T.);
#7242=EDGE_CURVE('',#5719,#5771,#3139,.T.);
#7243=EDGE_CURVE('',#5768,#5722,#3140,.T.);
#7244=EDGE_CURVE('',#5769,#5721,#3141,.T.);
#7245=EDGE_CURVE('',#5720,#5770,#3142,.T.);
#7246=EDGE_CURVE('',#5723,#5767,#3143,.T.);
#7247=EDGE_CURVE('',#5764,#5726,#3144,.T.);
#7248=EDGE_CURVE('',#5765,#5725,#3145,.T.);
#7249=EDGE_CURVE('',#5724,#5766,#3146,.T.);
#7250=EDGE_CURVE('',#5780,#5781,#348,.T.);
#7251=EDGE_CURVE('',#5781,#5782,#3147,.T.);
#7252=EDGE_CURVE('',#5783,#5782,#349,.T.);
#7253=EDGE_CURVE('',#5780,#5783,#3148,.T.);
#7254=EDGE_CURVE('',#5781,#5784,#3149,.T.);
#7255=EDGE_CURVE('',#5784,#5785,#3150,.T.);
#7256=EDGE_CURVE('',#5782,#5785,#3151,.T.);
#7257=EDGE_CURVE('',#5786,#5784,#350,.T.);
#7258=EDGE_CURVE('',#5786,#5787,#3152,.T.);
#7259=EDGE_CURVE('',#5787,#5785,#351,.T.);
#7260=EDGE_CURVE('',#5786,#5788,#3153,.T.);
#7261=EDGE_CURVE('',#5788,#5789,#3154,.T.);
#7262=EDGE_CURVE('',#5787,#5789,#3155,.T.);
#7263=EDGE_CURVE('',#5790,#5791,#3156,.T.);
#7264=EDGE_CURVE('',#5791,#5789,#3157,.T.);
#7265=EDGE_CURVE('',#5790,#5788,#3158,.T.);
#7266=EDGE_CURVE('',#5792,#5793,#3159,.T.);
#7267=EDGE_CURVE('',#5793,#5791,#3160,.T.);
#7268=EDGE_CURVE('',#5792,#5790,#3161,.T.);
#7269=EDGE_CURVE('',#5794,#5795,#3162,.T.);
#7270=EDGE_CURVE('',#5795,#5793,#3163,.T.);
#7271=EDGE_CURVE('',#5794,#5792,#3164,.T.);
#7272=EDGE_CURVE('',#5794,#5796,#352,.T.);
#7273=EDGE_CURVE('',#5796,#5797,#3165,.T.);
#7274=EDGE_CURVE('',#5795,#5797,#353,.T.);
#7275=EDGE_CURVE('',#5798,#5799,#3166,.T.);
#7276=EDGE_CURVE('',#5799,#5797,#3167,.T.);
#7277=EDGE_CURVE('',#5798,#5796,#3168,.T.);
#7278=EDGE_CURVE('',#5800,#5798,#354,.T.);
#7279=EDGE_CURVE('',#5800,#5801,#3169,.T.);
#7280=EDGE_CURVE('',#5801,#5799,#355,.T.);
#7281=EDGE_CURVE('',#5783,#5801,#3170,.T.);
#7282=EDGE_CURVE('',#5780,#5800,#3171,.T.);
#7283=EDGE_CURVE('',#5802,#5803,#356,.T.);
#7284=EDGE_CURVE('',#5803,#5804,#3172,.T.);
#7285=EDGE_CURVE('',#5805,#5804,#357,.T.);
#7286=EDGE_CURVE('',#5802,#5805,#3173,.T.);
#7287=EDGE_CURVE('',#5803,#5806,#3174,.T.);
#7288=EDGE_CURVE('',#5806,#5807,#3175,.T.);
#7289=EDGE_CURVE('',#5804,#5807,#3176,.T.);
#7290=EDGE_CURVE('',#5808,#5806,#358,.T.);
#7291=EDGE_CURVE('',#5808,#5809,#3177,.T.);
#7292=EDGE_CURVE('',#5809,#5807,#359,.T.);
#7293=EDGE_CURVE('',#5808,#5810,#3178,.T.);
#7294=EDGE_CURVE('',#5810,#5811,#3179,.T.);
#7295=EDGE_CURVE('',#5809,#5811,#3180,.T.);
#7296=EDGE_CURVE('',#5812,#5813,#3181,.T.);
#7297=EDGE_CURVE('',#5813,#5811,#3182,.T.);
#7298=EDGE_CURVE('',#5812,#5810,#3183,.T.);
#7299=EDGE_CURVE('',#5814,#5815,#3184,.T.);
#7300=EDGE_CURVE('',#5815,#5813,#3185,.T.);
#7301=EDGE_CURVE('',#5814,#5812,#3186,.T.);
#7302=EDGE_CURVE('',#5816,#5817,#3187,.T.);
#7303=EDGE_CURVE('',#5817,#5815,#3188,.T.);
#7304=EDGE_CURVE('',#5816,#5814,#3189,.T.);
#7305=EDGE_CURVE('',#5816,#5818,#360,.T.);
#7306=EDGE_CURVE('',#5818,#5819,#3190,.T.);
#7307=EDGE_CURVE('',#5817,#5819,#361,.T.);
#7308=EDGE_CURVE('',#5820,#5821,#3191,.T.);
#7309=EDGE_CURVE('',#5821,#5819,#3192,.T.);
#7310=EDGE_CURVE('',#5820,#5818,#3193,.T.);
#7311=EDGE_CURVE('',#5822,#5820,#362,.T.);
#7312=EDGE_CURVE('',#5822,#5823,#3194,.T.);
#7313=EDGE_CURVE('',#5823,#5821,#363,.T.);
#7314=EDGE_CURVE('',#5805,#5823,#3195,.T.);
#7315=EDGE_CURVE('',#5802,#5822,#3196,.T.);
#7316=EDGE_CURVE('',#5824,#5825,#364,.T.);
#7317=EDGE_CURVE('',#5825,#5826,#3197,.T.);
#7318=EDGE_CURVE('',#5827,#5826,#365,.T.);
#7319=EDGE_CURVE('',#5824,#5827,#3198,.T.);
#7320=EDGE_CURVE('',#5825,#5828,#3199,.T.);
#7321=EDGE_CURVE('',#5828,#5829,#3200,.T.);
#7322=EDGE_CURVE('',#5826,#5829,#3201,.T.);
#7323=EDGE_CURVE('',#5830,#5828,#366,.T.);
#7324=EDGE_CURVE('',#5830,#5831,#3202,.T.);
#7325=EDGE_CURVE('',#5831,#5829,#367,.T.);
#7326=EDGE_CURVE('',#5830,#5832,#3203,.T.);
#7327=EDGE_CURVE('',#5832,#5833,#3204,.T.);
#7328=EDGE_CURVE('',#5831,#5833,#3205,.T.);
#7329=EDGE_CURVE('',#5834,#5835,#3206,.T.);
#7330=EDGE_CURVE('',#5835,#5833,#3207,.T.);
#7331=EDGE_CURVE('',#5834,#5832,#3208,.T.);
#7332=EDGE_CURVE('',#5836,#5837,#3209,.T.);
#7333=EDGE_CURVE('',#5837,#5835,#3210,.T.);
#7334=EDGE_CURVE('',#5836,#5834,#3211,.T.);
#7335=EDGE_CURVE('',#5838,#5839,#3212,.T.);
#7336=EDGE_CURVE('',#5839,#5837,#3213,.T.);
#7337=EDGE_CURVE('',#5838,#5836,#3214,.T.);
#7338=EDGE_CURVE('',#5838,#5840,#368,.T.);
#7339=EDGE_CURVE('',#5840,#5841,#3215,.T.);
#7340=EDGE_CURVE('',#5839,#5841,#369,.T.);
#7341=EDGE_CURVE('',#5842,#5843,#3216,.T.);
#7342=EDGE_CURVE('',#5843,#5841,#3217,.T.);
#7343=EDGE_CURVE('',#5842,#5840,#3218,.T.);
#7344=EDGE_CURVE('',#5844,#5842,#370,.T.);
#7345=EDGE_CURVE('',#5844,#5845,#3219,.T.);
#7346=EDGE_CURVE('',#5845,#5843,#371,.T.);
#7347=EDGE_CURVE('',#5827,#5845,#3220,.T.);
#7348=EDGE_CURVE('',#5824,#5844,#3221,.T.);
#7349=EDGE_CURVE('',#5846,#5847,#372,.T.);
#7350=EDGE_CURVE('',#5847,#5848,#3222,.T.);
#7351=EDGE_CURVE('',#5849,#5848,#373,.T.);
#7352=EDGE_CURVE('',#5846,#5849,#3223,.T.);
#7353=EDGE_CURVE('',#5847,#5850,#3224,.T.);
#7354=EDGE_CURVE('',#5850,#5851,#3225,.T.);
#7355=EDGE_CURVE('',#5848,#5851,#3226,.T.);
#7356=EDGE_CURVE('',#5852,#5850,#374,.T.);
#7357=EDGE_CURVE('',#5852,#5853,#3227,.T.);
#7358=EDGE_CURVE('',#5853,#5851,#375,.T.);
#7359=EDGE_CURVE('',#5852,#5854,#3228,.T.);
#7360=EDGE_CURVE('',#5854,#5855,#3229,.T.);
#7361=EDGE_CURVE('',#5853,#5855,#3230,.T.);
#7362=EDGE_CURVE('',#5856,#5857,#3231,.T.);
#7363=EDGE_CURVE('',#5857,#5855,#3232,.T.);
#7364=EDGE_CURVE('',#5856,#5854,#3233,.T.);
#7365=EDGE_CURVE('',#5858,#5859,#3234,.T.);
#7366=EDGE_CURVE('',#5859,#5857,#3235,.T.);
#7367=EDGE_CURVE('',#5858,#5856,#3236,.T.);
#7368=EDGE_CURVE('',#5860,#5861,#3237,.T.);
#7369=EDGE_CURVE('',#5861,#5859,#3238,.T.);
#7370=EDGE_CURVE('',#5860,#5858,#3239,.T.);
#7371=EDGE_CURVE('',#5860,#5862,#376,.T.);
#7372=EDGE_CURVE('',#5862,#5863,#3240,.T.);
#7373=EDGE_CURVE('',#5861,#5863,#377,.T.);
#7374=EDGE_CURVE('',#5864,#5865,#3241,.T.);
#7375=EDGE_CURVE('',#5865,#5863,#3242,.T.);
#7376=EDGE_CURVE('',#5864,#5862,#3243,.T.);
#7377=EDGE_CURVE('',#5866,#5864,#378,.T.);
#7378=EDGE_CURVE('',#5866,#5867,#3244,.T.);
#7379=EDGE_CURVE('',#5867,#5865,#379,.T.);
#7380=EDGE_CURVE('',#5849,#5867,#3245,.T.);
#7381=EDGE_CURVE('',#5846,#5866,#3246,.T.);
#7382=EDGE_CURVE('',#5868,#5868,#380,.T.);
#7383=EDGE_CURVE('',#5868,#5869,#3247,.T.);
#7384=EDGE_CURVE('',#5870,#5869,#381,.T.);
#7385=EDGE_CURVE('',#5869,#5870,#382,.T.);
#7386=EDGE_CURVE('',#5870,#5871,#383,.T.);
#7387=EDGE_CURVE('',#5871,#5871,#384,.T.);
#7388=EDGE_CURVE('',#5872,#5873,#3248,.T.);
#7389=EDGE_CURVE('',#5872,#5874,#3249,.T.);
#7390=EDGE_CURVE('',#5874,#5875,#3250,.T.);
#7391=EDGE_CURVE('',#5876,#5875,#3251,.T.);
#7392=EDGE_CURVE('',#5877,#5876,#3252,.T.);
#7393=EDGE_CURVE('',#5877,#5878,#3253,.T.);
#7394=EDGE_CURVE('',#5879,#5878,#3254,.T.);
#7395=EDGE_CURVE('',#5873,#5879,#3255,.T.);
#7396=EDGE_CURVE('',#5873,#5880,#3256,.T.);
#7397=EDGE_CURVE('',#5881,#5880,#3257,.T.);
#7398=EDGE_CURVE('',#5881,#5882,#3258,.T.);
#7399=EDGE_CURVE('',#5872,#5882,#385,.T.);
#7400=EDGE_CURVE('',#5879,#5883,#3259,.T.);
#7401=EDGE_CURVE('',#5880,#5883,#3260,.T.);
#7402=EDGE_CURVE('',#5878,#5884,#3261,.T.);
#7403=EDGE_CURVE('',#5885,#5884,#3262,.T.);
#7404=EDGE_CURVE('',#5885,#5886,#3263,.T.);
#7405=EDGE_CURVE('',#5886,#5887,#3264,.T.);
#7406=EDGE_CURVE('',#5888,#5887,#3265,.T.);
#7407=EDGE_CURVE('',#5888,#5889,#3266,.T.);
#7408=EDGE_CURVE('',#5889,#5890,#3267,.T.);
#7409=EDGE_CURVE('',#5891,#5890,#3268,.T.);
#7410=EDGE_CURVE('',#5891,#5892,#3269,.T.);
#7411=EDGE_CURVE('',#5892,#5883,#3270,.T.);
#7412=EDGE_CURVE('',#5877,#5893,#3271,.T.);
#7413=EDGE_CURVE('',#5893,#5884,#3272,.T.);
#7414=EDGE_CURVE('',#5894,#5876,#386,.T.);
#7415=EDGE_CURVE('',#5894,#5895,#3273,.T.);
#7416=EDGE_CURVE('',#5895,#5893,#3274,.T.);
#7417=EDGE_CURVE('',#5896,#5875,#387,.T.);
#7418=EDGE_CURVE('',#5894,#5896,#3275,.T.);
#7419=EDGE_CURVE('',#5874,#5897,#388,.T.);
#7420=EDGE_CURVE('',#5898,#5897,#3276,.T.);
#7421=EDGE_CURVE('',#5898,#5899,#389,.T.);
#7422=EDGE_CURVE('',#5900,#5899,#3277,.T.);
#7423=EDGE_CURVE('',#5900,#5901,#390,.T.);
#7424=EDGE_CURVE('',#5896,#5901,#3278,.T.);
#7425=EDGE_CURVE('',#5882,#5897,#3279,.T.);
#7426=EDGE_CURVE('',#5881,#5892,#3280,.T.);
#7427=EDGE_CURVE('',#5902,#5903,#3281,.T.);
#7428=EDGE_CURVE('',#5902,#5898,#3282,.T.);
#7429=EDGE_CURVE('',#5903,#5891,#3283,.T.);
#7430=EDGE_CURVE('',#5895,#5885,#3284,.T.);
#7431=EDGE_CURVE('',#5904,#5901,#3285,.T.);
#7432=EDGE_CURVE('',#5905,#5904,#3286,.T.);
#7433=EDGE_CURVE('',#5905,#5886,#3287,.T.);
#7434=EDGE_CURVE('',#5905,#5906,#3288,.T.);
#7435=EDGE_CURVE('',#5906,#5887,#3289,.T.);
#7436=EDGE_CURVE('',#5907,#5888,#3290,.T.);
#7437=EDGE_CURVE('',#5907,#5906,#3291,.T.);
#7438=EDGE_CURVE('',#5908,#5907,#3292,.T.);
#7439=EDGE_CURVE('',#5908,#5900,#3293,.T.);
#7440=EDGE_CURVE('',#5909,#5899,#3294,.T.);
#7441=EDGE_CURVE('',#5910,#5909,#3295,.T.);
#7442=EDGE_CURVE('',#5910,#5889,#3296,.T.);
#7443=EDGE_CURVE('',#5910,#5911,#3297,.T.);
#7444=EDGE_CURVE('',#5911,#5890,#3298,.T.);
#7445=EDGE_CURVE('',#5903,#5911,#3299,.T.);
#7446=EDGE_CURVE('',#5908,#5904,#391,.T.);
#7447=EDGE_CURVE('',#5902,#5909,#392,.T.);
#7448=EDGE_CURVE('',#5912,#5913,#3300,.T.);
#7449=EDGE_CURVE('',#5913,#5914,#3301,.T.);
#7450=EDGE_CURVE('',#5915,#5914,#3302,.T.);
#7451=EDGE_CURVE('',#5912,#5915,#3303,.T.);
#7452=EDGE_CURVE('',#5916,#5915,#393,.T.);
#7453=EDGE_CURVE('',#5917,#5914,#394,.T.);
#7454=EDGE_CURVE('',#5916,#5917,#3304,.T.);
#7455=EDGE_CURVE('',#5917,#5918,#3305,.T.);
#7456=EDGE_CURVE('',#5919,#5918,#3306,.T.);
#7457=EDGE_CURVE('',#5916,#5919,#3307,.T.);
#7458=EDGE_CURVE('',#5918,#5920,#3308,.T.);
#7459=EDGE_CURVE('',#5921,#5920,#3309,.T.);
#7460=EDGE_CURVE('',#5919,#5921,#3310,.T.);
#7461=EDGE_CURVE('',#5920,#5922,#3311,.T.);
#7462=EDGE_CURVE('',#5923,#5922,#3312,.T.);
#7463=EDGE_CURVE('',#5921,#5923,#3313,.T.);
#7464=EDGE_CURVE('',#5924,#5925,#3314,.T.);
#7465=EDGE_CURVE('',#5924,#5923,#3315,.T.);
#7466=EDGE_CURVE('',#5925,#5922,#3316,.T.);
#7467=EDGE_CURVE('',#5925,#5926,#3317,.T.);
#7468=EDGE_CURVE('',#5927,#5926,#3318,.T.);
#7469=EDGE_CURVE('',#5924,#5927,#3319,.T.);
#7470=EDGE_CURVE('',#5928,#5927,#395,.T.);
#7471=EDGE_CURVE('',#5929,#5926,#396,.T.);
#7472=EDGE_CURVE('',#5928,#5929,#3320,.T.);
#7473=EDGE_CURVE('',#5929,#5930,#3321,.T.);
#7474=EDGE_CURVE('',#5931,#5930,#3322,.T.);
#7475=EDGE_CURVE('',#5928,#5931,#3323,.T.);
#7476=EDGE_CURVE('',#5930,#5932,#3324,.T.);
#7477=EDGE_CURVE('',#5933,#5932,#3325,.T.);
#7478=EDGE_CURVE('',#5931,#5933,#3326,.T.);
#7479=EDGE_CURVE('',#5932,#5934,#3327,.T.);
#7480=EDGE_CURVE('',#5935,#5934,#3328,.T.);
#7481=EDGE_CURVE('',#5933,#5935,#3329,.T.);
#7482=EDGE_CURVE('',#5936,#5937,#3330,.T.);
#7483=EDGE_CURVE('',#5936,#5935,#3331,.T.);
#7484=EDGE_CURVE('',#5937,#5934,#3332,.T.);
#7485=EDGE_CURVE('',#5937,#5938,#3333,.T.);
#7486=EDGE_CURVE('',#5939,#5938,#3334,.T.);
#7487=EDGE_CURVE('',#5936,#5939,#3335,.T.);
#7488=EDGE_CURVE('',#5940,#5939,#397,.T.);
#7489=EDGE_CURVE('',#5941,#5938,#398,.T.);
#7490=EDGE_CURVE('',#5940,#5941,#3336,.T.);
#7491=EDGE_CURVE('',#5941,#5942,#3337,.T.);
#7492=EDGE_CURVE('',#5943,#5942,#3338,.T.);
#7493=EDGE_CURVE('',#5940,#5943,#3339,.T.);
#7494=EDGE_CURVE('',#5942,#5944,#3340,.T.);
#7495=EDGE_CURVE('',#5945,#5944,#3341,.T.);
#7496=EDGE_CURVE('',#5943,#5945,#3342,.T.);
#7497=EDGE_CURVE('',#5946,#5947,#3343,.T.);
#7498=EDGE_CURVE('',#5946,#5945,#3344,.T.);
#7499=EDGE_CURVE('',#5947,#5944,#3345,.T.);
#7500=EDGE_CURVE('',#5948,#5949,#3346,.T.);
#7501=EDGE_CURVE('',#5948,#5946,#3347,.T.);
#7502=EDGE_CURVE('',#5949,#5947,#3348,.T.);
#7503=EDGE_CURVE('',#5949,#5950,#3349,.T.);
#7504=EDGE_CURVE('',#5951,#5950,#3350,.T.);
#7505=EDGE_CURVE('',#5948,#5951,#3351,.T.);
#7506=EDGE_CURVE('',#5952,#5951,#399,.T.);
#7507=EDGE_CURVE('',#5953,#5950,#400,.T.);
#7508=EDGE_CURVE('',#5952,#5953,#3352,.T.);
#7509=EDGE_CURVE('',#5953,#5954,#3353,.T.);
#7510=EDGE_CURVE('',#5955,#5954,#3354,.T.);
#7511=EDGE_CURVE('',#5952,#5955,#3355,.T.);
#7512=EDGE_CURVE('',#5954,#5956,#3356,.T.);
#7513=EDGE_CURVE('',#5957,#5956,#3357,.T.);
#7514=EDGE_CURVE('',#5955,#5957,#3358,.T.);
#7515=EDGE_CURVE('',#5956,#5958,#3359,.T.);
#7516=EDGE_CURVE('',#5959,#5958,#3360,.T.);
#7517=EDGE_CURVE('',#5957,#5959,#3361,.T.);
#7518=EDGE_CURVE('',#5912,#5959,#3362,.T.);
#7519=EDGE_CURVE('',#5913,#5958,#3363,.T.);
#7520=EDGE_CURVE('',#5960,#5960,#401,.T.);
#7521=EDGE_CURVE('',#5960,#5961,#3364,.T.);
#7522=EDGE_CURVE('',#5961,#5961,#402,.T.);
#7523=EDGE_CURVE('',#5962,#5962,#403,.T.);
#7524=EDGE_CURVE('',#5962,#5963,#3365,.T.);
#7525=EDGE_CURVE('',#5963,#5963,#404,.T.);
#7526=EDGE_CURVE('',#5964,#5964,#405,.T.);
#7527=EDGE_CURVE('',#5964,#5963,#406,.T.);
#7528=EDGE_CURVE('',#5965,#5965,#407,.T.);
#7529=EDGE_CURVE('',#5965,#5966,#3366,.T.);
#7530=EDGE_CURVE('',#5967,#5966,#408,.T.);
#7531=EDGE_CURVE('',#5966,#5967,#409,.T.);
#7532=EDGE_CURVE('',#5967,#5968,#410,.T.);
#7533=EDGE_CURVE('',#5968,#5968,#411,.T.);
#7534=EDGE_CURVE('',#5969,#5969,#412,.T.);
#7535=EDGE_CURVE('',#5969,#5970,#3367,.T.);
#7536=EDGE_CURVE('',#5971,#5970,#413,.T.);
#7537=EDGE_CURVE('',#5970,#5971,#414,.T.);
#7538=EDGE_CURVE('',#5971,#5972,#415,.T.);
#7539=EDGE_CURVE('',#5972,#5972,#416,.T.);
#7540=EDGE_CURVE('',#5973,#5973,#417,.T.);
#7541=EDGE_CURVE('',#5973,#5974,#3368,.T.);
#7542=EDGE_CURVE('',#5975,#5974,#418,.T.);
#7543=EDGE_CURVE('',#5974,#5975,#419,.T.);
#7544=EDGE_CURVE('',#5975,#5976,#420,.T.);
#7545=EDGE_CURVE('',#5976,#5976,#421,.T.);
#7546=EDGE_CURVE('',#5977,#5978,#3369,.T.);
#7547=EDGE_CURVE('',#5978,#5979,#422,.T.);
#7548=EDGE_CURVE('',#5980,#5979,#3370,.T.);
#7549=EDGE_CURVE('',#5977,#5980,#423,.T.);
#7550=EDGE_CURVE('',#5981,#5982,#3371,.T.);
#7551=EDGE_CURVE('',#5982,#5978,#3372,.T.);
#7552=EDGE_CURVE('',#5981,#5977,#3373,.T.);
#7553=EDGE_CURVE('',#5979,#5983,#3374,.T.);
#7554=EDGE_CURVE('',#5984,#5983,#3375,.T.);
#7555=EDGE_CURVE('',#5980,#5984,#3376,.T.);
#7556=EDGE_CURVE('',#5984,#5985,#424,.T.);
#7557=EDGE_CURVE('',#5985,#5986,#3377,.T.);
#7558=EDGE_CURVE('',#5986,#5987,#425,.T.);
#7559=EDGE_CURVE('',#5987,#5988,#3378,.T.);
#7560=EDGE_CURVE('',#5988,#5981,#426,.T.);
#7561=EDGE_CURVE('',#5989,#5990,#3379,.T.);
#7562=EDGE_CURVE('',#5990,#5991,#3380,.T.);
#7563=EDGE_CURVE('',#5991,#5992,#3381,.T.);
#7564=EDGE_CURVE('',#5992,#5993,#3382,.T.);
#7565=EDGE_CURVE('',#5993,#5994,#3383,.T.);
#7566=EDGE_CURVE('',#5994,#5989,#3384,.T.);
#7567=EDGE_CURVE('',#5995,#5995,#427,.T.);
#7568=EDGE_CURVE('',#5996,#5996,#428,.T.);
#7569=EDGE_CURVE('',#5997,#5998,#429,.T.);
#7570=EDGE_CURVE('',#5999,#5997,#3385,.T.);
#7571=EDGE_CURVE('',#6000,#5999,#430,.T.);
#7572=EDGE_CURVE('',#5998,#6000,#3386,.T.);
#7573=EDGE_CURVE('',#6001,#6002,#431,.T.);
#7574=EDGE_CURVE('',#6003,#6001,#3387,.T.);
#7575=EDGE_CURVE('',#6004,#6003,#432,.T.);
#7576=EDGE_CURVE('',#6002,#6004,#3388,.T.);
#7577=EDGE_CURVE('',#6005,#6005,#433,.T.);
#7578=EDGE_CURVE('',#6006,#6006,#434,.T.);
#7579=EDGE_CURVE('',#6007,#6008,#435,.T.);
#7580=EDGE_CURVE('',#6009,#6007,#3389,.T.);
#7581=EDGE_CURVE('',#6010,#6009,#436,.T.);
#7582=EDGE_CURVE('',#6008,#6010,#3390,.T.);
#7583=EDGE_CURVE('',#6011,#6012,#437,.T.);
#7584=EDGE_CURVE('',#6013,#6011,#3391,.T.);
#7585=EDGE_CURVE('',#6014,#6013,#438,.T.);
#7586=EDGE_CURVE('',#6012,#6014,#3392,.T.);
#7587=EDGE_CURVE('',#6015,#6016,#3393,.T.);
#7588=EDGE_CURVE('',#6016,#6017,#3394,.T.);
#7589=EDGE_CURVE('',#6017,#6018,#3395,.T.);
#7590=EDGE_CURVE('',#6018,#6019,#3396,.T.);
#7591=EDGE_CURVE('',#6019,#6020,#3397,.T.);
#7592=EDGE_CURVE('',#6020,#6015,#3398,.T.);
#7593=EDGE_CURVE('',#6021,#5982,#439,.T.);
#7594=EDGE_CURVE('',#6022,#6021,#3399,.T.);
#7595=EDGE_CURVE('',#6023,#6022,#440,.T.);
#7596=EDGE_CURVE('',#6024,#6023,#3400,.T.);
#7597=EDGE_CURVE('',#5983,#6024,#441,.T.);
#7598=EDGE_CURVE('',#6025,#6026,#3401,.T.);
#7599=EDGE_CURVE('',#6027,#6025,#3402,.T.);
#7600=EDGE_CURVE('',#6028,#6027,#3403,.T.);
#7601=EDGE_CURVE('',#6029,#6028,#3404,.T.);
#7602=EDGE_CURVE('',#6030,#6029,#3405,.T.);
#7603=EDGE_CURVE('',#6026,#6030,#3406,.T.);
#7604=EDGE_CURVE('',#6031,#6031,#442,.T.);
#7605=EDGE_CURVE('',#6032,#6032,#443,.T.);
#7606=EDGE_CURVE('',#6033,#6034,#444,.T.);
#7607=EDGE_CURVE('',#6034,#6035,#3407,.T.);
#7608=EDGE_CURVE('',#6035,#6036,#445,.T.);
#7609=EDGE_CURVE('',#6036,#6033,#3408,.T.);
#7610=EDGE_CURVE('',#6037,#6038,#446,.T.);
#7611=EDGE_CURVE('',#6038,#6039,#3409,.T.);
#7612=EDGE_CURVE('',#6039,#6040,#447,.T.);
#7613=EDGE_CURVE('',#6040,#6037,#3410,.T.);
#7614=EDGE_CURVE('',#6041,#6041,#448,.T.);
#7615=EDGE_CURVE('',#6042,#6042,#449,.T.);
#7616=EDGE_CURVE('',#6043,#6044,#450,.T.);
#7617=EDGE_CURVE('',#6044,#6045,#3411,.T.);
#7618=EDGE_CURVE('',#6045,#6046,#451,.T.);
#7619=EDGE_CURVE('',#6046,#6043,#3412,.T.);
#7620=EDGE_CURVE('',#6047,#6048,#452,.T.);
#7621=EDGE_CURVE('',#6048,#6049,#3413,.T.);
#7622=EDGE_CURVE('',#6049,#6050,#453,.T.);
#7623=EDGE_CURVE('',#6050,#6047,#3414,.T.);
#7624=EDGE_CURVE('',#6051,#6052,#3415,.T.);
#7625=EDGE_CURVE('',#6053,#6051,#3416,.T.);
#7626=EDGE_CURVE('',#6054,#6053,#3417,.T.);
#7627=EDGE_CURVE('',#6055,#6054,#3418,.T.);
#7628=EDGE_CURVE('',#6056,#6055,#3419,.T.);
#7629=EDGE_CURVE('',#6052,#6056,#3420,.T.);
#7630=EDGE_CURVE('',#5988,#6021,#3421,.T.);
#7631=EDGE_CURVE('',#5985,#6024,#3422,.T.);
#7632=EDGE_CURVE('',#5987,#6022,#3423,.T.);
#7633=EDGE_CURVE('',#5986,#6023,#3424,.T.);
#7634=EDGE_CURVE('',#5989,#6025,#3425,.T.);
#7635=EDGE_CURVE('',#5990,#6026,#3426,.T.);
#7636=EDGE_CURVE('',#5994,#6027,#3427,.T.);
#7637=EDGE_CURVE('',#5991,#6030,#3428,.T.);
#7638=EDGE_CURVE('',#5993,#6028,#3429,.T.);
#7639=EDGE_CURVE('',#5992,#6029,#3430,.T.);
#7640=EDGE_CURVE('',#6031,#5995,#3431,.T.);
#7641=EDGE_CURVE('',#6032,#5996,#3432,.T.);
#7642=EDGE_CURVE('',#5998,#6034,#3433,.T.);
#7643=EDGE_CURVE('',#5997,#6033,#3434,.T.);
#7644=EDGE_CURVE('',#5999,#6036,#3435,.T.);
#7645=EDGE_CURVE('',#6000,#6035,#3436,.T.);
#7646=EDGE_CURVE('',#6002,#6038,#3437,.T.);
#7647=EDGE_CURVE('',#6001,#6037,#3438,.T.);
#7648=EDGE_CURVE('',#6003,#6040,#3439,.T.);
#7649=EDGE_CURVE('',#6004,#6039,#3440,.T.);
#7650=EDGE_CURVE('',#6041,#6005,#3441,.T.);
#7651=EDGE_CURVE('',#6042,#6006,#3442,.T.);
#7652=EDGE_CURVE('',#6008,#6044,#3443,.T.);
#7653=EDGE_CURVE('',#6007,#6043,#3444,.T.);
#7654=EDGE_CURVE('',#6009,#6046,#3445,.T.);
#7655=EDGE_CURVE('',#6010,#6045,#3446,.T.);
#7656=EDGE_CURVE('',#6012,#6048,#3447,.T.);
#7657=EDGE_CURVE('',#6011,#6047,#3448,.T.);
#7658=EDGE_CURVE('',#6013,#6050,#3449,.T.);
#7659=EDGE_CURVE('',#6014,#6049,#3450,.T.);
#7660=EDGE_CURVE('',#6015,#6051,#3451,.T.);
#7661=EDGE_CURVE('',#6016,#6052,#3452,.T.);
#7662=EDGE_CURVE('',#6020,#6053,#3453,.T.);
#7663=EDGE_CURVE('',#6017,#6056,#3454,.T.);
#7664=EDGE_CURVE('',#6019,#6054,#3455,.T.);
#7665=EDGE_CURVE('',#6018,#6055,#3456,.T.);
#7666=EDGE_CURVE('',#6057,#6058,#3457,.T.);
#7667=EDGE_CURVE('',#6059,#6057,#454,.T.);
#7668=EDGE_CURVE('',#6060,#6059,#3458,.T.);
#7669=EDGE_CURVE('',#6061,#6060,#455,.T.);
#7670=EDGE_CURVE('',#6062,#6061,#3459,.T.);
#7671=EDGE_CURVE('',#6063,#6062,#456,.T.);
#7672=EDGE_CURVE('',#6064,#6063,#3460,.T.);
#7673=EDGE_CURVE('',#6058,#6064,#457,.T.);
#7674=EDGE_CURVE('',#6065,#6062,#3461,.T.);
#7675=EDGE_CURVE('',#6066,#6065,#458,.T.);
#7676=EDGE_CURVE('',#6063,#6066,#3462,.T.);
#7677=EDGE_CURVE('',#6067,#6061,#3463,.T.);
#7678=EDGE_CURVE('',#6065,#6067,#3464,.T.);
#7679=EDGE_CURVE('',#6068,#6060,#3465,.T.);
#7680=EDGE_CURVE('',#6067,#6068,#459,.T.);
#7681=EDGE_CURVE('',#6069,#6059,#3466,.T.);
#7682=EDGE_CURVE('',#6068,#6069,#3467,.T.);
#7683=EDGE_CURVE('',#6070,#6071,#3468,.T.);
#7684=EDGE_CURVE('',#6071,#6072,#3469,.T.);
#7685=EDGE_CURVE('',#6072,#6073,#3470,.T.);
#7686=EDGE_CURVE('',#6073,#6070,#3471,.T.);
#7687=EDGE_CURVE('',#6074,#6075,#3472,.T.);
#7688=EDGE_CURVE('',#6075,#6076,#3473,.T.);
#7689=EDGE_CURVE('',#6076,#6077,#3474,.T.);
#7690=EDGE_CURVE('',#6077,#6074,#3475,.T.);
#7691=EDGE_CURVE('',#6078,#6079,#3476,.T.);
#7692=EDGE_CURVE('',#6079,#6080,#3477,.T.);
#7693=EDGE_CURVE('',#6080,#6081,#3478,.T.);
#7694=EDGE_CURVE('',#6081,#6078,#3479,.T.);
#7695=EDGE_CURVE('',#6082,#6083,#3480,.T.);
#7696=EDGE_CURVE('',#6083,#6084,#3481,.T.);
#7697=EDGE_CURVE('',#6084,#6085,#3482,.T.);
#7698=EDGE_CURVE('',#6085,#6082,#3483,.T.);
#7699=EDGE_CURVE('',#6086,#6086,#460,.T.);
#7700=EDGE_CURVE('',#6086,#6087,#3484,.T.);
#7701=EDGE_CURVE('',#6087,#6087,#461,.T.);
#7702=EDGE_CURVE('',#6088,#6088,#462,.T.);
#7703=EDGE_CURVE('',#6088,#6089,#3485,.T.);
#7704=EDGE_CURVE('',#6089,#6089,#463,.T.);
#7705=EDGE_CURVE('',#6090,#6091,#3486,.T.);
#7706=EDGE_CURVE('',#6085,#6090,#3487,.T.);
#7707=EDGE_CURVE('',#6084,#6091,#3488,.T.);
#7708=EDGE_CURVE('',#6091,#6092,#3489,.T.);
#7709=EDGE_CURVE('',#6083,#6092,#3490,.T.);
#7710=EDGE_CURVE('',#6092,#6093,#3491,.T.);
#7711=EDGE_CURVE('',#6082,#6093,#3492,.T.);
#7712=EDGE_CURVE('',#6093,#6090,#3493,.T.);
#7713=EDGE_CURVE('',#6094,#6095,#3494,.T.);
#7714=EDGE_CURVE('',#6081,#6094,#3495,.T.);
#7715=EDGE_CURVE('',#6080,#6095,#3496,.T.);
#7716=EDGE_CURVE('',#6095,#6096,#3497,.T.);
#7717=EDGE_CURVE('',#6079,#6096,#3498,.T.);
#7718=EDGE_CURVE('',#6096,#6097,#3499,.T.);
#7719=EDGE_CURVE('',#6078,#6097,#3500,.T.);
#7720=EDGE_CURVE('',#6097,#6094,#3501,.T.);
#7721=EDGE_CURVE('',#6098,#6099,#3502,.T.);
#7722=EDGE_CURVE('',#6077,#6098,#3503,.T.);
#7723=EDGE_CURVE('',#6076,#6099,#3504,.T.);
#7724=EDGE_CURVE('',#6099,#6100,#3505,.T.);
#7725=EDGE_CURVE('',#6075,#6100,#3506,.T.);
#7726=EDGE_CURVE('',#6100,#6101,#3507,.T.);
#7727=EDGE_CURVE('',#6074,#6101,#3508,.T.);
#7728=EDGE_CURVE('',#6101,#6098,#3509,.T.);
#7729=EDGE_CURVE('',#6102,#6103,#3510,.T.);
#7730=EDGE_CURVE('',#6073,#6102,#3511,.T.);
#7731=EDGE_CURVE('',#6072,#6103,#3512,.T.);
#7732=EDGE_CURVE('',#6103,#6104,#3513,.T.);
#7733=EDGE_CURVE('',#6071,#6104,#3514,.T.);
#7734=EDGE_CURVE('',#6104,#6105,#3515,.T.);
#7735=EDGE_CURVE('',#6070,#6105,#3516,.T.);
#7736=EDGE_CURVE('',#6105,#6102,#3517,.T.);
#7737=EDGE_CURVE('',#6106,#6107,#3518,.T.);
#7738=EDGE_CURVE('',#6108,#6106,#3519,.T.);
#7739=EDGE_CURVE('',#6109,#6108,#3520,.T.);
#7740=EDGE_CURVE('',#6109,#6107,#3521,.T.);
#7741=EDGE_CURVE('',#6107,#6110,#3522,.T.);
#7742=EDGE_CURVE('',#6111,#6109,#3523,.T.);
#7743=EDGE_CURVE('',#6111,#6110,#3524,.T.);
#7744=EDGE_CURVE('',#6110,#6112,#3525,.T.);
#7745=EDGE_CURVE('',#6113,#6111,#3526,.T.);
#7746=EDGE_CURVE('',#6113,#6112,#3527,.T.);
#7747=EDGE_CURVE('',#6112,#6106,#3528,.T.);
#7748=EDGE_CURVE('',#6108,#6113,#3529,.T.);
#7749=EDGE_CURVE('',#6114,#6115,#3530,.T.);
#7750=EDGE_CURVE('',#6114,#6116,#3531,.T.);
#7751=EDGE_CURVE('',#6116,#6117,#3532,.T.);
#7752=EDGE_CURVE('',#6115,#6117,#3533,.T.);
#7753=EDGE_CURVE('',#6118,#6114,#3534,.T.);
#7754=EDGE_CURVE('',#6118,#6119,#3535,.T.);
#7755=EDGE_CURVE('',#6119,#6116,#3536,.T.);
#7756=EDGE_CURVE('',#6120,#6118,#3537,.T.);
#7757=EDGE_CURVE('',#6120,#6121,#3538,.T.);
#7758=EDGE_CURVE('',#6121,#6119,#3539,.T.);
#7759=EDGE_CURVE('',#6115,#6120,#3540,.T.);
#7760=EDGE_CURVE('',#6117,#6121,#3541,.T.);
#7761=EDGE_CURVE('',#6122,#6123,#3542,.T.);
#7762=EDGE_CURVE('',#6124,#6122,#3543,.T.);
#7763=EDGE_CURVE('',#6125,#6124,#3544,.T.);
#7764=EDGE_CURVE('',#6125,#6123,#3545,.T.);
#7765=EDGE_CURVE('',#6123,#6126,#3546,.T.);
#7766=EDGE_CURVE('',#6127,#6125,#3547,.T.);
#7767=EDGE_CURVE('',#6127,#6126,#3548,.T.);
#7768=EDGE_CURVE('',#6126,#6128,#3549,.T.);
#7769=EDGE_CURVE('',#6129,#6127,#3550,.T.);
#7770=EDGE_CURVE('',#6129,#6128,#3551,.T.);
#7771=EDGE_CURVE('',#6128,#6122,#3552,.T.);
#7772=EDGE_CURVE('',#6124,#6129,#3553,.T.);
#7773=EDGE_CURVE('',#6130,#6131,#3554,.T.);
#7774=EDGE_CURVE('',#6132,#6130,#3555,.T.);
#7775=EDGE_CURVE('',#6133,#6132,#3556,.T.);
#7776=EDGE_CURVE('',#6133,#6131,#3557,.T.);
#7777=EDGE_CURVE('',#6131,#6134,#3558,.T.);
#7778=EDGE_CURVE('',#6135,#6133,#3559,.T.);
#7779=EDGE_CURVE('',#6135,#6134,#3560,.T.);
#7780=EDGE_CURVE('',#6134,#6136,#3561,.T.);
#7781=EDGE_CURVE('',#6137,#6135,#3562,.T.);
#7782=EDGE_CURVE('',#6137,#6136,#3563,.T.);
#7783=EDGE_CURVE('',#6136,#6130,#3564,.T.);
#7784=EDGE_CURVE('',#6132,#6137,#3565,.T.);
#7785=EDGE_CURVE('',#6138,#6139,#3566,.T.);
#7786=EDGE_CURVE('',#6140,#6138,#3567,.T.);
#7787=EDGE_CURVE('',#6141,#6140,#3568,.T.);
#7788=EDGE_CURVE('',#6141,#6139,#3569,.T.);
#7789=EDGE_CURVE('',#6139,#6142,#3570,.T.);
#7790=EDGE_CURVE('',#6143,#6141,#3571,.T.);
#7791=EDGE_CURVE('',#6143,#6142,#3572,.T.);
#7792=EDGE_CURVE('',#6142,#6144,#3573,.T.);
#7793=EDGE_CURVE('',#6145,#6143,#3574,.T.);
#7794=EDGE_CURVE('',#6145,#6144,#3575,.T.);
#7795=EDGE_CURVE('',#6144,#6138,#3576,.T.);
#7796=EDGE_CURVE('',#6140,#6145,#3577,.T.);
#7797=EDGE_CURVE('',#6146,#6147,#3578,.T.);
#7798=EDGE_CURVE('',#6148,#6146,#3579,.T.);
#7799=EDGE_CURVE('',#6149,#6148,#3580,.T.);
#7800=EDGE_CURVE('',#6149,#6147,#3581,.T.);
#7801=EDGE_CURVE('',#6147,#6150,#3582,.T.);
#7802=EDGE_CURVE('',#6151,#6149,#3583,.T.);
#7803=EDGE_CURVE('',#6151,#6150,#3584,.T.);
#7804=EDGE_CURVE('',#6150,#6152,#3585,.T.);
#7805=EDGE_CURVE('',#6153,#6151,#3586,.T.);
#7806=EDGE_CURVE('',#6153,#6152,#3587,.T.);
#7807=EDGE_CURVE('',#6152,#6146,#3588,.T.);
#7808=EDGE_CURVE('',#6148,#6153,#3589,.T.);
#7809=EDGE_CURVE('',#6154,#6155,#3590,.T.);
#7810=EDGE_CURVE('',#6156,#6154,#3591,.T.);
#7811=EDGE_CURVE('',#6157,#6156,#3592,.T.);
#7812=EDGE_CURVE('',#6157,#6155,#3593,.T.);
#7813=EDGE_CURVE('',#6155,#6158,#3594,.T.);
#7814=EDGE_CURVE('',#6159,#6157,#3595,.T.);
#7815=EDGE_CURVE('',#6159,#6158,#3596,.T.);
#7816=EDGE_CURVE('',#6158,#6160,#3597,.T.);
#7817=EDGE_CURVE('',#6161,#6159,#3598,.T.);
#7818=EDGE_CURVE('',#6161,#6160,#3599,.T.);
#7819=EDGE_CURVE('',#6160,#6154,#3600,.T.);
#7820=EDGE_CURVE('',#6156,#6161,#3601,.T.);
#7821=EDGE_CURVE('',#6162,#6163,#3602,.T.);
#7822=EDGE_CURVE('',#6164,#6162,#3603,.T.);
#7823=EDGE_CURVE('',#6165,#6164,#3604,.T.);
#7824=EDGE_CURVE('',#6165,#6163,#3605,.T.);
#7825=EDGE_CURVE('',#6163,#6166,#3606,.T.);
#7826=EDGE_CURVE('',#6167,#6165,#3607,.T.);
#7827=EDGE_CURVE('',#6167,#6166,#3608,.T.);
#7828=EDGE_CURVE('',#6166,#6168,#3609,.T.);
#7829=EDGE_CURVE('',#6169,#6167,#3610,.T.);
#7830=EDGE_CURVE('',#6169,#6168,#3611,.T.);
#7831=EDGE_CURVE('',#6168,#6162,#3612,.T.);
#7832=EDGE_CURVE('',#6164,#6169,#3613,.T.);
#7833=EDGE_CURVE('',#6170,#6171,#3614,.T.);
#7834=EDGE_CURVE('',#6172,#6170,#3615,.T.);
#7835=EDGE_CURVE('',#6173,#6172,#3616,.T.);
#7836=EDGE_CURVE('',#6173,#6171,#3617,.T.);
#7837=EDGE_CURVE('',#6171,#6174,#3618,.T.);
#7838=EDGE_CURVE('',#6175,#6173,#3619,.T.);
#7839=EDGE_CURVE('',#6175,#6174,#3620,.T.);
#7840=EDGE_CURVE('',#6174,#6176,#3621,.T.);
#7841=EDGE_CURVE('',#6177,#6175,#3622,.T.);
#7842=EDGE_CURVE('',#6177,#6176,#3623,.T.);
#7843=EDGE_CURVE('',#6176,#6170,#3624,.T.);
#7844=EDGE_CURVE('',#6172,#6177,#3625,.T.);
#7845=EDGE_CURVE('',#6178,#6179,#3626,.T.);
#7846=EDGE_CURVE('',#6180,#6178,#3627,.T.);
#7847=EDGE_CURVE('',#6181,#6180,#3628,.T.);
#7848=EDGE_CURVE('',#6181,#6179,#3629,.T.);
#7849=EDGE_CURVE('',#6179,#6182,#3630,.T.);
#7850=EDGE_CURVE('',#6183,#6181,#3631,.T.);
#7851=EDGE_CURVE('',#6183,#6182,#3632,.T.);
#7852=EDGE_CURVE('',#6182,#6184,#3633,.T.);
#7853=EDGE_CURVE('',#6185,#6183,#3634,.T.);
#7854=EDGE_CURVE('',#6185,#6184,#3635,.T.);
#7855=EDGE_CURVE('',#6184,#6178,#3636,.T.);
#7856=EDGE_CURVE('',#6180,#6185,#3637,.T.);
#7857=EDGE_CURVE('',#6186,#6187,#3638,.T.);
#7858=EDGE_CURVE('',#6188,#6186,#3639,.T.);
#7859=EDGE_CURVE('',#6189,#6188,#3640,.T.);
#7860=EDGE_CURVE('',#6189,#6187,#3641,.T.);
#7861=EDGE_CURVE('',#6187,#6190,#3642,.T.);
#7862=EDGE_CURVE('',#6191,#6189,#3643,.T.);
#7863=EDGE_CURVE('',#6191,#6190,#3644,.T.);
#7864=EDGE_CURVE('',#6190,#6192,#3645,.T.);
#7865=EDGE_CURVE('',#6193,#6191,#3646,.T.);
#7866=EDGE_CURVE('',#6193,#6192,#3647,.T.);
#7867=EDGE_CURVE('',#6192,#6186,#3648,.T.);
#7868=EDGE_CURVE('',#6188,#6193,#3649,.T.);
#7869=EDGE_CURVE('',#6194,#6195,#3650,.T.);
#7870=EDGE_CURVE('',#6196,#6194,#3651,.T.);
#7871=EDGE_CURVE('',#6197,#6196,#3652,.T.);
#7872=EDGE_CURVE('',#6197,#6195,#3653,.T.);
#7873=EDGE_CURVE('',#6195,#6198,#3654,.T.);
#7874=EDGE_CURVE('',#6199,#6197,#3655,.T.);
#7875=EDGE_CURVE('',#6199,#6198,#3656,.T.);
#7876=EDGE_CURVE('',#6198,#6200,#3657,.T.);
#7877=EDGE_CURVE('',#6201,#6199,#3658,.T.);
#7878=EDGE_CURVE('',#6201,#6200,#3659,.T.);
#7879=EDGE_CURVE('',#6200,#6194,#3660,.T.);
#7880=EDGE_CURVE('',#6196,#6201,#3661,.T.);
#7881=EDGE_CURVE('',#6202,#6203,#3662,.T.);
#7882=EDGE_CURVE('',#6204,#6202,#3663,.T.);
#7883=EDGE_CURVE('',#6205,#6204,#3664,.T.);
#7884=EDGE_CURVE('',#6205,#6203,#3665,.T.);
#7885=EDGE_CURVE('',#6203,#6206,#3666,.T.);
#7886=EDGE_CURVE('',#6207,#6205,#3667,.T.);
#7887=EDGE_CURVE('',#6207,#6206,#3668,.T.);
#7888=EDGE_CURVE('',#6206,#6208,#3669,.T.);
#7889=EDGE_CURVE('',#6209,#6207,#3670,.T.);
#7890=EDGE_CURVE('',#6209,#6208,#3671,.T.);
#7891=EDGE_CURVE('',#6208,#6202,#3672,.T.);
#7892=EDGE_CURVE('',#6204,#6209,#3673,.T.);
#7893=EDGE_CURVE('',#6210,#6211,#3674,.T.);
#7894=EDGE_CURVE('',#6212,#6210,#3675,.T.);
#7895=EDGE_CURVE('',#6213,#6212,#3676,.T.);
#7896=EDGE_CURVE('',#6213,#6211,#3677,.T.);
#7897=EDGE_CURVE('',#6211,#6214,#3678,.T.);
#7898=EDGE_CURVE('',#6215,#6213,#3679,.T.);
#7899=EDGE_CURVE('',#6215,#6214,#3680,.T.);
#7900=EDGE_CURVE('',#6214,#6216,#3681,.T.);
#7901=EDGE_CURVE('',#6217,#6215,#3682,.T.);
#7902=EDGE_CURVE('',#6217,#6216,#3683,.T.);
#7903=EDGE_CURVE('',#6216,#6210,#3684,.T.);
#7904=EDGE_CURVE('',#6212,#6217,#3685,.T.);
#7905=EDGE_CURVE('',#6218,#6219,#3686,.T.);
#7906=EDGE_CURVE('',#6218,#6220,#3687,.T.);
#7907=EDGE_CURVE('',#6220,#6221,#3688,.T.);
#7908=EDGE_CURVE('',#6219,#6221,#3689,.T.);
#7909=EDGE_CURVE('',#6222,#6218,#464,.T.);
#7910=EDGE_CURVE('',#6222,#6223,#3690,.T.);
#7911=EDGE_CURVE('',#6223,#6220,#465,.T.);
#7912=EDGE_CURVE('',#6224,#6222,#3691,.T.);
#7913=EDGE_CURVE('',#6224,#6225,#3692,.T.);
#7914=EDGE_CURVE('',#6225,#6223,#3693,.T.);
#7915=EDGE_CURVE('',#6226,#6224,#466,.T.);
#7916=EDGE_CURVE('',#6226,#6227,#3694,.T.);
#7917=EDGE_CURVE('',#6227,#6225,#467,.T.);
#7918=EDGE_CURVE('',#6228,#6226,#3695,.T.);
#7919=EDGE_CURVE('',#6228,#6229,#3696,.T.);
#7920=EDGE_CURVE('',#6229,#6227,#3697,.T.);
#7921=EDGE_CURVE('',#6230,#6228,#468,.T.);
#7922=EDGE_CURVE('',#6230,#6231,#3698,.T.);
#7923=EDGE_CURVE('',#6231,#6229,#469,.T.);
#7924=EDGE_CURVE('',#6232,#6230,#3699,.T.);
#7925=EDGE_CURVE('',#6232,#6233,#3700,.T.);
#7926=EDGE_CURVE('',#6233,#6231,#3701,.T.);
#7927=EDGE_CURVE('',#6219,#6232,#470,.T.);
#7928=EDGE_CURVE('',#6221,#6233,#471,.T.);
#7929=EDGE_CURVE('',#6234,#6235,#472,.T.);
#7930=EDGE_CURVE('',#6236,#6234,#3702,.T.);
#7931=EDGE_CURVE('',#6237,#6236,#473,.T.);
#7932=EDGE_CURVE('',#6238,#6237,#3703,.T.);
#7933=EDGE_CURVE('',#6239,#6238,#474,.T.);
#7934=EDGE_CURVE('',#6240,#6239,#3704,.T.);
#7935=EDGE_CURVE('',#6241,#6240,#475,.T.);
#7936=EDGE_CURVE('',#6235,#6241,#3705,.T.);
#7937=EDGE_CURVE('',#6237,#6242,#3706,.T.);
#7938=EDGE_CURVE('',#6243,#6242,#3707,.T.);
#7939=EDGE_CURVE('',#6238,#6243,#3708,.T.);
#7940=EDGE_CURVE('',#6236,#6244,#3709,.T.);
#7941=EDGE_CURVE('',#6242,#6244,#476,.T.);
#7942=EDGE_CURVE('',#6234,#6245,#3710,.T.);
#7943=EDGE_CURVE('',#6244,#6245,#3711,.T.);
#7944=EDGE_CURVE('',#6235,#6246,#3712,.T.);
#7945=EDGE_CURVE('',#6245,#6246,#477,.T.);
#7946=EDGE_CURVE('',#6069,#6247,#478,.T.);
#7947=EDGE_CURVE('',#6247,#6248,#3713,.T.);
#7948=EDGE_CURVE('',#6248,#6249,#479,.T.);
#7949=EDGE_CURVE('',#6249,#6066,#3714,.T.);
#7950=EDGE_CURVE('',#6250,#6251,#3715,.T.);
#7951=EDGE_CURVE('',#6250,#6252,#3716,.T.);
#7952=EDGE_CURVE('',#6252,#6253,#480,.T.);
#7953=EDGE_CURVE('',#6253,#6254,#3717,.T.);
#7954=EDGE_CURVE('',#6254,#6255,#481,.T.);
#7955=EDGE_CURVE('',#6255,#6256,#3718,.T.);
#7956=EDGE_CURVE('',#6256,#6257,#482,.T.);
#7957=EDGE_CURVE('',#6257,#6258,#3719,.T.);
#7958=EDGE_CURVE('',#6258,#6259,#483,.T.);
#7959=EDGE_CURVE('',#6259,#6260,#3720,.T.);
#7960=EDGE_CURVE('',#6261,#6260,#3721,.T.);
#7961=EDGE_CURVE('',#6251,#6261,#3722,.T.);
#7962=EDGE_CURVE('',#6262,#6250,#3723,.T.);
#7963=EDGE_CURVE('',#6251,#6263,#3724,.T.);
#7964=EDGE_CURVE('',#6263,#6264,#3725,.T.);
#7965=EDGE_CURVE('',#6264,#6265,#3726,.T.);
#7966=EDGE_CURVE('',#6265,#6266,#3727,.T.);
#7967=EDGE_CURVE('',#6266,#6267,#3728,.T.);
#7968=EDGE_CURVE('',#6267,#6268,#3729,.T.);
#7969=EDGE_CURVE('',#6262,#6268,#3730,.T.);
#7970=EDGE_CURVE('',#6241,#6269,#3731,.T.);
#7971=EDGE_CURVE('',#6246,#6269,#3732,.T.);
#7972=EDGE_CURVE('',#6240,#6270,#3733,.T.);
#7973=EDGE_CURVE('',#6269,#6270,#484,.T.);
#7974=EDGE_CURVE('',#6239,#6271,#3734,.T.);
#7975=EDGE_CURVE('',#6270,#6271,#3735,.T.);
#7976=EDGE_CURVE('',#6271,#6243,#485,.T.);
#7977=EDGE_CURVE('',#6272,#6261,#3736,.T.);
#7978=EDGE_CURVE('',#6272,#6263,#3737,.T.);
#7979=EDGE_CURVE('',#6268,#6273,#3738,.T.);
#7980=EDGE_CURVE('',#6274,#6267,#3739,.T.);
#7981=EDGE_CURVE('',#6273,#6274,#3740,.T.);
#7982=EDGE_CURVE('',#6260,#6275,#3741,.T.);
#7983=EDGE_CURVE('',#6273,#6275,#3742,.T.);
#7984=EDGE_CURVE('',#6274,#6276,#3743,.T.);
#7985=EDGE_CURVE('',#6276,#6277,#3744,.T.);
#7986=EDGE_CURVE('',#6277,#6278,#3745,.T.);
#7987=EDGE_CURVE('',#6278,#6272,#3746,.T.);
#7988=EDGE_CURVE('',#6278,#6264,#3747,.T.);
#7989=EDGE_CURVE('',#6277,#6265,#3748,.T.);
#7990=EDGE_CURVE('',#6276,#6266,#3749,.T.);
#7991=EDGE_CURVE('',#6279,#6262,#3750,.T.);
#7992=EDGE_CURVE('',#6279,#6252,#3751,.T.);
#7993=EDGE_CURVE('',#6280,#6259,#3752,.T.);
#7994=EDGE_CURVE('',#6275,#6280,#3753,.T.);
#7995=EDGE_CURVE('',#6281,#6282,#3754,.T.);
#7996=EDGE_CURVE('',#6283,#6281,#3755,.T.);
#7997=EDGE_CURVE('',#6283,#6284,#3756,.T.);
#7998=EDGE_CURVE('',#6282,#6284,#3757,.T.);
#7999=EDGE_CURVE('',#6285,#6286,#3758,.T.);
#8000=EDGE_CURVE('',#6287,#6285,#3759,.T.);
#8001=EDGE_CURVE('',#6288,#6287,#3760,.T.);
#8002=EDGE_CURVE('',#6286,#6288,#3761,.T.);
#8003=EDGE_CURVE('',#6289,#6285,#3762,.T.);
#8004=EDGE_CURVE('',#6282,#6289,#3763,.T.);
#8005=EDGE_CURVE('',#6284,#6290,#3764,.T.);
#8006=EDGE_CURVE('',#6290,#6291,#3765,.T.);
#8007=EDGE_CURVE('',#6291,#6292,#3766,.T.);
#8008=EDGE_CURVE('',#6292,#6287,#3767,.T.);
#8009=EDGE_CURVE('',#6286,#6293,#3768,.T.);
#8010=EDGE_CURVE('',#6288,#6294,#3769,.T.);
#8011=EDGE_CURVE('',#6294,#6295,#3770,.T.);
#8012=EDGE_CURVE('',#6295,#6296,#3771,.T.);
#8013=EDGE_CURVE('',#6296,#6283,#3772,.T.);
#8014=EDGE_CURVE('',#6293,#6281,#3773,.T.);
#8015=EDGE_CURVE('',#6296,#6290,#3774,.T.);
#8016=EDGE_CURVE('',#6295,#6291,#3775,.T.);
#8017=EDGE_CURVE('',#6294,#6292,#3776,.T.);
#8018=EDGE_CURVE('',#6297,#6289,#3777,.T.);
#8019=EDGE_CURVE('',#6297,#6256,#3778,.T.);
#8020=EDGE_CURVE('',#6298,#6255,#3779,.T.);
#8021=EDGE_CURVE('',#6293,#6298,#3780,.T.);
#8022=EDGE_CURVE('',#6299,#6297,#486,.T.);
#8023=EDGE_CURVE('',#6299,#6257,#3781,.T.);
#8024=EDGE_CURVE('',#6300,#6299,#3782,.T.);
#8025=EDGE_CURVE('',#6300,#6258,#3783,.T.);
#8026=EDGE_CURVE('',#6280,#6300,#487,.T.);
#8027=EDGE_CURVE('',#6298,#6301,#488,.T.);
#8028=EDGE_CURVE('',#6301,#6254,#3784,.T.);
#8029=EDGE_CURVE('',#6301,#6302,#3785,.T.);
#8030=EDGE_CURVE('',#6302,#6253,#3786,.T.);
#8031=EDGE_CURVE('',#6302,#6279,#489,.T.);
#8032=EDGE_CURVE('',#6249,#6064,#3787,.T.);
#8033=EDGE_CURVE('',#6248,#6058,#3788,.T.);
#8034=EDGE_CURVE('',#6247,#6057,#3789,.T.);
#8035=ORIENTED_EDGE('',*,*,#6303,.F.);
#8036=ORIENTED_EDGE('',*,*,#6304,.F.);
#8037=ORIENTED_EDGE('',*,*,#6305,.F.);
#8038=ORIENTED_EDGE('',*,*,#6306,.T.);
#8039=ORIENTED_EDGE('',*,*,#6307,.F.);
#8040=ORIENTED_EDGE('',*,*,#6308,.F.);
#8041=ORIENTED_EDGE('',*,*,#6309,.T.);
#8042=ORIENTED_EDGE('',*,*,#6310,.F.);
#8043=ORIENTED_EDGE('',*,*,#6311,.F.);
#8044=ORIENTED_EDGE('',*,*,#6312,.T.);
#8045=ORIENTED_EDGE('',*,*,#6313,.F.);
#8046=ORIENTED_EDGE('',*,*,#6314,.F.);
#8047=ORIENTED_EDGE('',*,*,#6315,.T.);
#8048=ORIENTED_EDGE('',*,*,#6316,.T.);
#8049=ORIENTED_EDGE('',*,*,#6317,.T.);
#8050=ORIENTED_EDGE('',*,*,#6318,.F.);
#8051=ORIENTED_EDGE('',*,*,#6310,.T.);
#8052=ORIENTED_EDGE('',*,*,#6319,.T.);
#8053=ORIENTED_EDGE('',*,*,#6307,.T.);
#8054=ORIENTED_EDGE('',*,*,#6320,.T.);
#8055=ORIENTED_EDGE('',*,*,#6311,.T.);
#8056=ORIENTED_EDGE('',*,*,#6318,.T.);
#8057=ORIENTED_EDGE('',*,*,#6321,.T.);
#8058=ORIENTED_EDGE('',*,*,#6322,.F.);
#8059=ORIENTED_EDGE('',*,*,#6323,.T.);
#8060=ORIENTED_EDGE('',*,*,#6324,.T.);
#8061=ORIENTED_EDGE('',*,*,#6325,.T.);
#8062=ORIENTED_EDGE('',*,*,#6326,.F.);
#8063=ORIENTED_EDGE('',*,*,#6303,.T.);
#8064=ORIENTED_EDGE('',*,*,#6322,.T.);
#8065=ORIENTED_EDGE('',*,*,#6327,.T.);
#8066=ORIENTED_EDGE('',*,*,#6328,.F.);
#8067=ORIENTED_EDGE('',*,*,#6329,.T.);
#8068=ORIENTED_EDGE('',*,*,#6330,.T.);
#8069=ORIENTED_EDGE('',*,*,#6331,.T.);
#8070=ORIENTED_EDGE('',*,*,#6328,.T.);
#8071=ORIENTED_EDGE('',*,*,#6332,.T.);
#8072=ORIENTED_EDGE('',*,*,#6316,.F.);
#8073=ORIENTED_EDGE('',*,*,#6333,.F.);
#8074=ORIENTED_EDGE('',*,*,#6334,.T.);
#8075=ORIENTED_EDGE('',*,*,#6335,.T.);
#8076=ORIENTED_EDGE('',*,*,#6336,.T.);
#8077=ORIENTED_EDGE('',*,*,#6337,.T.);
#8078=ORIENTED_EDGE('',*,*,#6338,.F.);
#8079=ORIENTED_EDGE('',*,*,#6339,.T.);
#8080=ORIENTED_EDGE('',*,*,#6340,.T.);
#8081=ORIENTED_EDGE('',*,*,#6308,.T.);
#8082=ORIENTED_EDGE('',*,*,#6341,.T.);
#8083=ORIENTED_EDGE('',*,*,#6305,.T.);
#8084=ORIENTED_EDGE('',*,*,#6342,.F.);
#8085=ORIENTED_EDGE('',*,*,#6317,.F.);
#8086=ORIENTED_EDGE('',*,*,#6332,.F.);
#8087=ORIENTED_EDGE('',*,*,#6327,.F.);
#8088=ORIENTED_EDGE('',*,*,#6321,.F.);
#8089=ORIENTED_EDGE('',*,*,#6343,.T.);
#8090=ORIENTED_EDGE('',*,*,#6323,.F.);
#8091=ORIENTED_EDGE('',*,*,#6331,.F.);
#8092=ORIENTED_EDGE('',*,*,#6344,.T.);
#8093=ORIENTED_EDGE('',*,*,#6335,.F.);
#8094=ORIENTED_EDGE('',*,*,#6345,.F.);
#8095=ORIENTED_EDGE('',*,*,#6337,.F.);
#8096=ORIENTED_EDGE('',*,*,#6346,.T.);
#8097=ORIENTED_EDGE('',*,*,#6329,.F.);
#8098=ORIENTED_EDGE('',*,*,#6315,.F.);
#8099=ORIENTED_EDGE('',*,*,#6344,.F.);
#8100=ORIENTED_EDGE('',*,*,#6330,.F.);
#8101=ORIENTED_EDGE('',*,*,#6346,.F.);
#8102=ORIENTED_EDGE('',*,*,#6336,.F.);
#8103=ORIENTED_EDGE('',*,*,#6312,.F.);
#8104=ORIENTED_EDGE('',*,*,#6320,.F.);
#8105=ORIENTED_EDGE('',*,*,#6306,.F.);
#8106=ORIENTED_EDGE('',*,*,#6341,.F.);
#8107=ORIENTED_EDGE('',*,*,#6347,.T.);
#8108=ORIENTED_EDGE('',*,*,#6339,.F.);
#8109=ORIENTED_EDGE('',*,*,#6348,.F.);
#8110=ORIENTED_EDGE('',*,*,#6349,.T.);
#8111=ORIENTED_EDGE('',*,*,#6350,.T.);
#8112=ORIENTED_EDGE('',*,*,#6351,.F.);
#8113=ORIENTED_EDGE('',*,*,#6352,.F.);
#8114=ORIENTED_EDGE('',*,*,#6313,.T.);
#8115=ORIENTED_EDGE('',*,*,#6353,.T.);
#8116=ORIENTED_EDGE('',*,*,#6354,.F.);
#8117=ORIENTED_EDGE('',*,*,#6355,.F.);
#8118=ORIENTED_EDGE('',*,*,#6351,.T.);
#8119=ORIENTED_EDGE('',*,*,#6356,.T.);
#8120=ORIENTED_EDGE('',*,*,#6357,.F.);
#8121=ORIENTED_EDGE('',*,*,#6358,.F.);
#8122=ORIENTED_EDGE('',*,*,#6354,.T.);
#8123=ORIENTED_EDGE('',*,*,#6359,.T.);
#8124=ORIENTED_EDGE('',*,*,#6349,.F.);
#8125=ORIENTED_EDGE('',*,*,#6360,.F.);
#8126=ORIENTED_EDGE('',*,*,#6357,.T.);
#8127=ORIENTED_EDGE('',*,*,#6348,.T.);
#8128=ORIENTED_EDGE('',*,*,#6338,.T.);
#8129=ORIENTED_EDGE('',*,*,#6345,.T.);
#8130=ORIENTED_EDGE('',*,*,#6314,.T.);
#8131=ORIENTED_EDGE('',*,*,#6352,.T.);
#8132=ORIENTED_EDGE('',*,*,#6355,.T.);
#8133=ORIENTED_EDGE('',*,*,#6358,.T.);
#8134=ORIENTED_EDGE('',*,*,#6360,.T.);
#8135=ORIENTED_EDGE('',*,*,#6347,.F.);
#8136=ORIENTED_EDGE('',*,*,#6359,.F.);
#8137=ORIENTED_EDGE('',*,*,#6356,.F.);
#8138=ORIENTED_EDGE('',*,*,#6353,.F.);
#8139=ORIENTED_EDGE('',*,*,#6350,.F.);
#8140=ORIENTED_EDGE('',*,*,#6319,.F.);
#8141=ORIENTED_EDGE('',*,*,#6309,.F.);
#8142=ORIENTED_EDGE('',*,*,#6340,.F.);
#8143=ORIENTED_EDGE('',*,*,#6361,.F.);
#8144=ORIENTED_EDGE('',*,*,#6362,.F.);
#8145=ORIENTED_EDGE('',*,*,#6363,.T.);
#8146=ORIENTED_EDGE('',*,*,#6333,.T.);
#8147=ORIENTED_EDGE('',*,*,#6364,.F.);
#8148=ORIENTED_EDGE('',*,*,#6365,.F.);
#8149=ORIENTED_EDGE('',*,*,#6366,.T.);
#8150=ORIENTED_EDGE('',*,*,#6362,.T.);
#8151=ORIENTED_EDGE('',*,*,#6367,.F.);
#8152=ORIENTED_EDGE('',*,*,#6368,.F.);
#8153=ORIENTED_EDGE('',*,*,#6369,.T.);
#8154=ORIENTED_EDGE('',*,*,#6365,.T.);
#8155=ORIENTED_EDGE('',*,*,#6370,.F.);
#8156=ORIENTED_EDGE('',*,*,#6371,.F.);
#8157=ORIENTED_EDGE('',*,*,#6372,.T.);
#8158=ORIENTED_EDGE('',*,*,#6368,.T.);
#8159=ORIENTED_EDGE('',*,*,#6373,.F.);
#8160=ORIENTED_EDGE('',*,*,#6325,.F.);
#8161=ORIENTED_EDGE('',*,*,#6374,.T.);
#8162=ORIENTED_EDGE('',*,*,#6371,.T.);
#8163=ORIENTED_EDGE('',*,*,#6363,.F.);
#8164=ORIENTED_EDGE('',*,*,#6366,.F.);
#8165=ORIENTED_EDGE('',*,*,#6369,.F.);
#8166=ORIENTED_EDGE('',*,*,#6372,.F.);
#8167=ORIENTED_EDGE('',*,*,#6374,.F.);
#8168=ORIENTED_EDGE('',*,*,#6324,.F.);
#8169=ORIENTED_EDGE('',*,*,#6343,.F.);
#8170=ORIENTED_EDGE('',*,*,#6334,.F.);
#8171=ORIENTED_EDGE('',*,*,#6361,.T.);
#8172=ORIENTED_EDGE('',*,*,#6342,.T.);
#8173=ORIENTED_EDGE('',*,*,#6304,.T.);
#8174=ORIENTED_EDGE('',*,*,#6326,.T.);
#8175=ORIENTED_EDGE('',*,*,#6373,.T.);
#8176=ORIENTED_EDGE('',*,*,#6370,.T.);
#8177=ORIENTED_EDGE('',*,*,#6367,.T.);
#8178=ORIENTED_EDGE('',*,*,#6364,.T.);
#8179=ORIENTED_EDGE('',*,*,#6375,.T.);
#8180=ORIENTED_EDGE('',*,*,#6376,.F.);
#8181=ORIENTED_EDGE('',*,*,#6377,.F.);
#8182=ORIENTED_EDGE('',*,*,#6378,.T.);
#8183=ORIENTED_EDGE('',*,*,#6379,.T.);
#8184=ORIENTED_EDGE('',*,*,#6380,.F.);
#8185=ORIENTED_EDGE('',*,*,#6381,.F.);
#8186=ORIENTED_EDGE('',*,*,#6376,.T.);
#8187=ORIENTED_EDGE('',*,*,#6382,.T.);
#8188=ORIENTED_EDGE('',*,*,#6383,.F.);
#8189=ORIENTED_EDGE('',*,*,#6384,.F.);
#8190=ORIENTED_EDGE('',*,*,#6380,.T.);
#8191=ORIENTED_EDGE('',*,*,#6385,.T.);
#8192=ORIENTED_EDGE('',*,*,#6378,.F.);
#8193=ORIENTED_EDGE('',*,*,#6386,.F.);
#8194=ORIENTED_EDGE('',*,*,#6383,.T.);
#8195=ORIENTED_EDGE('',*,*,#6377,.T.);
#8196=ORIENTED_EDGE('',*,*,#6381,.T.);
#8197=ORIENTED_EDGE('',*,*,#6384,.T.);
#8198=ORIENTED_EDGE('',*,*,#6386,.T.);
#8199=ORIENTED_EDGE('',*,*,#6375,.F.);
#8200=ORIENTED_EDGE('',*,*,#6385,.F.);
#8201=ORIENTED_EDGE('',*,*,#6382,.F.);
#8202=ORIENTED_EDGE('',*,*,#6379,.F.);
#8203=ORIENTED_EDGE('',*,*,#6387,.T.);
#8204=ORIENTED_EDGE('',*,*,#6388,.F.);
#8205=ORIENTED_EDGE('',*,*,#6389,.F.);
#8206=ORIENTED_EDGE('',*,*,#6390,.T.);
#8207=ORIENTED_EDGE('',*,*,#6391,.T.);
#8208=ORIENTED_EDGE('',*,*,#6392,.F.);
#8209=ORIENTED_EDGE('',*,*,#6393,.F.);
#8210=ORIENTED_EDGE('',*,*,#6388,.T.);
#8211=ORIENTED_EDGE('',*,*,#6394,.T.);
#8212=ORIENTED_EDGE('',*,*,#6395,.F.);
#8213=ORIENTED_EDGE('',*,*,#6396,.F.);
#8214=ORIENTED_EDGE('',*,*,#6392,.T.);
#8215=ORIENTED_EDGE('',*,*,#6397,.T.);
#8216=ORIENTED_EDGE('',*,*,#6390,.F.);
#8217=ORIENTED_EDGE('',*,*,#6398,.F.);
#8218=ORIENTED_EDGE('',*,*,#6395,.T.);
#8219=ORIENTED_EDGE('',*,*,#6389,.T.);
#8220=ORIENTED_EDGE('',*,*,#6393,.T.);
#8221=ORIENTED_EDGE('',*,*,#6396,.T.);
#8222=ORIENTED_EDGE('',*,*,#6398,.T.);
#8223=ORIENTED_EDGE('',*,*,#6387,.F.);
#8224=ORIENTED_EDGE('',*,*,#6397,.F.);
#8225=ORIENTED_EDGE('',*,*,#6394,.F.);
#8226=ORIENTED_EDGE('',*,*,#6391,.F.);
#8227=ORIENTED_EDGE('',*,*,#6399,.T.);
#8228=ORIENTED_EDGE('',*,*,#6400,.F.);
#8229=ORIENTED_EDGE('',*,*,#6401,.F.);
#8230=ORIENTED_EDGE('',*,*,#6402,.T.);
#8231=ORIENTED_EDGE('',*,*,#6403,.T.);
#8232=ORIENTED_EDGE('',*,*,#6404,.F.);
#8233=ORIENTED_EDGE('',*,*,#6405,.F.);
#8234=ORIENTED_EDGE('',*,*,#6400,.T.);
#8235=ORIENTED_EDGE('',*,*,#6406,.T.);
#8236=ORIENTED_EDGE('',*,*,#6407,.F.);
#8237=ORIENTED_EDGE('',*,*,#6408,.F.);
#8238=ORIENTED_EDGE('',*,*,#6404,.T.);
#8239=ORIENTED_EDGE('',*,*,#6409,.T.);
#8240=ORIENTED_EDGE('',*,*,#6402,.F.);
#8241=ORIENTED_EDGE('',*,*,#6410,.F.);
#8242=ORIENTED_EDGE('',*,*,#6407,.T.);
#8243=ORIENTED_EDGE('',*,*,#6401,.T.);
#8244=ORIENTED_EDGE('',*,*,#6405,.T.);
#8245=ORIENTED_EDGE('',*,*,#6408,.T.);
#8246=ORIENTED_EDGE('',*,*,#6410,.T.);
#8247=ORIENTED_EDGE('',*,*,#6399,.F.);
#8248=ORIENTED_EDGE('',*,*,#6409,.F.);
#8249=ORIENTED_EDGE('',*,*,#6406,.F.);
#8250=ORIENTED_EDGE('',*,*,#6403,.F.);
#8251=ORIENTED_EDGE('',*,*,#6411,.T.);
#8252=ORIENTED_EDGE('',*,*,#6412,.F.);
#8253=ORIENTED_EDGE('',*,*,#6413,.F.);
#8254=ORIENTED_EDGE('',*,*,#6414,.T.);
#8255=ORIENTED_EDGE('',*,*,#6415,.T.);
#8256=ORIENTED_EDGE('',*,*,#6416,.F.);
#8257=ORIENTED_EDGE('',*,*,#6417,.F.);
#8258=ORIENTED_EDGE('',*,*,#6412,.T.);
#8259=ORIENTED_EDGE('',*,*,#6418,.T.);
#8260=ORIENTED_EDGE('',*,*,#6419,.F.);
#8261=ORIENTED_EDGE('',*,*,#6420,.F.);
#8262=ORIENTED_EDGE('',*,*,#6416,.T.);
#8263=ORIENTED_EDGE('',*,*,#6421,.T.);
#8264=ORIENTED_EDGE('',*,*,#6414,.F.);
#8265=ORIENTED_EDGE('',*,*,#6422,.F.);
#8266=ORIENTED_EDGE('',*,*,#6419,.T.);
#8267=ORIENTED_EDGE('',*,*,#6413,.T.);
#8268=ORIENTED_EDGE('',*,*,#6417,.T.);
#8269=ORIENTED_EDGE('',*,*,#6420,.T.);
#8270=ORIENTED_EDGE('',*,*,#6422,.T.);
#8271=ORIENTED_EDGE('',*,*,#6411,.F.);
#8272=ORIENTED_EDGE('',*,*,#6421,.F.);
#8273=ORIENTED_EDGE('',*,*,#6418,.F.);
#8274=ORIENTED_EDGE('',*,*,#6415,.F.);
#8275=ORIENTED_EDGE('',*,*,#6423,.T.);
#8276=ORIENTED_EDGE('',*,*,#6424,.F.);
#8277=ORIENTED_EDGE('',*,*,#6425,.F.);
#8278=ORIENTED_EDGE('',*,*,#6426,.T.);
#8279=ORIENTED_EDGE('',*,*,#6427,.T.);
#8280=ORIENTED_EDGE('',*,*,#6428,.F.);
#8281=ORIENTED_EDGE('',*,*,#6429,.F.);
#8282=ORIENTED_EDGE('',*,*,#6424,.T.);
#8283=ORIENTED_EDGE('',*,*,#6430,.T.);
#8284=ORIENTED_EDGE('',*,*,#6431,.F.);
#8285=ORIENTED_EDGE('',*,*,#6432,.F.);
#8286=ORIENTED_EDGE('',*,*,#6428,.T.);
#8287=ORIENTED_EDGE('',*,*,#6433,.T.);
#8288=ORIENTED_EDGE('',*,*,#6426,.F.);
#8289=ORIENTED_EDGE('',*,*,#6434,.F.);
#8290=ORIENTED_EDGE('',*,*,#6431,.T.);
#8291=ORIENTED_EDGE('',*,*,#6425,.T.);
#8292=ORIENTED_EDGE('',*,*,#6429,.T.);
#8293=ORIENTED_EDGE('',*,*,#6432,.T.);
#8294=ORIENTED_EDGE('',*,*,#6434,.T.);
#8295=ORIENTED_EDGE('',*,*,#6423,.F.);
#8296=ORIENTED_EDGE('',*,*,#6433,.F.);
#8297=ORIENTED_EDGE('',*,*,#6430,.F.);
#8298=ORIENTED_EDGE('',*,*,#6427,.F.);
#8299=ORIENTED_EDGE('',*,*,#6435,.T.);
#8300=ORIENTED_EDGE('',*,*,#6436,.F.);
#8301=ORIENTED_EDGE('',*,*,#6437,.F.);
#8302=ORIENTED_EDGE('',*,*,#6438,.T.);
#8303=ORIENTED_EDGE('',*,*,#6439,.T.);
#8304=ORIENTED_EDGE('',*,*,#6440,.F.);
#8305=ORIENTED_EDGE('',*,*,#6441,.F.);
#8306=ORIENTED_EDGE('',*,*,#6436,.T.);
#8307=ORIENTED_EDGE('',*,*,#6442,.T.);
#8308=ORIENTED_EDGE('',*,*,#6443,.F.);
#8309=ORIENTED_EDGE('',*,*,#6444,.F.);
#8310=ORIENTED_EDGE('',*,*,#6440,.T.);
#8311=ORIENTED_EDGE('',*,*,#6445,.T.);
#8312=ORIENTED_EDGE('',*,*,#6438,.F.);
#8313=ORIENTED_EDGE('',*,*,#6446,.F.);
#8314=ORIENTED_EDGE('',*,*,#6443,.T.);
#8315=ORIENTED_EDGE('',*,*,#6437,.T.);
#8316=ORIENTED_EDGE('',*,*,#6441,.T.);
#8317=ORIENTED_EDGE('',*,*,#6444,.T.);
#8318=ORIENTED_EDGE('',*,*,#6446,.T.);
#8319=ORIENTED_EDGE('',*,*,#6435,.F.);
#8320=ORIENTED_EDGE('',*,*,#6445,.F.);
#8321=ORIENTED_EDGE('',*,*,#6442,.F.);
#8322=ORIENTED_EDGE('',*,*,#6439,.F.);
#8323=ORIENTED_EDGE('',*,*,#6447,.T.);
#8324=ORIENTED_EDGE('',*,*,#6448,.F.);
#8325=ORIENTED_EDGE('',*,*,#6449,.F.);
#8326=ORIENTED_EDGE('',*,*,#6450,.T.);
#8327=ORIENTED_EDGE('',*,*,#6451,.T.);
#8328=ORIENTED_EDGE('',*,*,#6452,.F.);
#8329=ORIENTED_EDGE('',*,*,#6453,.F.);
#8330=ORIENTED_EDGE('',*,*,#6448,.T.);
#8331=ORIENTED_EDGE('',*,*,#6454,.T.);
#8332=ORIENTED_EDGE('',*,*,#6455,.F.);
#8333=ORIENTED_EDGE('',*,*,#6456,.F.);
#8334=ORIENTED_EDGE('',*,*,#6452,.T.);
#8335=ORIENTED_EDGE('',*,*,#6457,.T.);
#8336=ORIENTED_EDGE('',*,*,#6450,.F.);
#8337=ORIENTED_EDGE('',*,*,#6458,.F.);
#8338=ORIENTED_EDGE('',*,*,#6455,.T.);
#8339=ORIENTED_EDGE('',*,*,#6449,.T.);
#8340=ORIENTED_EDGE('',*,*,#6453,.T.);
#8341=ORIENTED_EDGE('',*,*,#6456,.T.);
#8342=ORIENTED_EDGE('',*,*,#6458,.T.);
#8343=ORIENTED_EDGE('',*,*,#6447,.F.);
#8344=ORIENTED_EDGE('',*,*,#6457,.F.);
#8345=ORIENTED_EDGE('',*,*,#6454,.F.);
#8346=ORIENTED_EDGE('',*,*,#6451,.F.);
#8347=ORIENTED_EDGE('',*,*,#6459,.T.);
#8348=ORIENTED_EDGE('',*,*,#6460,.F.);
#8349=ORIENTED_EDGE('',*,*,#6461,.F.);
#8350=ORIENTED_EDGE('',*,*,#6462,.T.);
#8351=ORIENTED_EDGE('',*,*,#6463,.T.);
#8352=ORIENTED_EDGE('',*,*,#6464,.F.);
#8353=ORIENTED_EDGE('',*,*,#6465,.F.);
#8354=ORIENTED_EDGE('',*,*,#6460,.T.);
#8355=ORIENTED_EDGE('',*,*,#6466,.T.);
#8356=ORIENTED_EDGE('',*,*,#6467,.F.);
#8357=ORIENTED_EDGE('',*,*,#6468,.F.);
#8358=ORIENTED_EDGE('',*,*,#6464,.T.);
#8359=ORIENTED_EDGE('',*,*,#6469,.T.);
#8360=ORIENTED_EDGE('',*,*,#6462,.F.);
#8361=ORIENTED_EDGE('',*,*,#6470,.F.);
#8362=ORIENTED_EDGE('',*,*,#6467,.T.);
#8363=ORIENTED_EDGE('',*,*,#6461,.T.);
#8364=ORIENTED_EDGE('',*,*,#6465,.T.);
#8365=ORIENTED_EDGE('',*,*,#6468,.T.);
#8366=ORIENTED_EDGE('',*,*,#6470,.T.);
#8367=ORIENTED_EDGE('',*,*,#6459,.F.);
#8368=ORIENTED_EDGE('',*,*,#6469,.F.);
#8369=ORIENTED_EDGE('',*,*,#6466,.F.);
#8370=ORIENTED_EDGE('',*,*,#6463,.F.);
#8371=ORIENTED_EDGE('',*,*,#6471,.T.);
#8372=ORIENTED_EDGE('',*,*,#6472,.F.);
#8373=ORIENTED_EDGE('',*,*,#6473,.F.);
#8374=ORIENTED_EDGE('',*,*,#6474,.T.);
#8375=ORIENTED_EDGE('',*,*,#6475,.T.);
#8376=ORIENTED_EDGE('',*,*,#6476,.F.);
#8377=ORIENTED_EDGE('',*,*,#6477,.F.);
#8378=ORIENTED_EDGE('',*,*,#6472,.T.);
#8379=ORIENTED_EDGE('',*,*,#6478,.T.);
#8380=ORIENTED_EDGE('',*,*,#6479,.F.);
#8381=ORIENTED_EDGE('',*,*,#6480,.F.);
#8382=ORIENTED_EDGE('',*,*,#6476,.T.);
#8383=ORIENTED_EDGE('',*,*,#6481,.T.);
#8384=ORIENTED_EDGE('',*,*,#6474,.F.);
#8385=ORIENTED_EDGE('',*,*,#6482,.F.);
#8386=ORIENTED_EDGE('',*,*,#6479,.T.);
#8387=ORIENTED_EDGE('',*,*,#6473,.T.);
#8388=ORIENTED_EDGE('',*,*,#6477,.T.);
#8389=ORIENTED_EDGE('',*,*,#6480,.T.);
#8390=ORIENTED_EDGE('',*,*,#6482,.T.);
#8391=ORIENTED_EDGE('',*,*,#6471,.F.);
#8392=ORIENTED_EDGE('',*,*,#6481,.F.);
#8393=ORIENTED_EDGE('',*,*,#6478,.F.);
#8394=ORIENTED_EDGE('',*,*,#6475,.F.);
#8395=ORIENTED_EDGE('',*,*,#6483,.F.);
#8396=ORIENTED_EDGE('',*,*,#6484,.T.);
#8397=ORIENTED_EDGE('',*,*,#6485,.F.);
#8398=ORIENTED_EDGE('',*,*,#6484,.F.);
#8399=ORIENTED_EDGE('',*,*,#6486,.F.);
#8400=ORIENTED_EDGE('',*,*,#6487,.T.);
#8401=ORIENTED_EDGE('',*,*,#6488,.F.);
#8402=ORIENTED_EDGE('',*,*,#6487,.F.);
#8403=ORIENTED_EDGE('',*,*,#6489,.T.);
#8404=ORIENTED_EDGE('',*,*,#6490,.T.);
#8405=ORIENTED_EDGE('',*,*,#6483,.T.);
#8406=ORIENTED_EDGE('',*,*,#6490,.F.);
#8407=ORIENTED_EDGE('',*,*,#6491,.T.);
#8408=ORIENTED_EDGE('',*,*,#6492,.T.);
#8409=ORIENTED_EDGE('',*,*,#6493,.T.);
#8410=ORIENTED_EDGE('',*,*,#6494,.T.);
#8411=ORIENTED_EDGE('',*,*,#6486,.T.);
#8412=ORIENTED_EDGE('',*,*,#6494,.F.);
#8413=ORIENTED_EDGE('',*,*,#6495,.T.);
#8414=ORIENTED_EDGE('',*,*,#6496,.T.);
#8415=ORIENTED_EDGE('',*,*,#6497,.F.);
#8416=ORIENTED_EDGE('',*,*,#6498,.F.);
#8417=ORIENTED_EDGE('',*,*,#6499,.F.);
#8418=ORIENTED_EDGE('',*,*,#6500,.F.);
#8419=ORIENTED_EDGE('',*,*,#6501,.F.);
#8420=ORIENTED_EDGE('',*,*,#6502,.F.);
#8421=ORIENTED_EDGE('',*,*,#6503,.F.);
#8422=ORIENTED_EDGE('',*,*,#6504,.F.);
#8423=ORIENTED_EDGE('',*,*,#6505,.F.);
#8424=ORIENTED_EDGE('',*,*,#6506,.F.);
#8425=ORIENTED_EDGE('',*,*,#6507,.F.);
#8426=ORIENTED_EDGE('',*,*,#6508,.F.);
#8427=ORIENTED_EDGE('',*,*,#6509,.F.);
#8428=ORIENTED_EDGE('',*,*,#6510,.F.);
#8429=ORIENTED_EDGE('',*,*,#6511,.F.);
#8430=ORIENTED_EDGE('',*,*,#6512,.F.);
#8431=ORIENTED_EDGE('',*,*,#6513,.F.);
#8432=ORIENTED_EDGE('',*,*,#6514,.F.);
#8433=ORIENTED_EDGE('',*,*,#6515,.F.);
#8434=ORIENTED_EDGE('',*,*,#6516,.F.);
#8435=ORIENTED_EDGE('',*,*,#6517,.F.);
#8436=ORIENTED_EDGE('',*,*,#6518,.F.);
#8437=ORIENTED_EDGE('',*,*,#6519,.T.);
#8438=ORIENTED_EDGE('',*,*,#6520,.F.);
#8439=ORIENTED_EDGE('',*,*,#6521,.F.);
#8440=ORIENTED_EDGE('',*,*,#6522,.F.);
#8441=ORIENTED_EDGE('',*,*,#6523,.F.);
#8442=ORIENTED_EDGE('',*,*,#6524,.F.);
#8443=ORIENTED_EDGE('',*,*,#6525,.F.);
#8444=ORIENTED_EDGE('',*,*,#6526,.F.);
#8445=ORIENTED_EDGE('',*,*,#6527,.F.);
#8446=ORIENTED_EDGE('',*,*,#6528,.F.);
#8447=ORIENTED_EDGE('',*,*,#6529,.F.);
#8448=ORIENTED_EDGE('',*,*,#6530,.F.);
#8449=ORIENTED_EDGE('',*,*,#6531,.F.);
#8450=ORIENTED_EDGE('',*,*,#6532,.F.);
#8451=ORIENTED_EDGE('',*,*,#6533,.F.);
#8452=ORIENTED_EDGE('',*,*,#6534,.F.);
#8453=ORIENTED_EDGE('',*,*,#6535,.F.);
#8454=ORIENTED_EDGE('',*,*,#6536,.F.);
#8455=ORIENTED_EDGE('',*,*,#6537,.F.);
#8456=ORIENTED_EDGE('',*,*,#6538,.F.);
#8457=ORIENTED_EDGE('',*,*,#6539,.F.);
#8458=ORIENTED_EDGE('',*,*,#6540,.F.);
#8459=ORIENTED_EDGE('',*,*,#6541,.F.);
#8460=ORIENTED_EDGE('',*,*,#6542,.F.);
#8461=ORIENTED_EDGE('',*,*,#6543,.F.);
#8462=ORIENTED_EDGE('',*,*,#6544,.F.);
#8463=ORIENTED_EDGE('',*,*,#6545,.F.);
#8464=ORIENTED_EDGE('',*,*,#6546,.T.);
#8465=ORIENTED_EDGE('',*,*,#6547,.T.);
#8466=ORIENTED_EDGE('',*,*,#6548,.T.);
#8467=ORIENTED_EDGE('',*,*,#6549,.F.);
#8468=ORIENTED_EDGE('',*,*,#6550,.T.);
#8469=ORIENTED_EDGE('',*,*,#6545,.T.);
#8470=ORIENTED_EDGE('',*,*,#6551,.T.);
#8471=ORIENTED_EDGE('',*,*,#6552,.F.);
#8472=ORIENTED_EDGE('',*,*,#6553,.T.);
#8473=ORIENTED_EDGE('',*,*,#6554,.F.);
#8474=ORIENTED_EDGE('',*,*,#6555,.T.);
#8475=ORIENTED_EDGE('',*,*,#6556,.F.);
#8476=ORIENTED_EDGE('',*,*,#6557,.T.);
#8477=ORIENTED_EDGE('',*,*,#6558,.F.);
#8478=ORIENTED_EDGE('',*,*,#6559,.T.);
#8479=ORIENTED_EDGE('',*,*,#6549,.T.);
#8480=ORIENTED_EDGE('',*,*,#6560,.T.);
#8481=ORIENTED_EDGE('',*,*,#6561,.F.);
#8482=ORIENTED_EDGE('',*,*,#6562,.T.);
#8483=ORIENTED_EDGE('',*,*,#6563,.T.);
#8484=ORIENTED_EDGE('',*,*,#6564,.T.);
#8485=ORIENTED_EDGE('',*,*,#6565,.F.);
#8486=ORIENTED_EDGE('',*,*,#6566,.T.);
#8487=ORIENTED_EDGE('',*,*,#6561,.T.);
#8488=ORIENTED_EDGE('',*,*,#6567,.T.);
#8489=ORIENTED_EDGE('',*,*,#6568,.F.);
#8490=ORIENTED_EDGE('',*,*,#6569,.T.);
#8491=ORIENTED_EDGE('',*,*,#6565,.T.);
#8492=ORIENTED_EDGE('',*,*,#6570,.T.);
#8493=ORIENTED_EDGE('',*,*,#6547,.F.);
#8494=ORIENTED_EDGE('',*,*,#6571,.T.);
#8495=ORIENTED_EDGE('',*,*,#6568,.T.);
#8496=ORIENTED_EDGE('',*,*,#6572,.T.);
#8497=ORIENTED_EDGE('',*,*,#6573,.T.);
#8498=ORIENTED_EDGE('',*,*,#6574,.T.);
#8499=ORIENTED_EDGE('',*,*,#6575,.T.);
#8500=ORIENTED_EDGE('',*,*,#6563,.F.);
#8501=ORIENTED_EDGE('',*,*,#6576,.T.);
#8502=ORIENTED_EDGE('',*,*,#6558,.T.);
#8503=ORIENTED_EDGE('',*,*,#6577,.T.);
#8504=ORIENTED_EDGE('',*,*,#6578,.T.);
#8505=ORIENTED_EDGE('',*,*,#6579,.T.);
#8506=ORIENTED_EDGE('',*,*,#6580,.T.);
#8507=ORIENTED_EDGE('',*,*,#6581,.T.);
#8508=ORIENTED_EDGE('',*,*,#6582,.T.);
#8509=ORIENTED_EDGE('',*,*,#6583,.T.);
#8510=ORIENTED_EDGE('',*,*,#6584,.T.);
#8511=ORIENTED_EDGE('',*,*,#6585,.T.);
#8512=ORIENTED_EDGE('',*,*,#6586,.T.);
#8513=ORIENTED_EDGE('',*,*,#6587,.T.);
#8514=ORIENTED_EDGE('',*,*,#6588,.T.);
#8515=ORIENTED_EDGE('',*,*,#6589,.F.);
#8516=ORIENTED_EDGE('',*,*,#6590,.F.);
#8517=ORIENTED_EDGE('',*,*,#6591,.F.);
#8518=ORIENTED_EDGE('',*,*,#6544,.T.);
#8519=ORIENTED_EDGE('',*,*,#6592,.F.);
#8520=ORIENTED_EDGE('',*,*,#6593,.T.);
#8521=ORIENTED_EDGE('',*,*,#6594,.F.);
#8522=ORIENTED_EDGE('',*,*,#6538,.T.);
#8523=ORIENTED_EDGE('',*,*,#6595,.F.);
#8524=ORIENTED_EDGE('',*,*,#6596,.T.);
#8525=ORIENTED_EDGE('',*,*,#6597,.F.);
#8526=ORIENTED_EDGE('',*,*,#6534,.T.);
#8527=ORIENTED_EDGE('',*,*,#6598,.F.);
#8528=ORIENTED_EDGE('',*,*,#6599,.T.);
#8529=ORIENTED_EDGE('',*,*,#6600,.F.);
#8530=ORIENTED_EDGE('',*,*,#6530,.T.);
#8531=ORIENTED_EDGE('',*,*,#6601,.F.);
#8532=ORIENTED_EDGE('',*,*,#6602,.T.);
#8533=ORIENTED_EDGE('',*,*,#6603,.F.);
#8534=ORIENTED_EDGE('',*,*,#6526,.T.);
#8535=ORIENTED_EDGE('',*,*,#6604,.F.);
#8536=ORIENTED_EDGE('',*,*,#6605,.T.);
#8537=ORIENTED_EDGE('',*,*,#6606,.F.);
#8538=ORIENTED_EDGE('',*,*,#6522,.T.);
#8539=ORIENTED_EDGE('',*,*,#6607,.F.);
#8540=ORIENTED_EDGE('',*,*,#6608,.T.);
#8541=ORIENTED_EDGE('',*,*,#6609,.F.);
#8542=ORIENTED_EDGE('',*,*,#6610,.T.);
#8543=ORIENTED_EDGE('',*,*,#6611,.T.);
#8544=ORIENTED_EDGE('',*,*,#6612,.T.);
#8545=ORIENTED_EDGE('',*,*,#6613,.T.);
#8546=ORIENTED_EDGE('',*,*,#6614,.T.);
#8547=ORIENTED_EDGE('',*,*,#6615,.T.);
#8548=ORIENTED_EDGE('',*,*,#6518,.T.);
#8549=ORIENTED_EDGE('',*,*,#6616,.F.);
#8550=ORIENTED_EDGE('',*,*,#6617,.F.);
#8551=ORIENTED_EDGE('',*,*,#6618,.F.);
#8552=ORIENTED_EDGE('',*,*,#6502,.T.);
#8553=ORIENTED_EDGE('',*,*,#6619,.F.);
#8554=ORIENTED_EDGE('',*,*,#6620,.F.);
#8555=ORIENTED_EDGE('',*,*,#6621,.F.);
#8556=ORIENTED_EDGE('',*,*,#6516,.T.);
#8557=ORIENTED_EDGE('',*,*,#6622,.F.);
#8558=ORIENTED_EDGE('',*,*,#6623,.F.);
#8559=ORIENTED_EDGE('',*,*,#6624,.F.);
#8560=ORIENTED_EDGE('',*,*,#6510,.T.);
#8561=ORIENTED_EDGE('',*,*,#6625,.F.);
#8562=ORIENTED_EDGE('',*,*,#6626,.F.);
#8563=ORIENTED_EDGE('',*,*,#6627,.F.);
#8564=ORIENTED_EDGE('',*,*,#6506,.T.);
#8565=ORIENTED_EDGE('',*,*,#6628,.F.);
#8566=ORIENTED_EDGE('',*,*,#6629,.F.);
#8567=ORIENTED_EDGE('',*,*,#6630,.F.);
#8568=ORIENTED_EDGE('',*,*,#6498,.T.);
#8569=ORIENTED_EDGE('',*,*,#6631,.T.);
#8570=ORIENTED_EDGE('',*,*,#6632,.T.);
#8571=ORIENTED_EDGE('',*,*,#6633,.T.);
#8572=ORIENTED_EDGE('',*,*,#6634,.T.);
#8573=ORIENTED_EDGE('',*,*,#6635,.T.);
#8574=ORIENTED_EDGE('',*,*,#6636,.T.);
#8575=ORIENTED_EDGE('',*,*,#6637,.T.);
#8576=ORIENTED_EDGE('',*,*,#6638,.T.);
#8577=ORIENTED_EDGE('',*,*,#6639,.T.);
#8578=ORIENTED_EDGE('',*,*,#6640,.T.);
#8579=ORIENTED_EDGE('',*,*,#6641,.T.);
#8580=ORIENTED_EDGE('',*,*,#6554,.T.);
#8581=ORIENTED_EDGE('',*,*,#6642,.T.);
#8582=ORIENTED_EDGE('',*,*,#6643,.T.);
#8583=ORIENTED_EDGE('',*,*,#6644,.T.);
#8584=ORIENTED_EDGE('',*,*,#6645,.T.);
#8585=ORIENTED_EDGE('',*,*,#6646,.T.);
#8586=ORIENTED_EDGE('',*,*,#6647,.T.);
#8587=ORIENTED_EDGE('',*,*,#6648,.T.);
#8588=ORIENTED_EDGE('',*,*,#6649,.T.);
#8589=ORIENTED_EDGE('',*,*,#6650,.T.);
#8590=ORIENTED_EDGE('',*,*,#6651,.T.);
#8591=ORIENTED_EDGE('',*,*,#6652,.F.);
#8592=ORIENTED_EDGE('',*,*,#6653,.F.);
#8593=ORIENTED_EDGE('',*,*,#6500,.T.);
#8594=ORIENTED_EDGE('',*,*,#6654,.F.);
#8595=ORIENTED_EDGE('',*,*,#6655,.F.);
#8596=ORIENTED_EDGE('',*,*,#6656,.F.);
#8597=ORIENTED_EDGE('',*,*,#6508,.T.);
#8598=ORIENTED_EDGE('',*,*,#6657,.F.);
#8599=ORIENTED_EDGE('',*,*,#6658,.F.);
#8600=ORIENTED_EDGE('',*,*,#6659,.F.);
#8601=ORIENTED_EDGE('',*,*,#6512,.T.);
#8602=ORIENTED_EDGE('',*,*,#6660,.F.);
#8603=ORIENTED_EDGE('',*,*,#6661,.F.);
#8604=ORIENTED_EDGE('',*,*,#6662,.F.);
#8605=ORIENTED_EDGE('',*,*,#6514,.T.);
#8606=ORIENTED_EDGE('',*,*,#6663,.F.);
#8607=ORIENTED_EDGE('',*,*,#6664,.F.);
#8608=ORIENTED_EDGE('',*,*,#6665,.F.);
#8609=ORIENTED_EDGE('',*,*,#6504,.T.);
#8610=ORIENTED_EDGE('',*,*,#6666,.F.);
#8611=ORIENTED_EDGE('',*,*,#6667,.F.);
#8612=ORIENTED_EDGE('',*,*,#6668,.F.);
#8613=ORIENTED_EDGE('',*,*,#6520,.T.);
#8614=ORIENTED_EDGE('',*,*,#6669,.T.);
#8615=ORIENTED_EDGE('',*,*,#6670,.T.);
#8616=ORIENTED_EDGE('',*,*,#6495,.F.);
#8617=ORIENTED_EDGE('',*,*,#6493,.F.);
#8618=ORIENTED_EDGE('',*,*,#6671,.T.);
#8619=ORIENTED_EDGE('',*,*,#6672,.T.);
#8620=ORIENTED_EDGE('',*,*,#6673,.F.);
#8621=ORIENTED_EDGE('',*,*,#6674,.T.);
#8622=ORIENTED_EDGE('',*,*,#6675,.F.);
#8623=ORIENTED_EDGE('',*,*,#6676,.T.);
#8624=ORIENTED_EDGE('',*,*,#6677,.T.);
#8625=ORIENTED_EDGE('',*,*,#6491,.F.);
#8626=ORIENTED_EDGE('',*,*,#6489,.F.);
#8627=ORIENTED_EDGE('',*,*,#6678,.T.);
#8628=ORIENTED_EDGE('',*,*,#6679,.T.);
#8629=ORIENTED_EDGE('',*,*,#6680,.T.);
#8630=ORIENTED_EDGE('',*,*,#6681,.F.);
#8631=ORIENTED_EDGE('',*,*,#6682,.F.);
#8632=ORIENTED_EDGE('',*,*,#6683,.F.);
#8633=ORIENTED_EDGE('',*,*,#6524,.T.);
#8634=ORIENTED_EDGE('',*,*,#6684,.F.);
#8635=ORIENTED_EDGE('',*,*,#6685,.F.);
#8636=ORIENTED_EDGE('',*,*,#6686,.F.);
#8637=ORIENTED_EDGE('',*,*,#6528,.T.);
#8638=ORIENTED_EDGE('',*,*,#6687,.F.);
#8639=ORIENTED_EDGE('',*,*,#6688,.F.);
#8640=ORIENTED_EDGE('',*,*,#6689,.F.);
#8641=ORIENTED_EDGE('',*,*,#6532,.T.);
#8642=ORIENTED_EDGE('',*,*,#6690,.F.);
#8643=ORIENTED_EDGE('',*,*,#6691,.F.);
#8644=ORIENTED_EDGE('',*,*,#6692,.F.);
#8645=ORIENTED_EDGE('',*,*,#6536,.T.);
#8646=ORIENTED_EDGE('',*,*,#6693,.F.);
#8647=ORIENTED_EDGE('',*,*,#6694,.F.);
#8648=ORIENTED_EDGE('',*,*,#6695,.F.);
#8649=ORIENTED_EDGE('',*,*,#6540,.T.);
#8650=ORIENTED_EDGE('',*,*,#6696,.F.);
#8651=ORIENTED_EDGE('',*,*,#6697,.F.);
#8652=ORIENTED_EDGE('',*,*,#6698,.F.);
#8653=ORIENTED_EDGE('',*,*,#6542,.T.);
#8654=ORIENTED_EDGE('',*,*,#6699,.F.);
#8655=ORIENTED_EDGE('',*,*,#6700,.F.);
#8656=ORIENTED_EDGE('',*,*,#6564,.F.);
#8657=ORIENTED_EDGE('',*,*,#6701,.F.);
#8658=ORIENTED_EDGE('',*,*,#6614,.F.);
#8659=ORIENTED_EDGE('',*,*,#6702,.F.);
#8660=ORIENTED_EDGE('',*,*,#6577,.F.);
#8661=ORIENTED_EDGE('',*,*,#6703,.F.);
#8662=ORIENTED_EDGE('',*,*,#6701,.T.);
#8663=ORIENTED_EDGE('',*,*,#6580,.F.);
#8664=ORIENTED_EDGE('',*,*,#6704,.F.);
#8665=ORIENTED_EDGE('',*,*,#6615,.F.);
#8666=ORIENTED_EDGE('',*,*,#6700,.T.);
#8667=ORIENTED_EDGE('',*,*,#6613,.F.);
#8668=ORIENTED_EDGE('',*,*,#6705,.F.);
#8669=ORIENTED_EDGE('',*,*,#6567,.F.);
#8670=ORIENTED_EDGE('',*,*,#6647,.F.);
#8671=ORIENTED_EDGE('',*,*,#6703,.T.);
#8672=ORIENTED_EDGE('',*,*,#6560,.F.);
#8673=ORIENTED_EDGE('',*,*,#6706,.F.);
#8674=ORIENTED_EDGE('',*,*,#6702,.T.);
#8675=ORIENTED_EDGE('',*,*,#6651,.F.);
#8676=ORIENTED_EDGE('',*,*,#6707,.F.);
#8677=ORIENTED_EDGE('',*,*,#6578,.F.);
#8678=ORIENTED_EDGE('',*,*,#6708,.F.);
#8679=ORIENTED_EDGE('',*,*,#6579,.F.);
#8680=ORIENTED_EDGE('',*,*,#6709,.F.);
#8681=ORIENTED_EDGE('',*,*,#6669,.F.);
#8682=ORIENTED_EDGE('',*,*,#6704,.T.);
#8683=ORIENTED_EDGE('',*,*,#6708,.T.);
#8684=ORIENTED_EDGE('',*,*,#6519,.F.);
#8685=ORIENTED_EDGE('',*,*,#6705,.T.);
#8686=ORIENTED_EDGE('',*,*,#6612,.F.);
#8687=ORIENTED_EDGE('',*,*,#6710,.F.);
#8688=ORIENTED_EDGE('',*,*,#6570,.F.);
#8689=ORIENTED_EDGE('',*,*,#6648,.F.);
#8690=ORIENTED_EDGE('',*,*,#6706,.T.);
#8691=ORIENTED_EDGE('',*,*,#6557,.F.);
#8692=ORIENTED_EDGE('',*,*,#6711,.F.);
#8693=ORIENTED_EDGE('',*,*,#6709,.T.);
#8694=ORIENTED_EDGE('',*,*,#6707,.T.);
#8695=ORIENTED_EDGE('',*,*,#6712,.F.);
#8696=ORIENTED_EDGE('',*,*,#6713,.F.);
#8697=ORIENTED_EDGE('',*,*,#6680,.F.);
#8698=ORIENTED_EDGE('',*,*,#6714,.F.);
#8699=ORIENTED_EDGE('',*,*,#6610,.F.);
#8700=ORIENTED_EDGE('',*,*,#6710,.T.);
#8701=ORIENTED_EDGE('',*,*,#6611,.F.);
#8702=ORIENTED_EDGE('',*,*,#6715,.F.);
#8703=ORIENTED_EDGE('',*,*,#6572,.F.);
#8704=ORIENTED_EDGE('',*,*,#6556,.T.);
#8705=ORIENTED_EDGE('',*,*,#6716,.F.);
#8706=ORIENTED_EDGE('',*,*,#6717,.F.);
#8707=ORIENTED_EDGE('',*,*,#6711,.T.);
#8708=ORIENTED_EDGE('',*,*,#6717,.T.);
#8709=ORIENTED_EDGE('',*,*,#6643,.F.);
#8710=ORIENTED_EDGE('',*,*,#6718,.F.);
#8711=ORIENTED_EDGE('',*,*,#6649,.F.);
#8712=ORIENTED_EDGE('',*,*,#6712,.T.);
#8713=ORIENTED_EDGE('',*,*,#6650,.F.);
#8714=ORIENTED_EDGE('',*,*,#6719,.F.);
#8715=ORIENTED_EDGE('',*,*,#6671,.F.);
#8716=ORIENTED_EDGE('',*,*,#6720,.F.);
#8717=ORIENTED_EDGE('',*,*,#6670,.F.);
#8718=ORIENTED_EDGE('',*,*,#6715,.T.);
#8719=ORIENTED_EDGE('',*,*,#6714,.T.);
#8720=ORIENTED_EDGE('',*,*,#6721,.F.);
#8721=ORIENTED_EDGE('',*,*,#6644,.F.);
#8722=ORIENTED_EDGE('',*,*,#6716,.T.);
#8723=ORIENTED_EDGE('',*,*,#6555,.F.);
#8724=ORIENTED_EDGE('',*,*,#6722,.F.);
#8725=ORIENTED_EDGE('',*,*,#6719,.T.);
#8726=ORIENTED_EDGE('',*,*,#6718,.T.);
#8727=ORIENTED_EDGE('',*,*,#6723,.F.);
#8728=ORIENTED_EDGE('',*,*,#6721,.T.);
#8729=ORIENTED_EDGE('',*,*,#6679,.F.);
#8730=ORIENTED_EDGE('',*,*,#6724,.F.);
#8731=ORIENTED_EDGE('',*,*,#6573,.F.);
#8732=ORIENTED_EDGE('',*,*,#6645,.F.);
#8733=ORIENTED_EDGE('',*,*,#6722,.T.);
#8734=ORIENTED_EDGE('',*,*,#6641,.F.);
#8735=ORIENTED_EDGE('',*,*,#6725,.F.);
#8736=ORIENTED_EDGE('',*,*,#6723,.T.);
#8737=ORIENTED_EDGE('',*,*,#6646,.F.);
#8738=ORIENTED_EDGE('',*,*,#6726,.F.);
#8739=ORIENTED_EDGE('',*,*,#6672,.F.);
#8740=ORIENTED_EDGE('',*,*,#6727,.F.);
#8741=ORIENTED_EDGE('',*,*,#6728,.F.);
#8742=ORIENTED_EDGE('',*,*,#6724,.T.);
#8743=ORIENTED_EDGE('',*,*,#6728,.T.);
#8744=ORIENTED_EDGE('',*,*,#6633,.F.);
#8745=ORIENTED_EDGE('',*,*,#6729,.F.);
#8746=ORIENTED_EDGE('',*,*,#6574,.F.);
#8747=ORIENTED_EDGE('',*,*,#6726,.T.);
#8748=ORIENTED_EDGE('',*,*,#6725,.T.);
#8749=ORIENTED_EDGE('',*,*,#6730,.F.);
#8750=ORIENTED_EDGE('',*,*,#6673,.T.);
#8751=ORIENTED_EDGE('',*,*,#6727,.T.);
#8752=ORIENTED_EDGE('',*,*,#6678,.F.);
#8753=ORIENTED_EDGE('',*,*,#6731,.F.);
#8754=ORIENTED_EDGE('',*,*,#6677,.F.);
#8755=ORIENTED_EDGE('',*,*,#6732,.F.);
#8756=ORIENTED_EDGE('',*,*,#6634,.F.);
#8757=ORIENTED_EDGE('',*,*,#6575,.F.);
#8758=ORIENTED_EDGE('',*,*,#6729,.T.);
#8759=ORIENTED_EDGE('',*,*,#6733,.F.);
#8760=ORIENTED_EDGE('',*,*,#6730,.T.);
#8761=ORIENTED_EDGE('',*,*,#6640,.F.);
#8762=ORIENTED_EDGE('',*,*,#6734,.F.);
#8763=ORIENTED_EDGE('',*,*,#6674,.F.);
#8764=ORIENTED_EDGE('',*,*,#6735,.F.);
#8765=ORIENTED_EDGE('',*,*,#6676,.F.);
#8766=ORIENTED_EDGE('',*,*,#6736,.F.);
#8767=ORIENTED_EDGE('',*,*,#6639,.F.);
#8768=ORIENTED_EDGE('',*,*,#6732,.T.);
#8769=ORIENTED_EDGE('',*,*,#6735,.T.);
#8770=ORIENTED_EDGE('',*,*,#6737,.F.);
#8771=ORIENTED_EDGE('',*,*,#6548,.F.);
#8772=ORIENTED_EDGE('',*,*,#6733,.T.);
#8773=ORIENTED_EDGE('',*,*,#6632,.F.);
#8774=ORIENTED_EDGE('',*,*,#6738,.F.);
#8775=ORIENTED_EDGE('',*,*,#6675,.T.);
#8776=ORIENTED_EDGE('',*,*,#6734,.T.);
#8777=ORIENTED_EDGE('',*,*,#6739,.F.);
#8778=ORIENTED_EDGE('',*,*,#6736,.T.);
#8779=ORIENTED_EDGE('',*,*,#6737,.T.);
#8780=ORIENTED_EDGE('',*,*,#6638,.F.);
#8781=ORIENTED_EDGE('',*,*,#6740,.F.);
#8782=ORIENTED_EDGE('',*,*,#6635,.F.);
#8783=ORIENTED_EDGE('',*,*,#6551,.F.);
#8784=ORIENTED_EDGE('',*,*,#6738,.T.);
#8785=ORIENTED_EDGE('',*,*,#6631,.F.);
#8786=ORIENTED_EDGE('',*,*,#6741,.F.);
#8787=ORIENTED_EDGE('',*,*,#6636,.F.);
#8788=ORIENTED_EDGE('',*,*,#6739,.T.);
#8789=ORIENTED_EDGE('',*,*,#6642,.F.);
#8790=ORIENTED_EDGE('',*,*,#6742,.F.);
#8791=ORIENTED_EDGE('',*,*,#6552,.T.);
#8792=ORIENTED_EDGE('',*,*,#6741,.T.);
#8793=ORIENTED_EDGE('',*,*,#6740,.T.);
#8794=ORIENTED_EDGE('',*,*,#6743,.F.);
#8795=ORIENTED_EDGE('',*,*,#6637,.F.);
#8796=ORIENTED_EDGE('',*,*,#6742,.T.);
#8797=ORIENTED_EDGE('',*,*,#6553,.F.);
#8798=ORIENTED_EDGE('',*,*,#6743,.T.);
#8799=ORIENTED_EDGE('',*,*,#6744,.F.);
#8800=ORIENTED_EDGE('',*,*,#6585,.F.);
#8801=ORIENTED_EDGE('',*,*,#6745,.F.);
#8802=ORIENTED_EDGE('',*,*,#6546,.F.);
#8803=ORIENTED_EDGE('',*,*,#6745,.T.);
#8804=ORIENTED_EDGE('',*,*,#6584,.F.);
#8805=ORIENTED_EDGE('',*,*,#6746,.F.);
#8806=ORIENTED_EDGE('',*,*,#6571,.F.);
#8807=ORIENTED_EDGE('',*,*,#6744,.T.);
#8808=ORIENTED_EDGE('',*,*,#6550,.F.);
#8809=ORIENTED_EDGE('',*,*,#6747,.F.);
#8810=ORIENTED_EDGE('',*,*,#6586,.F.);
#8811=ORIENTED_EDGE('',*,*,#6746,.T.);
#8812=ORIENTED_EDGE('',*,*,#6583,.F.);
#8813=ORIENTED_EDGE('',*,*,#6748,.F.);
#8814=ORIENTED_EDGE('',*,*,#6569,.F.);
#8815=ORIENTED_EDGE('',*,*,#6747,.T.);
#8816=ORIENTED_EDGE('',*,*,#6559,.F.);
#8817=ORIENTED_EDGE('',*,*,#6749,.F.);
#8818=ORIENTED_EDGE('',*,*,#6587,.F.);
#8819=ORIENTED_EDGE('',*,*,#6748,.T.);
#8820=ORIENTED_EDGE('',*,*,#6582,.F.);
#8821=ORIENTED_EDGE('',*,*,#6750,.F.);
#8822=ORIENTED_EDGE('',*,*,#6566,.F.);
#8823=ORIENTED_EDGE('',*,*,#6749,.T.);
#8824=ORIENTED_EDGE('',*,*,#6576,.F.);
#8825=ORIENTED_EDGE('',*,*,#6751,.F.);
#8826=ORIENTED_EDGE('',*,*,#6588,.F.);
#8827=ORIENTED_EDGE('',*,*,#6750,.T.);
#8828=ORIENTED_EDGE('',*,*,#6581,.F.);
#8829=ORIENTED_EDGE('',*,*,#6751,.T.);
#8830=ORIENTED_EDGE('',*,*,#6562,.F.);
#8831=ORIENTED_EDGE('',*,*,#6496,.F.);
#8832=ORIENTED_EDGE('',*,*,#6720,.T.);
#8833=ORIENTED_EDGE('',*,*,#6488,.T.);
#8834=ORIENTED_EDGE('',*,*,#6485,.T.);
#8835=ORIENTED_EDGE('',*,*,#6492,.F.);
#8836=ORIENTED_EDGE('',*,*,#6731,.T.);
#8837=ORIENTED_EDGE('',*,*,#6592,.T.);
#8838=ORIENTED_EDGE('',*,*,#6543,.T.);
#8839=ORIENTED_EDGE('',*,*,#6698,.T.);
#8840=ORIENTED_EDGE('',*,*,#6752,.F.);
#8841=ORIENTED_EDGE('',*,*,#6753,.F.);
#8842=ORIENTED_EDGE('',*,*,#6594,.T.);
#8843=ORIENTED_EDGE('',*,*,#6754,.F.);
#8844=ORIENTED_EDGE('',*,*,#6755,.T.);
#8845=ORIENTED_EDGE('',*,*,#6696,.T.);
#8846=ORIENTED_EDGE('',*,*,#6539,.T.);
#8847=ORIENTED_EDGE('',*,*,#6697,.T.);
#8848=ORIENTED_EDGE('',*,*,#6755,.F.);
#8849=ORIENTED_EDGE('',*,*,#6756,.F.);
#8850=ORIENTED_EDGE('',*,*,#6752,.T.);
#8851=ORIENTED_EDGE('',*,*,#6753,.T.);
#8852=ORIENTED_EDGE('',*,*,#6756,.T.);
#8853=ORIENTED_EDGE('',*,*,#6754,.T.);
#8854=ORIENTED_EDGE('',*,*,#6593,.F.);
#8855=ORIENTED_EDGE('',*,*,#6595,.T.);
#8856=ORIENTED_EDGE('',*,*,#6537,.T.);
#8857=ORIENTED_EDGE('',*,*,#6695,.T.);
#8858=ORIENTED_EDGE('',*,*,#6757,.F.);
#8859=ORIENTED_EDGE('',*,*,#6758,.F.);
#8860=ORIENTED_EDGE('',*,*,#6597,.T.);
#8861=ORIENTED_EDGE('',*,*,#6759,.F.);
#8862=ORIENTED_EDGE('',*,*,#6760,.T.);
#8863=ORIENTED_EDGE('',*,*,#6693,.T.);
#8864=ORIENTED_EDGE('',*,*,#6535,.T.);
#8865=ORIENTED_EDGE('',*,*,#6694,.T.);
#8866=ORIENTED_EDGE('',*,*,#6760,.F.);
#8867=ORIENTED_EDGE('',*,*,#6761,.F.);
#8868=ORIENTED_EDGE('',*,*,#6757,.T.);
#8869=ORIENTED_EDGE('',*,*,#6758,.T.);
#8870=ORIENTED_EDGE('',*,*,#6761,.T.);
#8871=ORIENTED_EDGE('',*,*,#6759,.T.);
#8872=ORIENTED_EDGE('',*,*,#6596,.F.);
#8873=ORIENTED_EDGE('',*,*,#6598,.T.);
#8874=ORIENTED_EDGE('',*,*,#6533,.T.);
#8875=ORIENTED_EDGE('',*,*,#6692,.T.);
#8876=ORIENTED_EDGE('',*,*,#6762,.F.);
#8877=ORIENTED_EDGE('',*,*,#6763,.F.);
#8878=ORIENTED_EDGE('',*,*,#6600,.T.);
#8879=ORIENTED_EDGE('',*,*,#6764,.F.);
#8880=ORIENTED_EDGE('',*,*,#6765,.T.);
#8881=ORIENTED_EDGE('',*,*,#6690,.T.);
#8882=ORIENTED_EDGE('',*,*,#6531,.T.);
#8883=ORIENTED_EDGE('',*,*,#6691,.T.);
#8884=ORIENTED_EDGE('',*,*,#6765,.F.);
#8885=ORIENTED_EDGE('',*,*,#6766,.F.);
#8886=ORIENTED_EDGE('',*,*,#6762,.T.);
#8887=ORIENTED_EDGE('',*,*,#6763,.T.);
#8888=ORIENTED_EDGE('',*,*,#6766,.T.);
#8889=ORIENTED_EDGE('',*,*,#6764,.T.);
#8890=ORIENTED_EDGE('',*,*,#6599,.F.);
#8891=ORIENTED_EDGE('',*,*,#6601,.T.);
#8892=ORIENTED_EDGE('',*,*,#6529,.T.);
#8893=ORIENTED_EDGE('',*,*,#6689,.T.);
#8894=ORIENTED_EDGE('',*,*,#6767,.F.);
#8895=ORIENTED_EDGE('',*,*,#6768,.F.);
#8896=ORIENTED_EDGE('',*,*,#6603,.T.);
#8897=ORIENTED_EDGE('',*,*,#6769,.F.);
#8898=ORIENTED_EDGE('',*,*,#6770,.T.);
#8899=ORIENTED_EDGE('',*,*,#6687,.T.);
#8900=ORIENTED_EDGE('',*,*,#6527,.T.);
#8901=ORIENTED_EDGE('',*,*,#6688,.T.);
#8902=ORIENTED_EDGE('',*,*,#6770,.F.);
#8903=ORIENTED_EDGE('',*,*,#6771,.F.);
#8904=ORIENTED_EDGE('',*,*,#6767,.T.);
#8905=ORIENTED_EDGE('',*,*,#6768,.T.);
#8906=ORIENTED_EDGE('',*,*,#6771,.T.);
#8907=ORIENTED_EDGE('',*,*,#6769,.T.);
#8908=ORIENTED_EDGE('',*,*,#6602,.F.);
#8909=ORIENTED_EDGE('',*,*,#6604,.T.);
#8910=ORIENTED_EDGE('',*,*,#6525,.T.);
#8911=ORIENTED_EDGE('',*,*,#6686,.T.);
#8912=ORIENTED_EDGE('',*,*,#6772,.F.);
#8913=ORIENTED_EDGE('',*,*,#6773,.F.);
#8914=ORIENTED_EDGE('',*,*,#6606,.T.);
#8915=ORIENTED_EDGE('',*,*,#6774,.F.);
#8916=ORIENTED_EDGE('',*,*,#6775,.T.);
#8917=ORIENTED_EDGE('',*,*,#6684,.T.);
#8918=ORIENTED_EDGE('',*,*,#6523,.T.);
#8919=ORIENTED_EDGE('',*,*,#6685,.T.);
#8920=ORIENTED_EDGE('',*,*,#6775,.F.);
#8921=ORIENTED_EDGE('',*,*,#6776,.F.);
#8922=ORIENTED_EDGE('',*,*,#6772,.T.);
#8923=ORIENTED_EDGE('',*,*,#6773,.T.);
#8924=ORIENTED_EDGE('',*,*,#6776,.T.);
#8925=ORIENTED_EDGE('',*,*,#6774,.T.);
#8926=ORIENTED_EDGE('',*,*,#6605,.F.);
#8927=ORIENTED_EDGE('',*,*,#6607,.T.);
#8928=ORIENTED_EDGE('',*,*,#6521,.T.);
#8929=ORIENTED_EDGE('',*,*,#6683,.T.);
#8930=ORIENTED_EDGE('',*,*,#6777,.F.);
#8931=ORIENTED_EDGE('',*,*,#6778,.F.);
#8932=ORIENTED_EDGE('',*,*,#6609,.T.);
#8933=ORIENTED_EDGE('',*,*,#6779,.F.);
#8934=ORIENTED_EDGE('',*,*,#6780,.T.);
#8935=ORIENTED_EDGE('',*,*,#6681,.T.);
#8936=ORIENTED_EDGE('',*,*,#6713,.T.);
#8937=ORIENTED_EDGE('',*,*,#6682,.T.);
#8938=ORIENTED_EDGE('',*,*,#6780,.F.);
#8939=ORIENTED_EDGE('',*,*,#6781,.F.);
#8940=ORIENTED_EDGE('',*,*,#6777,.T.);
#8941=ORIENTED_EDGE('',*,*,#6778,.T.);
#8942=ORIENTED_EDGE('',*,*,#6781,.T.);
#8943=ORIENTED_EDGE('',*,*,#6779,.T.);
#8944=ORIENTED_EDGE('',*,*,#6608,.F.);
#8945=ORIENTED_EDGE('',*,*,#6616,.T.);
#8946=ORIENTED_EDGE('',*,*,#6517,.T.);
#8947=ORIENTED_EDGE('',*,*,#6668,.T.);
#8948=ORIENTED_EDGE('',*,*,#6782,.F.);
#8949=ORIENTED_EDGE('',*,*,#6783,.F.);
#8950=ORIENTED_EDGE('',*,*,#6618,.T.);
#8951=ORIENTED_EDGE('',*,*,#6784,.F.);
#8952=ORIENTED_EDGE('',*,*,#6785,.T.);
#8953=ORIENTED_EDGE('',*,*,#6666,.T.);
#8954=ORIENTED_EDGE('',*,*,#6503,.T.);
#8955=ORIENTED_EDGE('',*,*,#6667,.T.);
#8956=ORIENTED_EDGE('',*,*,#6785,.F.);
#8957=ORIENTED_EDGE('',*,*,#6786,.F.);
#8958=ORIENTED_EDGE('',*,*,#6782,.T.);
#8959=ORIENTED_EDGE('',*,*,#6617,.T.);
#8960=ORIENTED_EDGE('',*,*,#6783,.T.);
#8961=ORIENTED_EDGE('',*,*,#6786,.T.);
#8962=ORIENTED_EDGE('',*,*,#6784,.T.);
#8963=ORIENTED_EDGE('',*,*,#6622,.T.);
#8964=ORIENTED_EDGE('',*,*,#6515,.T.);
#8965=ORIENTED_EDGE('',*,*,#6662,.T.);
#8966=ORIENTED_EDGE('',*,*,#6787,.F.);
#8967=ORIENTED_EDGE('',*,*,#6788,.F.);
#8968=ORIENTED_EDGE('',*,*,#6624,.T.);
#8969=ORIENTED_EDGE('',*,*,#6789,.F.);
#8970=ORIENTED_EDGE('',*,*,#6790,.T.);
#8971=ORIENTED_EDGE('',*,*,#6660,.T.);
#8972=ORIENTED_EDGE('',*,*,#6511,.T.);
#8973=ORIENTED_EDGE('',*,*,#6661,.T.);
#8974=ORIENTED_EDGE('',*,*,#6790,.F.);
#8975=ORIENTED_EDGE('',*,*,#6791,.F.);
#8976=ORIENTED_EDGE('',*,*,#6787,.T.);
#8977=ORIENTED_EDGE('',*,*,#6623,.T.);
#8978=ORIENTED_EDGE('',*,*,#6788,.T.);
#8979=ORIENTED_EDGE('',*,*,#6791,.T.);
#8980=ORIENTED_EDGE('',*,*,#6789,.T.);
#8981=ORIENTED_EDGE('',*,*,#6625,.T.);
#8982=ORIENTED_EDGE('',*,*,#6509,.T.);
#8983=ORIENTED_EDGE('',*,*,#6659,.T.);
#8984=ORIENTED_EDGE('',*,*,#6792,.F.);
#8985=ORIENTED_EDGE('',*,*,#6793,.F.);
#8986=ORIENTED_EDGE('',*,*,#6627,.T.);
#8987=ORIENTED_EDGE('',*,*,#6794,.F.);
#8988=ORIENTED_EDGE('',*,*,#6795,.T.);
#8989=ORIENTED_EDGE('',*,*,#6657,.T.);
#8990=ORIENTED_EDGE('',*,*,#6507,.T.);
#8991=ORIENTED_EDGE('',*,*,#6658,.T.);
#8992=ORIENTED_EDGE('',*,*,#6795,.F.);
#8993=ORIENTED_EDGE('',*,*,#6796,.F.);
#8994=ORIENTED_EDGE('',*,*,#6792,.T.);
#8995=ORIENTED_EDGE('',*,*,#6626,.T.);
#8996=ORIENTED_EDGE('',*,*,#6793,.T.);
#8997=ORIENTED_EDGE('',*,*,#6796,.T.);
#8998=ORIENTED_EDGE('',*,*,#6794,.T.);
#8999=ORIENTED_EDGE('',*,*,#6628,.T.);
#9000=ORIENTED_EDGE('',*,*,#6505,.T.);
#9001=ORIENTED_EDGE('',*,*,#6656,.T.);
#9002=ORIENTED_EDGE('',*,*,#6797,.F.);
#9003=ORIENTED_EDGE('',*,*,#6798,.F.);
#9004=ORIENTED_EDGE('',*,*,#6630,.T.);
#9005=ORIENTED_EDGE('',*,*,#6799,.F.);
#9006=ORIENTED_EDGE('',*,*,#6800,.T.);
#9007=ORIENTED_EDGE('',*,*,#6654,.T.);
#9008=ORIENTED_EDGE('',*,*,#6499,.T.);
#9009=ORIENTED_EDGE('',*,*,#6655,.T.);
#9010=ORIENTED_EDGE('',*,*,#6800,.F.);
#9011=ORIENTED_EDGE('',*,*,#6801,.F.);
#9012=ORIENTED_EDGE('',*,*,#6797,.T.);
#9013=ORIENTED_EDGE('',*,*,#6629,.T.);
#9014=ORIENTED_EDGE('',*,*,#6798,.T.);
#9015=ORIENTED_EDGE('',*,*,#6801,.T.);
#9016=ORIENTED_EDGE('',*,*,#6799,.T.);
#9017=ORIENTED_EDGE('',*,*,#6619,.T.);
#9018=ORIENTED_EDGE('',*,*,#6501,.T.);
#9019=ORIENTED_EDGE('',*,*,#6665,.T.);
#9020=ORIENTED_EDGE('',*,*,#6802,.F.);
#9021=ORIENTED_EDGE('',*,*,#6803,.F.);
#9022=ORIENTED_EDGE('',*,*,#6621,.T.);
#9023=ORIENTED_EDGE('',*,*,#6804,.F.);
#9024=ORIENTED_EDGE('',*,*,#6805,.T.);
#9025=ORIENTED_EDGE('',*,*,#6663,.T.);
#9026=ORIENTED_EDGE('',*,*,#6513,.T.);
#9027=ORIENTED_EDGE('',*,*,#6664,.T.);
#9028=ORIENTED_EDGE('',*,*,#6805,.F.);
#9029=ORIENTED_EDGE('',*,*,#6806,.F.);
#9030=ORIENTED_EDGE('',*,*,#6802,.T.);
#9031=ORIENTED_EDGE('',*,*,#6620,.T.);
#9032=ORIENTED_EDGE('',*,*,#6803,.T.);
#9033=ORIENTED_EDGE('',*,*,#6806,.T.);
#9034=ORIENTED_EDGE('',*,*,#6804,.T.);
#9035=ORIENTED_EDGE('',*,*,#6589,.T.);
#9036=ORIENTED_EDGE('',*,*,#6497,.T.);
#9037=ORIENTED_EDGE('',*,*,#6653,.T.);
#9038=ORIENTED_EDGE('',*,*,#6807,.F.);
#9039=ORIENTED_EDGE('',*,*,#6808,.F.);
#9040=ORIENTED_EDGE('',*,*,#6591,.T.);
#9041=ORIENTED_EDGE('',*,*,#6809,.F.);
#9042=ORIENTED_EDGE('',*,*,#6810,.T.);
#9043=ORIENTED_EDGE('',*,*,#6699,.T.);
#9044=ORIENTED_EDGE('',*,*,#6541,.T.);
#9045=ORIENTED_EDGE('',*,*,#6652,.T.);
#9046=ORIENTED_EDGE('',*,*,#6810,.F.);
#9047=ORIENTED_EDGE('',*,*,#6811,.F.);
#9048=ORIENTED_EDGE('',*,*,#6807,.T.);
#9049=ORIENTED_EDGE('',*,*,#6590,.T.);
#9050=ORIENTED_EDGE('',*,*,#6808,.T.);
#9051=ORIENTED_EDGE('',*,*,#6811,.T.);
#9052=ORIENTED_EDGE('',*,*,#6809,.T.);
#9053=ORIENTED_EDGE('',*,*,#6812,.F.);
#9054=ORIENTED_EDGE('',*,*,#6813,.F.);
#9055=ORIENTED_EDGE('',*,*,#6814,.T.);
#9056=ORIENTED_EDGE('',*,*,#6815,.T.);
#9057=ORIENTED_EDGE('',*,*,#6816,.F.);
#9058=ORIENTED_EDGE('',*,*,#6817,.F.);
#9059=ORIENTED_EDGE('',*,*,#6818,.T.);
#9060=ORIENTED_EDGE('',*,*,#6813,.T.);
#9061=ORIENTED_EDGE('',*,*,#6819,.F.);
#9062=ORIENTED_EDGE('',*,*,#6820,.F.);
#9063=ORIENTED_EDGE('',*,*,#6821,.T.);
#9064=ORIENTED_EDGE('',*,*,#6817,.T.);
#9065=ORIENTED_EDGE('',*,*,#6822,.F.);
#9066=ORIENTED_EDGE('',*,*,#6815,.F.);
#9067=ORIENTED_EDGE('',*,*,#6823,.T.);
#9068=ORIENTED_EDGE('',*,*,#6820,.T.);
#9069=ORIENTED_EDGE('',*,*,#6814,.F.);
#9070=ORIENTED_EDGE('',*,*,#6818,.F.);
#9071=ORIENTED_EDGE('',*,*,#6821,.F.);
#9072=ORIENTED_EDGE('',*,*,#6823,.F.);
#9073=ORIENTED_EDGE('',*,*,#6812,.T.);
#9074=ORIENTED_EDGE('',*,*,#6822,.T.);
#9075=ORIENTED_EDGE('',*,*,#6819,.T.);
#9076=ORIENTED_EDGE('',*,*,#6816,.T.);
#9077=ORIENTED_EDGE('',*,*,#6824,.F.);
#9078=ORIENTED_EDGE('',*,*,#6825,.F.);
#9079=ORIENTED_EDGE('',*,*,#6826,.T.);
#9080=ORIENTED_EDGE('',*,*,#6827,.T.);
#9081=ORIENTED_EDGE('',*,*,#6828,.F.);
#9082=ORIENTED_EDGE('',*,*,#6829,.F.);
#9083=ORIENTED_EDGE('',*,*,#6830,.T.);
#9084=ORIENTED_EDGE('',*,*,#6825,.T.);
#9085=ORIENTED_EDGE('',*,*,#6831,.F.);
#9086=ORIENTED_EDGE('',*,*,#6832,.F.);
#9087=ORIENTED_EDGE('',*,*,#6833,.T.);
#9088=ORIENTED_EDGE('',*,*,#6829,.T.);
#9089=ORIENTED_EDGE('',*,*,#6834,.F.);
#9090=ORIENTED_EDGE('',*,*,#6827,.F.);
#9091=ORIENTED_EDGE('',*,*,#6835,.T.);
#9092=ORIENTED_EDGE('',*,*,#6832,.T.);
#9093=ORIENTED_EDGE('',*,*,#6826,.F.);
#9094=ORIENTED_EDGE('',*,*,#6830,.F.);
#9095=ORIENTED_EDGE('',*,*,#6833,.F.);
#9096=ORIENTED_EDGE('',*,*,#6835,.F.);
#9097=ORIENTED_EDGE('',*,*,#6824,.T.);
#9098=ORIENTED_EDGE('',*,*,#6834,.T.);
#9099=ORIENTED_EDGE('',*,*,#6831,.T.);
#9100=ORIENTED_EDGE('',*,*,#6828,.T.);
#9101=ORIENTED_EDGE('',*,*,#6836,.F.);
#9102=ORIENTED_EDGE('',*,*,#6837,.F.);
#9103=ORIENTED_EDGE('',*,*,#6838,.T.);
#9104=ORIENTED_EDGE('',*,*,#6839,.T.);
#9105=ORIENTED_EDGE('',*,*,#6840,.F.);
#9106=ORIENTED_EDGE('',*,*,#6841,.F.);
#9107=ORIENTED_EDGE('',*,*,#6842,.T.);
#9108=ORIENTED_EDGE('',*,*,#6837,.T.);
#9109=ORIENTED_EDGE('',*,*,#6843,.F.);
#9110=ORIENTED_EDGE('',*,*,#6844,.F.);
#9111=ORIENTED_EDGE('',*,*,#6845,.T.);
#9112=ORIENTED_EDGE('',*,*,#6841,.T.);
#9113=ORIENTED_EDGE('',*,*,#6846,.F.);
#9114=ORIENTED_EDGE('',*,*,#6839,.F.);
#9115=ORIENTED_EDGE('',*,*,#6847,.T.);
#9116=ORIENTED_EDGE('',*,*,#6844,.T.);
#9117=ORIENTED_EDGE('',*,*,#6838,.F.);
#9118=ORIENTED_EDGE('',*,*,#6842,.F.);
#9119=ORIENTED_EDGE('',*,*,#6845,.F.);
#9120=ORIENTED_EDGE('',*,*,#6847,.F.);
#9121=ORIENTED_EDGE('',*,*,#6836,.T.);
#9122=ORIENTED_EDGE('',*,*,#6846,.T.);
#9123=ORIENTED_EDGE('',*,*,#6843,.T.);
#9124=ORIENTED_EDGE('',*,*,#6840,.T.);
#9125=ORIENTED_EDGE('',*,*,#6848,.F.);
#9126=ORIENTED_EDGE('',*,*,#6849,.F.);
#9127=ORIENTED_EDGE('',*,*,#6850,.T.);
#9128=ORIENTED_EDGE('',*,*,#6851,.T.);
#9129=ORIENTED_EDGE('',*,*,#6852,.F.);
#9130=ORIENTED_EDGE('',*,*,#6853,.F.);
#9131=ORIENTED_EDGE('',*,*,#6854,.T.);
#9132=ORIENTED_EDGE('',*,*,#6849,.T.);
#9133=ORIENTED_EDGE('',*,*,#6855,.F.);
#9134=ORIENTED_EDGE('',*,*,#6856,.F.);
#9135=ORIENTED_EDGE('',*,*,#6857,.T.);
#9136=ORIENTED_EDGE('',*,*,#6853,.T.);
#9137=ORIENTED_EDGE('',*,*,#6858,.F.);
#9138=ORIENTED_EDGE('',*,*,#6851,.F.);
#9139=ORIENTED_EDGE('',*,*,#6859,.T.);
#9140=ORIENTED_EDGE('',*,*,#6856,.T.);
#9141=ORIENTED_EDGE('',*,*,#6850,.F.);
#9142=ORIENTED_EDGE('',*,*,#6854,.F.);
#9143=ORIENTED_EDGE('',*,*,#6857,.F.);
#9144=ORIENTED_EDGE('',*,*,#6859,.F.);
#9145=ORIENTED_EDGE('',*,*,#6848,.T.);
#9146=ORIENTED_EDGE('',*,*,#6858,.T.);
#9147=ORIENTED_EDGE('',*,*,#6855,.T.);
#9148=ORIENTED_EDGE('',*,*,#6852,.T.);
#9149=ORIENTED_EDGE('',*,*,#6860,.F.);
#9150=ORIENTED_EDGE('',*,*,#6861,.F.);
#9151=ORIENTED_EDGE('',*,*,#6862,.T.);
#9152=ORIENTED_EDGE('',*,*,#6863,.T.);
#9153=ORIENTED_EDGE('',*,*,#6864,.F.);
#9154=ORIENTED_EDGE('',*,*,#6865,.F.);
#9155=ORIENTED_EDGE('',*,*,#6866,.T.);
#9156=ORIENTED_EDGE('',*,*,#6861,.T.);
#9157=ORIENTED_EDGE('',*,*,#6867,.F.);
#9158=ORIENTED_EDGE('',*,*,#6868,.F.);
#9159=ORIENTED_EDGE('',*,*,#6869,.T.);
#9160=ORIENTED_EDGE('',*,*,#6865,.T.);
#9161=ORIENTED_EDGE('',*,*,#6870,.F.);
#9162=ORIENTED_EDGE('',*,*,#6863,.F.);
#9163=ORIENTED_EDGE('',*,*,#6871,.T.);
#9164=ORIENTED_EDGE('',*,*,#6868,.T.);
#9165=ORIENTED_EDGE('',*,*,#6862,.F.);
#9166=ORIENTED_EDGE('',*,*,#6866,.F.);
#9167=ORIENTED_EDGE('',*,*,#6869,.F.);
#9168=ORIENTED_EDGE('',*,*,#6871,.F.);
#9169=ORIENTED_EDGE('',*,*,#6860,.T.);
#9170=ORIENTED_EDGE('',*,*,#6870,.T.);
#9171=ORIENTED_EDGE('',*,*,#6867,.T.);
#9172=ORIENTED_EDGE('',*,*,#6864,.T.);
#9173=ORIENTED_EDGE('',*,*,#6872,.F.);
#9174=ORIENTED_EDGE('',*,*,#6873,.F.);
#9175=ORIENTED_EDGE('',*,*,#6874,.T.);
#9176=ORIENTED_EDGE('',*,*,#6875,.T.);
#9177=ORIENTED_EDGE('',*,*,#6876,.F.);
#9178=ORIENTED_EDGE('',*,*,#6877,.F.);
#9179=ORIENTED_EDGE('',*,*,#6878,.T.);
#9180=ORIENTED_EDGE('',*,*,#6873,.T.);
#9181=ORIENTED_EDGE('',*,*,#6879,.F.);
#9182=ORIENTED_EDGE('',*,*,#6880,.F.);
#9183=ORIENTED_EDGE('',*,*,#6881,.T.);
#9184=ORIENTED_EDGE('',*,*,#6877,.T.);
#9185=ORIENTED_EDGE('',*,*,#6882,.F.);
#9186=ORIENTED_EDGE('',*,*,#6875,.F.);
#9187=ORIENTED_EDGE('',*,*,#6883,.T.);
#9188=ORIENTED_EDGE('',*,*,#6880,.T.);
#9189=ORIENTED_EDGE('',*,*,#6874,.F.);
#9190=ORIENTED_EDGE('',*,*,#6878,.F.);
#9191=ORIENTED_EDGE('',*,*,#6881,.F.);
#9192=ORIENTED_EDGE('',*,*,#6883,.F.);
#9193=ORIENTED_EDGE('',*,*,#6872,.T.);
#9194=ORIENTED_EDGE('',*,*,#6882,.T.);
#9195=ORIENTED_EDGE('',*,*,#6879,.T.);
#9196=ORIENTED_EDGE('',*,*,#6876,.T.);
#9197=ORIENTED_EDGE('',*,*,#6884,.F.);
#9198=ORIENTED_EDGE('',*,*,#6885,.F.);
#9199=ORIENTED_EDGE('',*,*,#6886,.T.);
#9200=ORIENTED_EDGE('',*,*,#6887,.T.);
#9201=ORIENTED_EDGE('',*,*,#6888,.F.);
#9202=ORIENTED_EDGE('',*,*,#6889,.F.);
#9203=ORIENTED_EDGE('',*,*,#6890,.T.);
#9204=ORIENTED_EDGE('',*,*,#6885,.T.);
#9205=ORIENTED_EDGE('',*,*,#6891,.F.);
#9206=ORIENTED_EDGE('',*,*,#6892,.F.);
#9207=ORIENTED_EDGE('',*,*,#6893,.T.);
#9208=ORIENTED_EDGE('',*,*,#6889,.T.);
#9209=ORIENTED_EDGE('',*,*,#6894,.F.);
#9210=ORIENTED_EDGE('',*,*,#6887,.F.);
#9211=ORIENTED_EDGE('',*,*,#6895,.T.);
#9212=ORIENTED_EDGE('',*,*,#6892,.T.);
#9213=ORIENTED_EDGE('',*,*,#6886,.F.);
#9214=ORIENTED_EDGE('',*,*,#6890,.F.);
#9215=ORIENTED_EDGE('',*,*,#6893,.F.);
#9216=ORIENTED_EDGE('',*,*,#6895,.F.);
#9217=ORIENTED_EDGE('',*,*,#6884,.T.);
#9218=ORIENTED_EDGE('',*,*,#6894,.T.);
#9219=ORIENTED_EDGE('',*,*,#6891,.T.);
#9220=ORIENTED_EDGE('',*,*,#6888,.T.);
#9221=ORIENTED_EDGE('',*,*,#6896,.F.);
#9222=ORIENTED_EDGE('',*,*,#6897,.F.);
#9223=ORIENTED_EDGE('',*,*,#6898,.T.);
#9224=ORIENTED_EDGE('',*,*,#6899,.T.);
#9225=ORIENTED_EDGE('',*,*,#6900,.F.);
#9226=ORIENTED_EDGE('',*,*,#6901,.F.);
#9227=ORIENTED_EDGE('',*,*,#6902,.T.);
#9228=ORIENTED_EDGE('',*,*,#6897,.T.);
#9229=ORIENTED_EDGE('',*,*,#6903,.F.);
#9230=ORIENTED_EDGE('',*,*,#6904,.F.);
#9231=ORIENTED_EDGE('',*,*,#6905,.T.);
#9232=ORIENTED_EDGE('',*,*,#6901,.T.);
#9233=ORIENTED_EDGE('',*,*,#6906,.F.);
#9234=ORIENTED_EDGE('',*,*,#6899,.F.);
#9235=ORIENTED_EDGE('',*,*,#6907,.T.);
#9236=ORIENTED_EDGE('',*,*,#6904,.T.);
#9237=ORIENTED_EDGE('',*,*,#6898,.F.);
#9238=ORIENTED_EDGE('',*,*,#6902,.F.);
#9239=ORIENTED_EDGE('',*,*,#6905,.F.);
#9240=ORIENTED_EDGE('',*,*,#6907,.F.);
#9241=ORIENTED_EDGE('',*,*,#6896,.T.);
#9242=ORIENTED_EDGE('',*,*,#6906,.T.);
#9243=ORIENTED_EDGE('',*,*,#6903,.T.);
#9244=ORIENTED_EDGE('',*,*,#6900,.T.);
#9245=ORIENTED_EDGE('',*,*,#6908,.F.);
#9246=ORIENTED_EDGE('',*,*,#6909,.F.);
#9247=ORIENTED_EDGE('',*,*,#6910,.T.);
#9248=ORIENTED_EDGE('',*,*,#6911,.T.);
#9249=ORIENTED_EDGE('',*,*,#6912,.F.);
#9250=ORIENTED_EDGE('',*,*,#6913,.F.);
#9251=ORIENTED_EDGE('',*,*,#6914,.T.);
#9252=ORIENTED_EDGE('',*,*,#6909,.T.);
#9253=ORIENTED_EDGE('',*,*,#6915,.F.);
#9254=ORIENTED_EDGE('',*,*,#6916,.F.);
#9255=ORIENTED_EDGE('',*,*,#6917,.T.);
#9256=ORIENTED_EDGE('',*,*,#6913,.T.);
#9257=ORIENTED_EDGE('',*,*,#6918,.F.);
#9258=ORIENTED_EDGE('',*,*,#6911,.F.);
#9259=ORIENTED_EDGE('',*,*,#6919,.T.);
#9260=ORIENTED_EDGE('',*,*,#6916,.T.);
#9261=ORIENTED_EDGE('',*,*,#6910,.F.);
#9262=ORIENTED_EDGE('',*,*,#6914,.F.);
#9263=ORIENTED_EDGE('',*,*,#6917,.F.);
#9264=ORIENTED_EDGE('',*,*,#6919,.F.);
#9265=ORIENTED_EDGE('',*,*,#6908,.T.);
#9266=ORIENTED_EDGE('',*,*,#6918,.T.);
#9267=ORIENTED_EDGE('',*,*,#6915,.T.);
#9268=ORIENTED_EDGE('',*,*,#6912,.T.);
#9269=ORIENTED_EDGE('',*,*,#6920,.F.);
#9270=ORIENTED_EDGE('',*,*,#6921,.F.);
#9271=ORIENTED_EDGE('',*,*,#6922,.T.);
#9272=ORIENTED_EDGE('',*,*,#6923,.T.);
#9273=ORIENTED_EDGE('',*,*,#6924,.F.);
#9274=ORIENTED_EDGE('',*,*,#6925,.F.);
#9275=ORIENTED_EDGE('',*,*,#6926,.T.);
#9276=ORIENTED_EDGE('',*,*,#6921,.T.);
#9277=ORIENTED_EDGE('',*,*,#6927,.F.);
#9278=ORIENTED_EDGE('',*,*,#6928,.F.);
#9279=ORIENTED_EDGE('',*,*,#6929,.T.);
#9280=ORIENTED_EDGE('',*,*,#6925,.T.);
#9281=ORIENTED_EDGE('',*,*,#6930,.F.);
#9282=ORIENTED_EDGE('',*,*,#6923,.F.);
#9283=ORIENTED_EDGE('',*,*,#6931,.T.);
#9284=ORIENTED_EDGE('',*,*,#6928,.T.);
#9285=ORIENTED_EDGE('',*,*,#6922,.F.);
#9286=ORIENTED_EDGE('',*,*,#6926,.F.);
#9287=ORIENTED_EDGE('',*,*,#6929,.F.);
#9288=ORIENTED_EDGE('',*,*,#6931,.F.);
#9289=ORIENTED_EDGE('',*,*,#6920,.T.);
#9290=ORIENTED_EDGE('',*,*,#6930,.T.);
#9291=ORIENTED_EDGE('',*,*,#6927,.T.);
#9292=ORIENTED_EDGE('',*,*,#6924,.T.);
#9293=ORIENTED_EDGE('',*,*,#6932,.F.);
#9294=ORIENTED_EDGE('',*,*,#6933,.F.);
#9295=ORIENTED_EDGE('',*,*,#6934,.T.);
#9296=ORIENTED_EDGE('',*,*,#6935,.T.);
#9297=ORIENTED_EDGE('',*,*,#6936,.F.);
#9298=ORIENTED_EDGE('',*,*,#6937,.F.);
#9299=ORIENTED_EDGE('',*,*,#6938,.T.);
#9300=ORIENTED_EDGE('',*,*,#6933,.T.);
#9301=ORIENTED_EDGE('',*,*,#6939,.F.);
#9302=ORIENTED_EDGE('',*,*,#6940,.F.);
#9303=ORIENTED_EDGE('',*,*,#6941,.T.);
#9304=ORIENTED_EDGE('',*,*,#6937,.T.);
#9305=ORIENTED_EDGE('',*,*,#6942,.F.);
#9306=ORIENTED_EDGE('',*,*,#6935,.F.);
#9307=ORIENTED_EDGE('',*,*,#6943,.T.);
#9308=ORIENTED_EDGE('',*,*,#6940,.T.);
#9309=ORIENTED_EDGE('',*,*,#6934,.F.);
#9310=ORIENTED_EDGE('',*,*,#6938,.F.);
#9311=ORIENTED_EDGE('',*,*,#6941,.F.);
#9312=ORIENTED_EDGE('',*,*,#6943,.F.);
#9313=ORIENTED_EDGE('',*,*,#6932,.T.);
#9314=ORIENTED_EDGE('',*,*,#6942,.T.);
#9315=ORIENTED_EDGE('',*,*,#6939,.T.);
#9316=ORIENTED_EDGE('',*,*,#6936,.T.);
#9317=ORIENTED_EDGE('',*,*,#6944,.F.);
#9318=ORIENTED_EDGE('',*,*,#6945,.F.);
#9319=ORIENTED_EDGE('',*,*,#6946,.T.);
#9320=ORIENTED_EDGE('',*,*,#6947,.T.);
#9321=ORIENTED_EDGE('',*,*,#6948,.F.);
#9322=ORIENTED_EDGE('',*,*,#6949,.F.);
#9323=ORIENTED_EDGE('',*,*,#6950,.T.);
#9324=ORIENTED_EDGE('',*,*,#6945,.T.);
#9325=ORIENTED_EDGE('',*,*,#6951,.F.);
#9326=ORIENTED_EDGE('',*,*,#6952,.F.);
#9327=ORIENTED_EDGE('',*,*,#6953,.T.);
#9328=ORIENTED_EDGE('',*,*,#6949,.T.);
#9329=ORIENTED_EDGE('',*,*,#6954,.F.);
#9330=ORIENTED_EDGE('',*,*,#6947,.F.);
#9331=ORIENTED_EDGE('',*,*,#6955,.T.);
#9332=ORIENTED_EDGE('',*,*,#6952,.T.);
#9333=ORIENTED_EDGE('',*,*,#6946,.F.);
#9334=ORIENTED_EDGE('',*,*,#6950,.F.);
#9335=ORIENTED_EDGE('',*,*,#6953,.F.);
#9336=ORIENTED_EDGE('',*,*,#6955,.F.);
#9337=ORIENTED_EDGE('',*,*,#6944,.T.);
#9338=ORIENTED_EDGE('',*,*,#6954,.T.);
#9339=ORIENTED_EDGE('',*,*,#6951,.T.);
#9340=ORIENTED_EDGE('',*,*,#6948,.T.);
#9341=ORIENTED_EDGE('',*,*,#6956,.F.);
#9342=ORIENTED_EDGE('',*,*,#6957,.T.);
#9343=ORIENTED_EDGE('',*,*,#6958,.T.);
#9344=ORIENTED_EDGE('',*,*,#6959,.T.);
#9345=ORIENTED_EDGE('',*,*,#6960,.T.);
#9346=ORIENTED_EDGE('',*,*,#6961,.F.);
#9347=ORIENTED_EDGE('',*,*,#6962,.T.);
#9348=ORIENTED_EDGE('',*,*,#6963,.T.);
#9349=ORIENTED_EDGE('',*,*,#6964,.T.);
#9350=ORIENTED_EDGE('',*,*,#6965,.F.);
#9351=ORIENTED_EDGE('',*,*,#6966,.T.);
#9352=ORIENTED_EDGE('',*,*,#6967,.F.);
#9353=ORIENTED_EDGE('',*,*,#6968,.T.);
#9354=ORIENTED_EDGE('',*,*,#6969,.T.);
#9355=ORIENTED_EDGE('',*,*,#6970,.T.);
#9356=ORIENTED_EDGE('',*,*,#6971,.F.);
#9357=ORIENTED_EDGE('',*,*,#6972,.T.);
#9358=ORIENTED_EDGE('',*,*,#6973,.F.);
#9359=ORIENTED_EDGE('',*,*,#6974,.T.);
#9360=ORIENTED_EDGE('',*,*,#6975,.T.);
#9361=ORIENTED_EDGE('',*,*,#6976,.T.);
#9362=ORIENTED_EDGE('',*,*,#6977,.T.);
#9363=ORIENTED_EDGE('',*,*,#6978,.T.);
#9364=ORIENTED_EDGE('',*,*,#6979,.T.);
#9365=ORIENTED_EDGE('',*,*,#6980,.T.);
#9366=ORIENTED_EDGE('',*,*,#6981,.T.);
#9367=ORIENTED_EDGE('',*,*,#6982,.T.);
#9368=ORIENTED_EDGE('',*,*,#6983,.T.);
#9369=ORIENTED_EDGE('',*,*,#6984,.F.);
#9370=ORIENTED_EDGE('',*,*,#6985,.F.);
#9371=ORIENTED_EDGE('',*,*,#6986,.F.);
#9372=ORIENTED_EDGE('',*,*,#6987,.T.);
#9373=ORIENTED_EDGE('',*,*,#6988,.T.);
#9374=ORIENTED_EDGE('',*,*,#6989,.T.);
#9375=ORIENTED_EDGE('',*,*,#6990,.T.);
#9376=ORIENTED_EDGE('',*,*,#6991,.T.);
#9377=ORIENTED_EDGE('',*,*,#6992,.F.);
#9378=ORIENTED_EDGE('',*,*,#6993,.T.);
#9379=ORIENTED_EDGE('',*,*,#6994,.T.);
#9380=ORIENTED_EDGE('',*,*,#6995,.F.);
#9381=ORIENTED_EDGE('',*,*,#6996,.T.);
#9382=ORIENTED_EDGE('',*,*,#6997,.T.);
#9383=ORIENTED_EDGE('',*,*,#6998,.F.);
#9384=ORIENTED_EDGE('',*,*,#6999,.T.);
#9385=ORIENTED_EDGE('',*,*,#7000,.T.);
#9386=ORIENTED_EDGE('',*,*,#7001,.T.);
#9387=ORIENTED_EDGE('',*,*,#7000,.F.);
#9388=ORIENTED_EDGE('',*,*,#7002,.T.);
#9389=ORIENTED_EDGE('',*,*,#6961,.T.);
#9390=ORIENTED_EDGE('',*,*,#7003,.T.);
#9391=ORIENTED_EDGE('',*,*,#6982,.F.);
#9392=ORIENTED_EDGE('',*,*,#7004,.T.);
#9393=ORIENTED_EDGE('',*,*,#6956,.T.);
#9394=ORIENTED_EDGE('',*,*,#7005,.T.);
#9395=ORIENTED_EDGE('',*,*,#7006,.F.);
#9396=ORIENTED_EDGE('',*,*,#7007,.F.);
#9397=ORIENTED_EDGE('',*,*,#7008,.F.);
#9398=ORIENTED_EDGE('',*,*,#7009,.T.);
#9399=ORIENTED_EDGE('',*,*,#7010,.T.);
#9400=ORIENTED_EDGE('',*,*,#7011,.T.);
#9401=ORIENTED_EDGE('',*,*,#7012,.F.);
#9402=ORIENTED_EDGE('',*,*,#7013,.F.);
#9403=ORIENTED_EDGE('',*,*,#7014,.T.);
#9404=ORIENTED_EDGE('',*,*,#7015,.F.);
#9405=ORIENTED_EDGE('',*,*,#7016,.T.);
#9406=ORIENTED_EDGE('',*,*,#7017,.T.);
#9407=ORIENTED_EDGE('',*,*,#7018,.F.);
#9408=ORIENTED_EDGE('',*,*,#7019,.F.);
#9409=ORIENTED_EDGE('',*,*,#7020,.T.);
#9410=ORIENTED_EDGE('',*,*,#7021,.F.);
#9411=ORIENTED_EDGE('',*,*,#7022,.T.);
#9412=ORIENTED_EDGE('',*,*,#7023,.T.);
#9413=ORIENTED_EDGE('',*,*,#7024,.T.);
#9414=ORIENTED_EDGE('',*,*,#7025,.T.);
#9415=ORIENTED_EDGE('',*,*,#7026,.T.);
#9416=ORIENTED_EDGE('',*,*,#7027,.T.);
#9417=ORIENTED_EDGE('',*,*,#7028,.T.);
#9418=ORIENTED_EDGE('',*,*,#7029,.T.);
#9419=ORIENTED_EDGE('',*,*,#6992,.T.);
#9420=ORIENTED_EDGE('',*,*,#7030,.T.);
#9421=ORIENTED_EDGE('',*,*,#6969,.F.);
#9422=ORIENTED_EDGE('',*,*,#7031,.T.);
#9423=ORIENTED_EDGE('',*,*,#7032,.F.);
#9424=ORIENTED_EDGE('',*,*,#7033,.T.);
#9425=ORIENTED_EDGE('',*,*,#7034,.F.);
#9426=ORIENTED_EDGE('',*,*,#7035,.T.);
#9427=ORIENTED_EDGE('',*,*,#7036,.T.);
#9428=ORIENTED_EDGE('',*,*,#7037,.T.);
#9429=ORIENTED_EDGE('',*,*,#7038,.T.);
#9430=ORIENTED_EDGE('',*,*,#7039,.T.);
#9431=ORIENTED_EDGE('',*,*,#7020,.F.);
#9432=ORIENTED_EDGE('',*,*,#7040,.T.);
#9433=ORIENTED_EDGE('',*,*,#6976,.F.);
#9434=ORIENTED_EDGE('',*,*,#7041,.T.);
#9435=ORIENTED_EDGE('',*,*,#7042,.F.);
#9436=ORIENTED_EDGE('',*,*,#7016,.F.);
#9437=ORIENTED_EDGE('',*,*,#7043,.F.);
#9438=ORIENTED_EDGE('',*,*,#6966,.F.);
#9439=ORIENTED_EDGE('',*,*,#7044,.F.);
#9440=ORIENTED_EDGE('',*,*,#7045,.T.);
#9441=ORIENTED_EDGE('',*,*,#7046,.F.);
#9442=ORIENTED_EDGE('',*,*,#7047,.F.);
#9443=ORIENTED_EDGE('',*,*,#7048,.T.);
#9444=ORIENTED_EDGE('',*,*,#7049,.F.);
#9445=ORIENTED_EDGE('',*,*,#7050,.F.);
#9446=ORIENTED_EDGE('',*,*,#7051,.T.);
#9447=ORIENTED_EDGE('',*,*,#7052,.T.);
#9448=ORIENTED_EDGE('',*,*,#7053,.T.);
#9449=ORIENTED_EDGE('',*,*,#7054,.F.);
#9450=ORIENTED_EDGE('',*,*,#7055,.F.);
#9451=ORIENTED_EDGE('',*,*,#7056,.F.);
#9452=ORIENTED_EDGE('',*,*,#7057,.T.);
#9453=ORIENTED_EDGE('',*,*,#7058,.F.);
#9454=ORIENTED_EDGE('',*,*,#7059,.T.);
#9455=ORIENTED_EDGE('',*,*,#7060,.T.);
#9456=ORIENTED_EDGE('',*,*,#7061,.T.);
#9457=ORIENTED_EDGE('',*,*,#7062,.T.);
#9458=ORIENTED_EDGE('',*,*,#7063,.T.);
#9459=ORIENTED_EDGE('',*,*,#7064,.T.);
#9460=ORIENTED_EDGE('',*,*,#7065,.T.);
#9461=ORIENTED_EDGE('',*,*,#7066,.T.);
#9462=ORIENTED_EDGE('',*,*,#7067,.T.);
#9463=ORIENTED_EDGE('',*,*,#6985,.T.);
#9464=ORIENTED_EDGE('',*,*,#7068,.F.);
#9465=ORIENTED_EDGE('',*,*,#7048,.F.);
#9466=ORIENTED_EDGE('',*,*,#7069,.F.);
#9467=ORIENTED_EDGE('',*,*,#7070,.T.);
#9468=ORIENTED_EDGE('',*,*,#7052,.F.);
#9469=ORIENTED_EDGE('',*,*,#7071,.T.);
#9470=ORIENTED_EDGE('',*,*,#6995,.T.);
#9471=ORIENTED_EDGE('',*,*,#7014,.F.);
#9472=ORIENTED_EDGE('',*,*,#7072,.T.);
#9473=ORIENTED_EDGE('',*,*,#7073,.F.);
#9474=ORIENTED_EDGE('',*,*,#7074,.F.);
#9475=ORIENTED_EDGE('',*,*,#7075,.F.);
#9476=ORIENTED_EDGE('',*,*,#7076,.F.);
#9477=ORIENTED_EDGE('',*,*,#7054,.T.);
#9478=ORIENTED_EDGE('',*,*,#7077,.T.);
#9479=ORIENTED_EDGE('',*,*,#7078,.F.);
#9480=ORIENTED_EDGE('',*,*,#7079,.T.);
#9481=ORIENTED_EDGE('',*,*,#7080,.T.);
#9482=ORIENTED_EDGE('',*,*,#7081,.T.);
#9483=ORIENTED_EDGE('',*,*,#7082,.T.);
#9484=ORIENTED_EDGE('',*,*,#7083,.F.);
#9485=ORIENTED_EDGE('',*,*,#7084,.T.);
#9486=ORIENTED_EDGE('',*,*,#7085,.F.);
#9487=ORIENTED_EDGE('',*,*,#7086,.T.);
#9488=ORIENTED_EDGE('',*,*,#7087,.T.);
#9489=ORIENTED_EDGE('',*,*,#7088,.T.);
#9490=ORIENTED_EDGE('',*,*,#7089,.T.);
#9491=ORIENTED_EDGE('',*,*,#7090,.T.);
#9492=ORIENTED_EDGE('',*,*,#7034,.T.);
#9493=ORIENTED_EDGE('',*,*,#7091,.T.);
#9494=ORIENTED_EDGE('',*,*,#7092,.F.);
#9495=ORIENTED_EDGE('',*,*,#7073,.T.);
#9496=ORIENTED_EDGE('',*,*,#7093,.T.);
#9497=ORIENTED_EDGE('',*,*,#7094,.T.);
#9498=ORIENTED_EDGE('',*,*,#7095,.F.);
#9499=ORIENTED_EDGE('',*,*,#7096,.T.);
#9500=ORIENTED_EDGE('',*,*,#7097,.T.);
#9501=ORIENTED_EDGE('',*,*,#7098,.T.);
#9502=ORIENTED_EDGE('',*,*,#7032,.T.);
#9503=ORIENTED_EDGE('',*,*,#7099,.T.);
#9504=ORIENTED_EDGE('',*,*,#7100,.F.);
#9505=ORIENTED_EDGE('',*,*,#7101,.T.);
#9506=ORIENTED_EDGE('',*,*,#7102,.T.);
#9507=ORIENTED_EDGE('',*,*,#7103,.T.);
#9508=ORIENTED_EDGE('',*,*,#7104,.T.);
#9509=ORIENTED_EDGE('',*,*,#7105,.T.);
#9510=ORIENTED_EDGE('',*,*,#7106,.T.);
#9511=ORIENTED_EDGE('',*,*,#7107,.T.);
#9512=ORIENTED_EDGE('',*,*,#7108,.T.);
#9513=ORIENTED_EDGE('',*,*,#7109,.T.);
#9514=ORIENTED_EDGE('',*,*,#6967,.T.);
#9515=ORIENTED_EDGE('',*,*,#7043,.T.);
#9516=ORIENTED_EDGE('',*,*,#7015,.T.);
#9517=ORIENTED_EDGE('',*,*,#7074,.T.);
#9518=ORIENTED_EDGE('',*,*,#7092,.T.);
#9519=ORIENTED_EDGE('',*,*,#7110,.T.);
#9520=ORIENTED_EDGE('',*,*,#7100,.T.);
#9521=ORIENTED_EDGE('',*,*,#7111,.T.);
#9522=ORIENTED_EDGE('',*,*,#7112,.T.);
#9523=ORIENTED_EDGE('',*,*,#7113,.T.);
#9524=ORIENTED_EDGE('',*,*,#7114,.T.);
#9525=ORIENTED_EDGE('',*,*,#7115,.T.);
#9526=ORIENTED_EDGE('',*,*,#7116,.T.);
#9527=ORIENTED_EDGE('',*,*,#7117,.T.);
#9528=ORIENTED_EDGE('',*,*,#7118,.T.);
#9529=ORIENTED_EDGE('',*,*,#7119,.T.);
#9530=ORIENTED_EDGE('',*,*,#7111,.F.);
#9531=ORIENTED_EDGE('',*,*,#7099,.F.);
#9532=ORIENTED_EDGE('',*,*,#7031,.F.);
#9533=ORIENTED_EDGE('',*,*,#6968,.F.);
#9534=ORIENTED_EDGE('',*,*,#7110,.F.);
#9535=ORIENTED_EDGE('',*,*,#7091,.F.);
#9536=ORIENTED_EDGE('',*,*,#7033,.F.);
#9537=ORIENTED_EDGE('',*,*,#7101,.F.);
#9538=ORIENTED_EDGE('',*,*,#7120,.F.);
#9539=ORIENTED_EDGE('',*,*,#7010,.F.);
#9540=ORIENTED_EDGE('',*,*,#7121,.F.);
#9541=ORIENTED_EDGE('',*,*,#7084,.F.);
#9542=ORIENTED_EDGE('',*,*,#7122,.F.);
#9543=ORIENTED_EDGE('',*,*,#7123,.T.);
#9544=ORIENTED_EDGE('',*,*,#7124,.T.);
#9545=ORIENTED_EDGE('',*,*,#7125,.F.);
#9546=ORIENTED_EDGE('',*,*,#7126,.T.);
#9547=ORIENTED_EDGE('',*,*,#7127,.F.);
#9548=ORIENTED_EDGE('',*,*,#7128,.T.);
#9549=ORIENTED_EDGE('',*,*,#7129,.T.);
#9550=ORIENTED_EDGE('',*,*,#7130,.T.);
#9551=ORIENTED_EDGE('',*,*,#7131,.F.);
#9552=ORIENTED_EDGE('',*,*,#7075,.T.);
#9553=ORIENTED_EDGE('',*,*,#7132,.T.);
#9554=ORIENTED_EDGE('',*,*,#7133,.F.);
#9555=ORIENTED_EDGE('',*,*,#7036,.F.);
#9556=ORIENTED_EDGE('',*,*,#7134,.T.);
#9557=ORIENTED_EDGE('',*,*,#7135,.F.);
#9558=ORIENTED_EDGE('',*,*,#7136,.T.);
#9559=ORIENTED_EDGE('',*,*,#7137,.F.);
#9560=ORIENTED_EDGE('',*,*,#7138,.T.);
#9561=ORIENTED_EDGE('',*,*,#7139,.T.);
#9562=ORIENTED_EDGE('',*,*,#7140,.T.);
#9563=ORIENTED_EDGE('',*,*,#7141,.T.);
#9564=ORIENTED_EDGE('',*,*,#7142,.T.);
#9565=ORIENTED_EDGE('',*,*,#7143,.T.);
#9566=ORIENTED_EDGE('',*,*,#7058,.T.);
#9567=ORIENTED_EDGE('',*,*,#7144,.T.);
#9568=ORIENTED_EDGE('',*,*,#7140,.F.);
#9569=ORIENTED_EDGE('',*,*,#7039,.F.);
#9570=ORIENTED_EDGE('',*,*,#7145,.T.);
#9571=ORIENTED_EDGE('',*,*,#7146,.T.);
#9572=ORIENTED_EDGE('',*,*,#6993,.F.);
#9573=ORIENTED_EDGE('',*,*,#7147,.T.);
#9574=ORIENTED_EDGE('',*,*,#7148,.T.);
#9575=ORIENTED_EDGE('',*,*,#7145,.F.);
#9576=ORIENTED_EDGE('',*,*,#7038,.F.);
#9577=ORIENTED_EDGE('',*,*,#7149,.T.);
#9578=ORIENTED_EDGE('',*,*,#7150,.T.);
#9579=ORIENTED_EDGE('',*,*,#7151,.T.);
#9580=ORIENTED_EDGE('',*,*,#7152,.T.);
#9581=ORIENTED_EDGE('',*,*,#7153,.T.);
#9582=ORIENTED_EDGE('',*,*,#7154,.T.);
#9583=ORIENTED_EDGE('',*,*,#7155,.T.);
#9584=ORIENTED_EDGE('',*,*,#7156,.T.);
#9585=ORIENTED_EDGE('',*,*,#7037,.F.);
#9586=ORIENTED_EDGE('',*,*,#7133,.T.);
#9587=ORIENTED_EDGE('',*,*,#7157,.T.);
#9588=ORIENTED_EDGE('',*,*,#7147,.F.);
#9589=ORIENTED_EDGE('',*,*,#7158,.F.);
#9590=ORIENTED_EDGE('',*,*,#7117,.F.);
#9591=ORIENTED_EDGE('',*,*,#7159,.F.);
#9592=ORIENTED_EDGE('',*,*,#6994,.F.);
#9593=ORIENTED_EDGE('',*,*,#7070,.F.);
#9594=ORIENTED_EDGE('',*,*,#7159,.T.);
#9595=ORIENTED_EDGE('',*,*,#7116,.F.);
#9596=ORIENTED_EDGE('',*,*,#7160,.F.);
#9597=ORIENTED_EDGE('',*,*,#7118,.F.);
#9598=ORIENTED_EDGE('',*,*,#7158,.T.);
#9599=ORIENTED_EDGE('',*,*,#7146,.F.);
#9600=ORIENTED_EDGE('',*,*,#7161,.F.);
#9601=ORIENTED_EDGE('',*,*,#7160,.T.);
#9602=ORIENTED_EDGE('',*,*,#7115,.F.);
#9603=ORIENTED_EDGE('',*,*,#7162,.F.);
#9604=ORIENTED_EDGE('',*,*,#7053,.F.);
#9605=ORIENTED_EDGE('',*,*,#7161,.T.);
#9606=ORIENTED_EDGE('',*,*,#7148,.F.);
#9607=ORIENTED_EDGE('',*,*,#7163,.F.);
#9608=ORIENTED_EDGE('',*,*,#7119,.F.);
#9609=ORIENTED_EDGE('',*,*,#7077,.F.);
#9610=ORIENTED_EDGE('',*,*,#7162,.T.);
#9611=ORIENTED_EDGE('',*,*,#7114,.F.);
#9612=ORIENTED_EDGE('',*,*,#7164,.F.);
#9613=ORIENTED_EDGE('',*,*,#7112,.F.);
#9614=ORIENTED_EDGE('',*,*,#7163,.T.);
#9615=ORIENTED_EDGE('',*,*,#7157,.F.);
#9616=ORIENTED_EDGE('',*,*,#7165,.F.);
#9617=ORIENTED_EDGE('',*,*,#7164,.T.);
#9618=ORIENTED_EDGE('',*,*,#7113,.F.);
#9619=ORIENTED_EDGE('',*,*,#7165,.T.);
#9620=ORIENTED_EDGE('',*,*,#7132,.F.);
#9621=ORIENTED_EDGE('',*,*,#7139,.F.);
#9622=ORIENTED_EDGE('',*,*,#7166,.T.);
#9623=ORIENTED_EDGE('',*,*,#7085,.T.);
#9624=ORIENTED_EDGE('',*,*,#7121,.T.);
#9625=ORIENTED_EDGE('',*,*,#7009,.F.);
#9626=ORIENTED_EDGE('',*,*,#7167,.F.);
#9627=ORIENTED_EDGE('',*,*,#7059,.F.);
#9628=ORIENTED_EDGE('',*,*,#7143,.F.);
#9629=ORIENTED_EDGE('',*,*,#7168,.F.);
#9630=ORIENTED_EDGE('',*,*,#7044,.T.);
#9631=ORIENTED_EDGE('',*,*,#7167,.T.);
#9632=ORIENTED_EDGE('',*,*,#7008,.T.);
#9633=ORIENTED_EDGE('',*,*,#7083,.T.);
#9634=ORIENTED_EDGE('',*,*,#7169,.T.);
#9635=ORIENTED_EDGE('',*,*,#7141,.F.);
#9636=ORIENTED_EDGE('',*,*,#7144,.F.);
#9637=ORIENTED_EDGE('',*,*,#7057,.F.);
#9638=ORIENTED_EDGE('',*,*,#7170,.F.);
#9639=ORIENTED_EDGE('',*,*,#7011,.F.);
#9640=ORIENTED_EDGE('',*,*,#7120,.T.);
#9641=ORIENTED_EDGE('',*,*,#7131,.T.);
#9642=ORIENTED_EDGE('',*,*,#7171,.T.);
#9643=ORIENTED_EDGE('',*,*,#7093,.F.);
#9644=ORIENTED_EDGE('',*,*,#7072,.F.);
#9645=ORIENTED_EDGE('',*,*,#7013,.T.);
#9646=ORIENTED_EDGE('',*,*,#7172,.T.);
#9647=ORIENTED_EDGE('',*,*,#7055,.T.);
#9648=ORIENTED_EDGE('',*,*,#7076,.T.);
#9649=ORIENTED_EDGE('',*,*,#7012,.T.);
#9650=ORIENTED_EDGE('',*,*,#7170,.T.);
#9651=ORIENTED_EDGE('',*,*,#7056,.T.);
#9652=ORIENTED_EDGE('',*,*,#7172,.F.);
#9653=ORIENTED_EDGE('',*,*,#7129,.F.);
#9654=ORIENTED_EDGE('',*,*,#7173,.T.);
#9655=ORIENTED_EDGE('',*,*,#7095,.T.);
#9656=ORIENTED_EDGE('',*,*,#7174,.T.);
#9657=ORIENTED_EDGE('',*,*,#7081,.F.);
#9658=ORIENTED_EDGE('',*,*,#7175,.T.);
#9659=ORIENTED_EDGE('',*,*,#7122,.T.);
#9660=ORIENTED_EDGE('',*,*,#7176,.T.);
#9661=ORIENTED_EDGE('',*,*,#7097,.F.);
#9662=ORIENTED_EDGE('',*,*,#7177,.T.);
#9663=ORIENTED_EDGE('',*,*,#7127,.T.);
#9664=ORIENTED_EDGE('',*,*,#7178,.T.);
#9665=ORIENTED_EDGE('',*,*,#7089,.F.);
#9666=ORIENTED_EDGE('',*,*,#7179,.T.);
#9667=ORIENTED_EDGE('',*,*,#7135,.T.);
#9668=ORIENTED_EDGE('',*,*,#7180,.T.);
#9669=ORIENTED_EDGE('',*,*,#7137,.T.);
#9670=ORIENTED_EDGE('',*,*,#7181,.T.);
#9671=ORIENTED_EDGE('',*,*,#7087,.F.);
#9672=ORIENTED_EDGE('',*,*,#7182,.T.);
#9673=ORIENTED_EDGE('',*,*,#7125,.T.);
#9674=ORIENTED_EDGE('',*,*,#7183,.T.);
#9675=ORIENTED_EDGE('',*,*,#7078,.T.);
#9676=ORIENTED_EDGE('',*,*,#7184,.T.);
#9677=ORIENTED_EDGE('',*,*,#7086,.F.);
#9678=ORIENTED_EDGE('',*,*,#7166,.F.);
#9679=ORIENTED_EDGE('',*,*,#7138,.F.);
#9680=ORIENTED_EDGE('',*,*,#7182,.F.);
#9681=ORIENTED_EDGE('',*,*,#7094,.F.);
#9682=ORIENTED_EDGE('',*,*,#7171,.F.);
#9683=ORIENTED_EDGE('',*,*,#7130,.F.);
#9684=ORIENTED_EDGE('',*,*,#7174,.F.);
#9685=ORIENTED_EDGE('',*,*,#7082,.F.);
#9686=ORIENTED_EDGE('',*,*,#7176,.F.);
#9687=ORIENTED_EDGE('',*,*,#7142,.F.);
#9688=ORIENTED_EDGE('',*,*,#7169,.F.);
#9689=ORIENTED_EDGE('',*,*,#7079,.F.);
#9690=ORIENTED_EDGE('',*,*,#7183,.F.);
#9691=ORIENTED_EDGE('',*,*,#7124,.F.);
#9692=ORIENTED_EDGE('',*,*,#7185,.F.);
#9693=ORIENTED_EDGE('',*,*,#7123,.F.);
#9694=ORIENTED_EDGE('',*,*,#7175,.F.);
#9695=ORIENTED_EDGE('',*,*,#7080,.F.);
#9696=ORIENTED_EDGE('',*,*,#7185,.T.);
#9697=ORIENTED_EDGE('',*,*,#7128,.F.);
#9698=ORIENTED_EDGE('',*,*,#7177,.F.);
#9699=ORIENTED_EDGE('',*,*,#7096,.F.);
#9700=ORIENTED_EDGE('',*,*,#7173,.F.);
#9701=ORIENTED_EDGE('',*,*,#7126,.F.);
#9702=ORIENTED_EDGE('',*,*,#7184,.F.);
#9703=ORIENTED_EDGE('',*,*,#7098,.F.);
#9704=ORIENTED_EDGE('',*,*,#7178,.F.);
#9705=ORIENTED_EDGE('',*,*,#7136,.F.);
#9706=ORIENTED_EDGE('',*,*,#7179,.F.);
#9707=ORIENTED_EDGE('',*,*,#7088,.F.);
#9708=ORIENTED_EDGE('',*,*,#7181,.F.);
#9709=ORIENTED_EDGE('',*,*,#7134,.F.);
#9710=ORIENTED_EDGE('',*,*,#7035,.F.);
#9711=ORIENTED_EDGE('',*,*,#7090,.F.);
#9712=ORIENTED_EDGE('',*,*,#7180,.F.);
#9713=ORIENTED_EDGE('',*,*,#7186,.T.);
#9714=ORIENTED_EDGE('',*,*,#7006,.T.);
#9715=ORIENTED_EDGE('',*,*,#7187,.F.);
#9716=ORIENTED_EDGE('',*,*,#7046,.T.);
#9717=ORIENTED_EDGE('',*,*,#6975,.F.);
#9718=ORIENTED_EDGE('',*,*,#7188,.T.);
#9719=ORIENTED_EDGE('',*,*,#6986,.T.);
#9720=ORIENTED_EDGE('',*,*,#7069,.T.);
#9721=ORIENTED_EDGE('',*,*,#7047,.T.);
#9722=ORIENTED_EDGE('',*,*,#7187,.T.);
#9723=ORIENTED_EDGE('',*,*,#7021,.T.);
#9724=ORIENTED_EDGE('',*,*,#7041,.F.);
#9725=ORIENTED_EDGE('',*,*,#7018,.T.);
#9726=ORIENTED_EDGE('',*,*,#7189,.T.);
#9727=ORIENTED_EDGE('',*,*,#7050,.T.);
#9728=ORIENTED_EDGE('',*,*,#7190,.F.);
#9729=ORIENTED_EDGE('',*,*,#6984,.T.);
#9730=ORIENTED_EDGE('',*,*,#7191,.T.);
#9731=ORIENTED_EDGE('',*,*,#6977,.F.);
#9732=ORIENTED_EDGE('',*,*,#7040,.F.);
#9733=ORIENTED_EDGE('',*,*,#7019,.T.);
#9734=ORIENTED_EDGE('',*,*,#7190,.T.);
#9735=ORIENTED_EDGE('',*,*,#7049,.T.);
#9736=ORIENTED_EDGE('',*,*,#7068,.T.);
#9737=ORIENTED_EDGE('',*,*,#6965,.T.);
#9738=ORIENTED_EDGE('',*,*,#7192,.T.);
#9739=ORIENTED_EDGE('',*,*,#6996,.F.);
#9740=ORIENTED_EDGE('',*,*,#7071,.F.);
#9741=ORIENTED_EDGE('',*,*,#7051,.F.);
#9742=ORIENTED_EDGE('',*,*,#7189,.F.);
#9743=ORIENTED_EDGE('',*,*,#7017,.F.);
#9744=ORIENTED_EDGE('',*,*,#7042,.T.);
#9745=ORIENTED_EDGE('',*,*,#6963,.F.);
#9746=ORIENTED_EDGE('',*,*,#7193,.T.);
#9747=ORIENTED_EDGE('',*,*,#6998,.T.);
#9748=ORIENTED_EDGE('',*,*,#7194,.T.);
#9749=ORIENTED_EDGE('',*,*,#6973,.T.);
#9750=ORIENTED_EDGE('',*,*,#7195,.T.);
#9751=ORIENTED_EDGE('',*,*,#6988,.F.);
#9752=ORIENTED_EDGE('',*,*,#7196,.T.);
#9753=ORIENTED_EDGE('',*,*,#6990,.F.);
#9754=ORIENTED_EDGE('',*,*,#7197,.T.);
#9755=ORIENTED_EDGE('',*,*,#6971,.T.);
#9756=ORIENTED_EDGE('',*,*,#7198,.T.);
#9757=ORIENTED_EDGE('',*,*,#6959,.F.);
#9758=ORIENTED_EDGE('',*,*,#7199,.T.);
#9759=ORIENTED_EDGE('',*,*,#6979,.F.);
#9760=ORIENTED_EDGE('',*,*,#7200,.T.);
#9761=ORIENTED_EDGE('',*,*,#6974,.F.);
#9762=ORIENTED_EDGE('',*,*,#7196,.F.);
#9763=ORIENTED_EDGE('',*,*,#6987,.F.);
#9764=ORIENTED_EDGE('',*,*,#7188,.F.);
#9765=ORIENTED_EDGE('',*,*,#6964,.F.);
#9766=ORIENTED_EDGE('',*,*,#7194,.F.);
#9767=ORIENTED_EDGE('',*,*,#6997,.F.);
#9768=ORIENTED_EDGE('',*,*,#7192,.F.);
#9769=ORIENTED_EDGE('',*,*,#6978,.F.);
#9770=ORIENTED_EDGE('',*,*,#7191,.F.);
#9771=ORIENTED_EDGE('',*,*,#6983,.F.);
#9772=ORIENTED_EDGE('',*,*,#7005,.F.);
#9773=ORIENTED_EDGE('',*,*,#6958,.F.);
#9774=ORIENTED_EDGE('',*,*,#7201,.F.);
#9775=ORIENTED_EDGE('',*,*,#6980,.F.);
#9776=ORIENTED_EDGE('',*,*,#7199,.F.);
#9777=ORIENTED_EDGE('',*,*,#6981,.F.);
#9778=ORIENTED_EDGE('',*,*,#7201,.T.);
#9779=ORIENTED_EDGE('',*,*,#6957,.F.);
#9780=ORIENTED_EDGE('',*,*,#7004,.F.);
#9781=ORIENTED_EDGE('',*,*,#6999,.F.);
#9782=ORIENTED_EDGE('',*,*,#7193,.F.);
#9783=ORIENTED_EDGE('',*,*,#6962,.F.);
#9784=ORIENTED_EDGE('',*,*,#7002,.F.);
#9785=ORIENTED_EDGE('',*,*,#7001,.F.);
#9786=ORIENTED_EDGE('',*,*,#7003,.F.);
#9787=ORIENTED_EDGE('',*,*,#6960,.F.);
#9788=ORIENTED_EDGE('',*,*,#7200,.F.);
#9789=ORIENTED_EDGE('',*,*,#6989,.F.);
#9790=ORIENTED_EDGE('',*,*,#7195,.F.);
#9791=ORIENTED_EDGE('',*,*,#6972,.F.);
#9792=ORIENTED_EDGE('',*,*,#7197,.F.);
#9793=ORIENTED_EDGE('',*,*,#6991,.F.);
#9794=ORIENTED_EDGE('',*,*,#7198,.F.);
#9795=ORIENTED_EDGE('',*,*,#6970,.F.);
#9796=ORIENTED_EDGE('',*,*,#7030,.F.);
#9797=ORIENTED_EDGE('',*,*,#7007,.T.);
#9798=ORIENTED_EDGE('',*,*,#7186,.F.);
#9799=ORIENTED_EDGE('',*,*,#7045,.F.);
#9800=ORIENTED_EDGE('',*,*,#7168,.T.);
#9801=ORIENTED_EDGE('',*,*,#7202,.T.);
#9802=ORIENTED_EDGE('',*,*,#7203,.T.);
#9803=ORIENTED_EDGE('',*,*,#7204,.F.);
#9804=ORIENTED_EDGE('',*,*,#7155,.F.);
#9805=ORIENTED_EDGE('',*,*,#7204,.T.);
#9806=ORIENTED_EDGE('',*,*,#7205,.T.);
#9807=ORIENTED_EDGE('',*,*,#7206,.F.);
#9808=ORIENTED_EDGE('',*,*,#7156,.F.);
#9809=ORIENTED_EDGE('',*,*,#7206,.T.);
#9810=ORIENTED_EDGE('',*,*,#7207,.T.);
#9811=ORIENTED_EDGE('',*,*,#7208,.F.);
#9812=ORIENTED_EDGE('',*,*,#7153,.F.);
#9813=ORIENTED_EDGE('',*,*,#7208,.T.);
#9814=ORIENTED_EDGE('',*,*,#7209,.T.);
#9815=ORIENTED_EDGE('',*,*,#7202,.F.);
#9816=ORIENTED_EDGE('',*,*,#7154,.F.);
#9817=ORIENTED_EDGE('',*,*,#7210,.T.);
#9818=ORIENTED_EDGE('',*,*,#7211,.T.);
#9819=ORIENTED_EDGE('',*,*,#7212,.F.);
#9820=ORIENTED_EDGE('',*,*,#7151,.F.);
#9821=ORIENTED_EDGE('',*,*,#7212,.T.);
#9822=ORIENTED_EDGE('',*,*,#7213,.T.);
#9823=ORIENTED_EDGE('',*,*,#7214,.F.);
#9824=ORIENTED_EDGE('',*,*,#7152,.F.);
#9825=ORIENTED_EDGE('',*,*,#7214,.T.);
#9826=ORIENTED_EDGE('',*,*,#7215,.T.);
#9827=ORIENTED_EDGE('',*,*,#7216,.F.);
#9828=ORIENTED_EDGE('',*,*,#7149,.F.);
#9829=ORIENTED_EDGE('',*,*,#7216,.T.);
#9830=ORIENTED_EDGE('',*,*,#7217,.T.);
#9831=ORIENTED_EDGE('',*,*,#7210,.F.);
#9832=ORIENTED_EDGE('',*,*,#7150,.F.);
#9833=ORIENTED_EDGE('',*,*,#7218,.F.);
#9834=ORIENTED_EDGE('',*,*,#7219,.T.);
#9835=ORIENTED_EDGE('',*,*,#7220,.T.);
#9836=ORIENTED_EDGE('',*,*,#7065,.F.);
#9837=ORIENTED_EDGE('',*,*,#7220,.F.);
#9838=ORIENTED_EDGE('',*,*,#7221,.T.);
#9839=ORIENTED_EDGE('',*,*,#7222,.T.);
#9840=ORIENTED_EDGE('',*,*,#7066,.F.);
#9841=ORIENTED_EDGE('',*,*,#7222,.F.);
#9842=ORIENTED_EDGE('',*,*,#7223,.T.);
#9843=ORIENTED_EDGE('',*,*,#7224,.T.);
#9844=ORIENTED_EDGE('',*,*,#7067,.F.);
#9845=ORIENTED_EDGE('',*,*,#7224,.F.);
#9846=ORIENTED_EDGE('',*,*,#7225,.T.);
#9847=ORIENTED_EDGE('',*,*,#7218,.T.);
#9848=ORIENTED_EDGE('',*,*,#7064,.F.);
#9849=ORIENTED_EDGE('',*,*,#7226,.F.);
#9850=ORIENTED_EDGE('',*,*,#7227,.T.);
#9851=ORIENTED_EDGE('',*,*,#7228,.T.);
#9852=ORIENTED_EDGE('',*,*,#7061,.F.);
#9853=ORIENTED_EDGE('',*,*,#7228,.F.);
#9854=ORIENTED_EDGE('',*,*,#7229,.T.);
#9855=ORIENTED_EDGE('',*,*,#7230,.T.);
#9856=ORIENTED_EDGE('',*,*,#7062,.F.);
#9857=ORIENTED_EDGE('',*,*,#7230,.F.);
#9858=ORIENTED_EDGE('',*,*,#7231,.T.);
#9859=ORIENTED_EDGE('',*,*,#7232,.T.);
#9860=ORIENTED_EDGE('',*,*,#7063,.F.);
#9861=ORIENTED_EDGE('',*,*,#7232,.F.);
#9862=ORIENTED_EDGE('',*,*,#7233,.T.);
#9863=ORIENTED_EDGE('',*,*,#7226,.T.);
#9864=ORIENTED_EDGE('',*,*,#7060,.F.);
#9865=ORIENTED_EDGE('',*,*,#7234,.F.);
#9866=ORIENTED_EDGE('',*,*,#7225,.F.);
#9867=ORIENTED_EDGE('',*,*,#7235,.F.);
#9868=ORIENTED_EDGE('',*,*,#7025,.F.);
#9869=ORIENTED_EDGE('',*,*,#7235,.T.);
#9870=ORIENTED_EDGE('',*,*,#7223,.F.);
#9871=ORIENTED_EDGE('',*,*,#7236,.F.);
#9872=ORIENTED_EDGE('',*,*,#7022,.F.);
#9873=ORIENTED_EDGE('',*,*,#7234,.T.);
#9874=ORIENTED_EDGE('',*,*,#7024,.F.);
#9875=ORIENTED_EDGE('',*,*,#7237,.F.);
#9876=ORIENTED_EDGE('',*,*,#7219,.F.);
#9877=ORIENTED_EDGE('',*,*,#7236,.T.);
#9878=ORIENTED_EDGE('',*,*,#7221,.F.);
#9879=ORIENTED_EDGE('',*,*,#7237,.T.);
#9880=ORIENTED_EDGE('',*,*,#7023,.F.);
#9881=ORIENTED_EDGE('',*,*,#7238,.F.);
#9882=ORIENTED_EDGE('',*,*,#7227,.F.);
#9883=ORIENTED_EDGE('',*,*,#7239,.F.);
#9884=ORIENTED_EDGE('',*,*,#7029,.F.);
#9885=ORIENTED_EDGE('',*,*,#7239,.T.);
#9886=ORIENTED_EDGE('',*,*,#7233,.F.);
#9887=ORIENTED_EDGE('',*,*,#7240,.F.);
#9888=ORIENTED_EDGE('',*,*,#7026,.F.);
#9889=ORIENTED_EDGE('',*,*,#7238,.T.);
#9890=ORIENTED_EDGE('',*,*,#7028,.F.);
#9891=ORIENTED_EDGE('',*,*,#7241,.F.);
#9892=ORIENTED_EDGE('',*,*,#7229,.F.);
#9893=ORIENTED_EDGE('',*,*,#7240,.T.);
#9894=ORIENTED_EDGE('',*,*,#7231,.F.);
#9895=ORIENTED_EDGE('',*,*,#7241,.T.);
#9896=ORIENTED_EDGE('',*,*,#7027,.F.);
#9897=ORIENTED_EDGE('',*,*,#7242,.F.);
#9898=ORIENTED_EDGE('',*,*,#7105,.F.);
#9899=ORIENTED_EDGE('',*,*,#7243,.F.);
#9900=ORIENTED_EDGE('',*,*,#7217,.F.);
#9901=ORIENTED_EDGE('',*,*,#7243,.T.);
#9902=ORIENTED_EDGE('',*,*,#7104,.F.);
#9903=ORIENTED_EDGE('',*,*,#7244,.F.);
#9904=ORIENTED_EDGE('',*,*,#7211,.F.);
#9905=ORIENTED_EDGE('',*,*,#7242,.T.);
#9906=ORIENTED_EDGE('',*,*,#7215,.F.);
#9907=ORIENTED_EDGE('',*,*,#7245,.F.);
#9908=ORIENTED_EDGE('',*,*,#7102,.F.);
#9909=ORIENTED_EDGE('',*,*,#7244,.T.);
#9910=ORIENTED_EDGE('',*,*,#7103,.F.);
#9911=ORIENTED_EDGE('',*,*,#7245,.T.);
#9912=ORIENTED_EDGE('',*,*,#7213,.F.);
#9913=ORIENTED_EDGE('',*,*,#7246,.F.);
#9914=ORIENTED_EDGE('',*,*,#7109,.F.);
#9915=ORIENTED_EDGE('',*,*,#7247,.F.);
#9916=ORIENTED_EDGE('',*,*,#7209,.F.);
#9917=ORIENTED_EDGE('',*,*,#7247,.T.);
#9918=ORIENTED_EDGE('',*,*,#7108,.F.);
#9919=ORIENTED_EDGE('',*,*,#7248,.F.);
#9920=ORIENTED_EDGE('',*,*,#7203,.F.);
#9921=ORIENTED_EDGE('',*,*,#7246,.T.);
#9922=ORIENTED_EDGE('',*,*,#7207,.F.);
#9923=ORIENTED_EDGE('',*,*,#7249,.F.);
#9924=ORIENTED_EDGE('',*,*,#7106,.F.);
#9925=ORIENTED_EDGE('',*,*,#7248,.T.);
#9926=ORIENTED_EDGE('',*,*,#7107,.F.);
#9927=ORIENTED_EDGE('',*,*,#7249,.T.);
#9928=ORIENTED_EDGE('',*,*,#7205,.F.);
#9929=ORIENTED_EDGE('',*,*,#7250,.T.);
#9930=ORIENTED_EDGE('',*,*,#7251,.T.);
#9931=ORIENTED_EDGE('',*,*,#7252,.F.);
#9932=ORIENTED_EDGE('',*,*,#7253,.F.);
#9933=ORIENTED_EDGE('',*,*,#7251,.F.);
#9934=ORIENTED_EDGE('',*,*,#7254,.T.);
#9935=ORIENTED_EDGE('',*,*,#7255,.T.);
#9936=ORIENTED_EDGE('',*,*,#7256,.F.);
#9937=ORIENTED_EDGE('',*,*,#7257,.F.);
#9938=ORIENTED_EDGE('',*,*,#7258,.T.);
#9939=ORIENTED_EDGE('',*,*,#7259,.T.);
#9940=ORIENTED_EDGE('',*,*,#7255,.F.);
#9941=ORIENTED_EDGE('',*,*,#7258,.F.);
#9942=ORIENTED_EDGE('',*,*,#7260,.T.);
#9943=ORIENTED_EDGE('',*,*,#7261,.T.);
#9944=ORIENTED_EDGE('',*,*,#7262,.F.);
#9945=ORIENTED_EDGE('',*,*,#7263,.T.);
#9946=ORIENTED_EDGE('',*,*,#7264,.T.);
#9947=ORIENTED_EDGE('',*,*,#7261,.F.);
#9948=ORIENTED_EDGE('',*,*,#7265,.F.);
#9949=ORIENTED_EDGE('',*,*,#7266,.T.);
#9950=ORIENTED_EDGE('',*,*,#7267,.T.);
#9951=ORIENTED_EDGE('',*,*,#7263,.F.);
#9952=ORIENTED_EDGE('',*,*,#7268,.F.);
#9953=ORIENTED_EDGE('',*,*,#7269,.T.);
#9954=ORIENTED_EDGE('',*,*,#7270,.T.);
#9955=ORIENTED_EDGE('',*,*,#7266,.F.);
#9956=ORIENTED_EDGE('',*,*,#7271,.F.);
#9957=ORIENTED_EDGE('',*,*,#7272,.T.);
#9958=ORIENTED_EDGE('',*,*,#7273,.T.);
#9959=ORIENTED_EDGE('',*,*,#7274,.F.);
#9960=ORIENTED_EDGE('',*,*,#7269,.F.);
#9961=ORIENTED_EDGE('',*,*,#7275,.T.);
#9962=ORIENTED_EDGE('',*,*,#7276,.T.);
#9963=ORIENTED_EDGE('',*,*,#7273,.F.);
#9964=ORIENTED_EDGE('',*,*,#7277,.F.);
#9965=ORIENTED_EDGE('',*,*,#7278,.F.);
#9966=ORIENTED_EDGE('',*,*,#7279,.T.);
#9967=ORIENTED_EDGE('',*,*,#7280,.T.);
#9968=ORIENTED_EDGE('',*,*,#7275,.F.);
#9969=ORIENTED_EDGE('',*,*,#7253,.T.);
#9970=ORIENTED_EDGE('',*,*,#7281,.T.);
#9971=ORIENTED_EDGE('',*,*,#7279,.F.);
#9972=ORIENTED_EDGE('',*,*,#7282,.F.);
#9973=ORIENTED_EDGE('',*,*,#7250,.F.);
#9974=ORIENTED_EDGE('',*,*,#7282,.T.);
#9975=ORIENTED_EDGE('',*,*,#7278,.T.);
#9976=ORIENTED_EDGE('',*,*,#7277,.T.);
#9977=ORIENTED_EDGE('',*,*,#7272,.F.);
#9978=ORIENTED_EDGE('',*,*,#7271,.T.);
#9979=ORIENTED_EDGE('',*,*,#7268,.T.);
#9980=ORIENTED_EDGE('',*,*,#7265,.T.);
#9981=ORIENTED_EDGE('',*,*,#7260,.F.);
#9982=ORIENTED_EDGE('',*,*,#7257,.T.);
#9983=ORIENTED_EDGE('',*,*,#7254,.F.);
#9984=ORIENTED_EDGE('',*,*,#7252,.T.);
#9985=ORIENTED_EDGE('',*,*,#7256,.T.);
#9986=ORIENTED_EDGE('',*,*,#7259,.F.);
#9987=ORIENTED_EDGE('',*,*,#7262,.T.);
#9988=ORIENTED_EDGE('',*,*,#7264,.F.);
#9989=ORIENTED_EDGE('',*,*,#7267,.F.);
#9990=ORIENTED_EDGE('',*,*,#7270,.F.);
#9991=ORIENTED_EDGE('',*,*,#7274,.T.);
#9992=ORIENTED_EDGE('',*,*,#7276,.F.);
#9993=ORIENTED_EDGE('',*,*,#7280,.F.);
#9994=ORIENTED_EDGE('',*,*,#7281,.F.);
#9995=ORIENTED_EDGE('',*,*,#7283,.T.);
#9996=ORIENTED_EDGE('',*,*,#7284,.T.);
#9997=ORIENTED_EDGE('',*,*,#7285,.F.);
#9998=ORIENTED_EDGE('',*,*,#7286,.F.);
#9999=ORIENTED_EDGE('',*,*,#7284,.F.);
#10000=ORIENTED_EDGE('',*,*,#7287,.T.);
#10001=ORIENTED_EDGE('',*,*,#7288,.T.);
#10002=ORIENTED_EDGE('',*,*,#7289,.F.);
#10003=ORIENTED_EDGE('',*,*,#7290,.F.);
#10004=ORIENTED_EDGE('',*,*,#7291,.T.);
#10005=ORIENTED_EDGE('',*,*,#7292,.T.);
#10006=ORIENTED_EDGE('',*,*,#7288,.F.);
#10007=ORIENTED_EDGE('',*,*,#7291,.F.);
#10008=ORIENTED_EDGE('',*,*,#7293,.T.);
#10009=ORIENTED_EDGE('',*,*,#7294,.T.);
#10010=ORIENTED_EDGE('',*,*,#7295,.F.);
#10011=ORIENTED_EDGE('',*,*,#7296,.T.);
#10012=ORIENTED_EDGE('',*,*,#7297,.T.);
#10013=ORIENTED_EDGE('',*,*,#7294,.F.);
#10014=ORIENTED_EDGE('',*,*,#7298,.F.);
#10015=ORIENTED_EDGE('',*,*,#7299,.T.);
#10016=ORIENTED_EDGE('',*,*,#7300,.T.);
#10017=ORIENTED_EDGE('',*,*,#7296,.F.);
#10018=ORIENTED_EDGE('',*,*,#7301,.F.);
#10019=ORIENTED_EDGE('',*,*,#7302,.T.);
#10020=ORIENTED_EDGE('',*,*,#7303,.T.);
#10021=ORIENTED_EDGE('',*,*,#7299,.F.);
#10022=ORIENTED_EDGE('',*,*,#7304,.F.);
#10023=ORIENTED_EDGE('',*,*,#7305,.T.);
#10024=ORIENTED_EDGE('',*,*,#7306,.T.);
#10025=ORIENTED_EDGE('',*,*,#7307,.F.);
#10026=ORIENTED_EDGE('',*,*,#7302,.F.);
#10027=ORIENTED_EDGE('',*,*,#7308,.T.);
#10028=ORIENTED_EDGE('',*,*,#7309,.T.);
#10029=ORIENTED_EDGE('',*,*,#7306,.F.);
#10030=ORIENTED_EDGE('',*,*,#7310,.F.);
#10031=ORIENTED_EDGE('',*,*,#7311,.F.);
#10032=ORIENTED_EDGE('',*,*,#7312,.T.);
#10033=ORIENTED_EDGE('',*,*,#7313,.T.);
#10034=ORIENTED_EDGE('',*,*,#7308,.F.);
#10035=ORIENTED_EDGE('',*,*,#7286,.T.);
#10036=ORIENTED_EDGE('',*,*,#7314,.T.);
#10037=ORIENTED_EDGE('',*,*,#7312,.F.);
#10038=ORIENTED_EDGE('',*,*,#7315,.F.);
#10039=ORIENTED_EDGE('',*,*,#7283,.F.);
#10040=ORIENTED_EDGE('',*,*,#7315,.T.);
#10041=ORIENTED_EDGE('',*,*,#7311,.T.);
#10042=ORIENTED_EDGE('',*,*,#7310,.T.);
#10043=ORIENTED_EDGE('',*,*,#7305,.F.);
#10044=ORIENTED_EDGE('',*,*,#7304,.T.);
#10045=ORIENTED_EDGE('',*,*,#7301,.T.);
#10046=ORIENTED_EDGE('',*,*,#7298,.T.);
#10047=ORIENTED_EDGE('',*,*,#7293,.F.);
#10048=ORIENTED_EDGE('',*,*,#7290,.T.);
#10049=ORIENTED_EDGE('',*,*,#7287,.F.);
#10050=ORIENTED_EDGE('',*,*,#7285,.T.);
#10051=ORIENTED_EDGE('',*,*,#7289,.T.);
#10052=ORIENTED_EDGE('',*,*,#7292,.F.);
#10053=ORIENTED_EDGE('',*,*,#7295,.T.);
#10054=ORIENTED_EDGE('',*,*,#7297,.F.);
#10055=ORIENTED_EDGE('',*,*,#7300,.F.);
#10056=ORIENTED_EDGE('',*,*,#7303,.F.);
#10057=ORIENTED_EDGE('',*,*,#7307,.T.);
#10058=ORIENTED_EDGE('',*,*,#7309,.F.);
#10059=ORIENTED_EDGE('',*,*,#7313,.F.);
#10060=ORIENTED_EDGE('',*,*,#7314,.F.);
#10061=ORIENTED_EDGE('',*,*,#7316,.T.);
#10062=ORIENTED_EDGE('',*,*,#7317,.T.);
#10063=ORIENTED_EDGE('',*,*,#7318,.F.);
#10064=ORIENTED_EDGE('',*,*,#7319,.F.);
#10065=ORIENTED_EDGE('',*,*,#7317,.F.);
#10066=ORIENTED_EDGE('',*,*,#7320,.T.);
#10067=ORIENTED_EDGE('',*,*,#7321,.T.);
#10068=ORIENTED_EDGE('',*,*,#7322,.F.);
#10069=ORIENTED_EDGE('',*,*,#7323,.F.);
#10070=ORIENTED_EDGE('',*,*,#7324,.T.);
#10071=ORIENTED_EDGE('',*,*,#7325,.T.);
#10072=ORIENTED_EDGE('',*,*,#7321,.F.);
#10073=ORIENTED_EDGE('',*,*,#7324,.F.);
#10074=ORIENTED_EDGE('',*,*,#7326,.T.);
#10075=ORIENTED_EDGE('',*,*,#7327,.T.);
#10076=ORIENTED_EDGE('',*,*,#7328,.F.);
#10077=ORIENTED_EDGE('',*,*,#7329,.T.);
#10078=ORIENTED_EDGE('',*,*,#7330,.T.);
#10079=ORIENTED_EDGE('',*,*,#7327,.F.);
#10080=ORIENTED_EDGE('',*,*,#7331,.F.);
#10081=ORIENTED_EDGE('',*,*,#7332,.T.);
#10082=ORIENTED_EDGE('',*,*,#7333,.T.);
#10083=ORIENTED_EDGE('',*,*,#7329,.F.);
#10084=ORIENTED_EDGE('',*,*,#7334,.F.);
#10085=ORIENTED_EDGE('',*,*,#7335,.T.);
#10086=ORIENTED_EDGE('',*,*,#7336,.T.);
#10087=ORIENTED_EDGE('',*,*,#7332,.F.);
#10088=ORIENTED_EDGE('',*,*,#7337,.F.);
#10089=ORIENTED_EDGE('',*,*,#7338,.T.);
#10090=ORIENTED_EDGE('',*,*,#7339,.T.);
#10091=ORIENTED_EDGE('',*,*,#7340,.F.);
#10092=ORIENTED_EDGE('',*,*,#7335,.F.);
#10093=ORIENTED_EDGE('',*,*,#7341,.T.);
#10094=ORIENTED_EDGE('',*,*,#7342,.T.);
#10095=ORIENTED_EDGE('',*,*,#7339,.F.);
#10096=ORIENTED_EDGE('',*,*,#7343,.F.);
#10097=ORIENTED_EDGE('',*,*,#7344,.F.);
#10098=ORIENTED_EDGE('',*,*,#7345,.T.);
#10099=ORIENTED_EDGE('',*,*,#7346,.T.);
#10100=ORIENTED_EDGE('',*,*,#7341,.F.);
#10101=ORIENTED_EDGE('',*,*,#7319,.T.);
#10102=ORIENTED_EDGE('',*,*,#7347,.T.);
#10103=ORIENTED_EDGE('',*,*,#7345,.F.);
#10104=ORIENTED_EDGE('',*,*,#7348,.F.);
#10105=ORIENTED_EDGE('',*,*,#7316,.F.);
#10106=ORIENTED_EDGE('',*,*,#7348,.T.);
#10107=ORIENTED_EDGE('',*,*,#7344,.T.);
#10108=ORIENTED_EDGE('',*,*,#7343,.T.);
#10109=ORIENTED_EDGE('',*,*,#7338,.F.);
#10110=ORIENTED_EDGE('',*,*,#7337,.T.);
#10111=ORIENTED_EDGE('',*,*,#7334,.T.);
#10112=ORIENTED_EDGE('',*,*,#7331,.T.);
#10113=ORIENTED_EDGE('',*,*,#7326,.F.);
#10114=ORIENTED_EDGE('',*,*,#7323,.T.);
#10115=ORIENTED_EDGE('',*,*,#7320,.F.);
#10116=ORIENTED_EDGE('',*,*,#7318,.T.);
#10117=ORIENTED_EDGE('',*,*,#7322,.T.);
#10118=ORIENTED_EDGE('',*,*,#7325,.F.);
#10119=ORIENTED_EDGE('',*,*,#7328,.T.);
#10120=ORIENTED_EDGE('',*,*,#7330,.F.);
#10121=ORIENTED_EDGE('',*,*,#7333,.F.);
#10122=ORIENTED_EDGE('',*,*,#7336,.F.);
#10123=ORIENTED_EDGE('',*,*,#7340,.T.);
#10124=ORIENTED_EDGE('',*,*,#7342,.F.);
#10125=ORIENTED_EDGE('',*,*,#7346,.F.);
#10126=ORIENTED_EDGE('',*,*,#7347,.F.);
#10127=ORIENTED_EDGE('',*,*,#7349,.T.);
#10128=ORIENTED_EDGE('',*,*,#7350,.T.);
#10129=ORIENTED_EDGE('',*,*,#7351,.F.);
#10130=ORIENTED_EDGE('',*,*,#7352,.F.);
#10131=ORIENTED_EDGE('',*,*,#7350,.F.);
#10132=ORIENTED_EDGE('',*,*,#7353,.T.);
#10133=ORIENTED_EDGE('',*,*,#7354,.T.);
#10134=ORIENTED_EDGE('',*,*,#7355,.F.);
#10135=ORIENTED_EDGE('',*,*,#7356,.F.);
#10136=ORIENTED_EDGE('',*,*,#7357,.T.);
#10137=ORIENTED_EDGE('',*,*,#7358,.T.);
#10138=ORIENTED_EDGE('',*,*,#7354,.F.);
#10139=ORIENTED_EDGE('',*,*,#7357,.F.);
#10140=ORIENTED_EDGE('',*,*,#7359,.T.);
#10141=ORIENTED_EDGE('',*,*,#7360,.T.);
#10142=ORIENTED_EDGE('',*,*,#7361,.F.);
#10143=ORIENTED_EDGE('',*,*,#7362,.T.);
#10144=ORIENTED_EDGE('',*,*,#7363,.T.);
#10145=ORIENTED_EDGE('',*,*,#7360,.F.);
#10146=ORIENTED_EDGE('',*,*,#7364,.F.);
#10147=ORIENTED_EDGE('',*,*,#7365,.T.);
#10148=ORIENTED_EDGE('',*,*,#7366,.T.);
#10149=ORIENTED_EDGE('',*,*,#7362,.F.);
#10150=ORIENTED_EDGE('',*,*,#7367,.F.);
#10151=ORIENTED_EDGE('',*,*,#7368,.T.);
#10152=ORIENTED_EDGE('',*,*,#7369,.T.);
#10153=ORIENTED_EDGE('',*,*,#7365,.F.);
#10154=ORIENTED_EDGE('',*,*,#7370,.F.);
#10155=ORIENTED_EDGE('',*,*,#7371,.T.);
#10156=ORIENTED_EDGE('',*,*,#7372,.T.);
#10157=ORIENTED_EDGE('',*,*,#7373,.F.);
#10158=ORIENTED_EDGE('',*,*,#7368,.F.);
#10159=ORIENTED_EDGE('',*,*,#7374,.T.);
#10160=ORIENTED_EDGE('',*,*,#7375,.T.);
#10161=ORIENTED_EDGE('',*,*,#7372,.F.);
#10162=ORIENTED_EDGE('',*,*,#7376,.F.);
#10163=ORIENTED_EDGE('',*,*,#7377,.F.);
#10164=ORIENTED_EDGE('',*,*,#7378,.T.);
#10165=ORIENTED_EDGE('',*,*,#7379,.T.);
#10166=ORIENTED_EDGE('',*,*,#7374,.F.);
#10167=ORIENTED_EDGE('',*,*,#7352,.T.);
#10168=ORIENTED_EDGE('',*,*,#7380,.T.);
#10169=ORIENTED_EDGE('',*,*,#7378,.F.);
#10170=ORIENTED_EDGE('',*,*,#7381,.F.);
#10171=ORIENTED_EDGE('',*,*,#7349,.F.);
#10172=ORIENTED_EDGE('',*,*,#7381,.T.);
#10173=ORIENTED_EDGE('',*,*,#7377,.T.);
#10174=ORIENTED_EDGE('',*,*,#7376,.T.);
#10175=ORIENTED_EDGE('',*,*,#7371,.F.);
#10176=ORIENTED_EDGE('',*,*,#7370,.T.);
#10177=ORIENTED_EDGE('',*,*,#7367,.T.);
#10178=ORIENTED_EDGE('',*,*,#7364,.T.);
#10179=ORIENTED_EDGE('',*,*,#7359,.F.);
#10180=ORIENTED_EDGE('',*,*,#7356,.T.);
#10181=ORIENTED_EDGE('',*,*,#7353,.F.);
#10182=ORIENTED_EDGE('',*,*,#7351,.T.);
#10183=ORIENTED_EDGE('',*,*,#7355,.T.);
#10184=ORIENTED_EDGE('',*,*,#7358,.F.);
#10185=ORIENTED_EDGE('',*,*,#7361,.T.);
#10186=ORIENTED_EDGE('',*,*,#7363,.F.);
#10187=ORIENTED_EDGE('',*,*,#7366,.F.);
#10188=ORIENTED_EDGE('',*,*,#7369,.F.);
#10189=ORIENTED_EDGE('',*,*,#7373,.T.);
#10190=ORIENTED_EDGE('',*,*,#7375,.F.);
#10191=ORIENTED_EDGE('',*,*,#7379,.F.);
#10192=ORIENTED_EDGE('',*,*,#7380,.F.);
#10193=ORIENTED_EDGE('',*,*,#7382,.T.);
#10194=ORIENTED_EDGE('',*,*,#7383,.T.);
#10195=ORIENTED_EDGE('',*,*,#7384,.F.);
#10196=ORIENTED_EDGE('',*,*,#7385,.F.);
#10197=ORIENTED_EDGE('',*,*,#7383,.F.);
#10198=ORIENTED_EDGE('',*,*,#7386,.F.);
#10199=ORIENTED_EDGE('',*,*,#7384,.T.);
#10200=ORIENTED_EDGE('',*,*,#7385,.T.);
#10201=ORIENTED_EDGE('',*,*,#7386,.T.);
#10202=ORIENTED_EDGE('',*,*,#7387,.F.);
#10203=ORIENTED_EDGE('',*,*,#7382,.F.);
#10204=ORIENTED_EDGE('',*,*,#7387,.T.);
#10205=ORIENTED_EDGE('',*,*,#7388,.F.);
#10206=ORIENTED_EDGE('',*,*,#7389,.T.);
#10207=ORIENTED_EDGE('',*,*,#7390,.T.);
#10208=ORIENTED_EDGE('',*,*,#7391,.F.);
#10209=ORIENTED_EDGE('',*,*,#7392,.F.);
#10210=ORIENTED_EDGE('',*,*,#7393,.T.);
#10211=ORIENTED_EDGE('',*,*,#7394,.F.);
#10212=ORIENTED_EDGE('',*,*,#7395,.F.);
#10213=ORIENTED_EDGE('',*,*,#7388,.T.);
#10214=ORIENTED_EDGE('',*,*,#7396,.T.);
#10215=ORIENTED_EDGE('',*,*,#7397,.F.);
#10216=ORIENTED_EDGE('',*,*,#7398,.T.);
#10217=ORIENTED_EDGE('',*,*,#7399,.F.);
#10218=ORIENTED_EDGE('',*,*,#7395,.T.);
#10219=ORIENTED_EDGE('',*,*,#7400,.T.);
#10220=ORIENTED_EDGE('',*,*,#7401,.F.);
#10221=ORIENTED_EDGE('',*,*,#7396,.F.);
#10222=ORIENTED_EDGE('',*,*,#7394,.T.);
#10223=ORIENTED_EDGE('',*,*,#7402,.T.);
#10224=ORIENTED_EDGE('',*,*,#7403,.F.);
#10225=ORIENTED_EDGE('',*,*,#7404,.T.);
#10226=ORIENTED_EDGE('',*,*,#7405,.T.);
#10227=ORIENTED_EDGE('',*,*,#7406,.F.);
#10228=ORIENTED_EDGE('',*,*,#7407,.T.);
#10229=ORIENTED_EDGE('',*,*,#7408,.T.);
#10230=ORIENTED_EDGE('',*,*,#7409,.F.);
#10231=ORIENTED_EDGE('',*,*,#7410,.T.);
#10232=ORIENTED_EDGE('',*,*,#7411,.T.);
#10233=ORIENTED_EDGE('',*,*,#7400,.F.);
#10234=ORIENTED_EDGE('',*,*,#7393,.F.);
#10235=ORIENTED_EDGE('',*,*,#7412,.T.);
#10236=ORIENTED_EDGE('',*,*,#7413,.T.);
#10237=ORIENTED_EDGE('',*,*,#7402,.F.);
#10238=ORIENTED_EDGE('',*,*,#7392,.T.);
#10239=ORIENTED_EDGE('',*,*,#7414,.F.);
#10240=ORIENTED_EDGE('',*,*,#7415,.T.);
#10241=ORIENTED_EDGE('',*,*,#7416,.T.);
#10242=ORIENTED_EDGE('',*,*,#7412,.F.);
#10243=ORIENTED_EDGE('',*,*,#7414,.T.);
#10244=ORIENTED_EDGE('',*,*,#7391,.T.);
#10245=ORIENTED_EDGE('',*,*,#7417,.F.);
#10246=ORIENTED_EDGE('',*,*,#7418,.F.);
#10247=ORIENTED_EDGE('',*,*,#7390,.F.);
#10248=ORIENTED_EDGE('',*,*,#7419,.T.);
#10249=ORIENTED_EDGE('',*,*,#7420,.F.);
#10250=ORIENTED_EDGE('',*,*,#7421,.T.);
#10251=ORIENTED_EDGE('',*,*,#7422,.F.);
#10252=ORIENTED_EDGE('',*,*,#7423,.T.);
#10253=ORIENTED_EDGE('',*,*,#7424,.F.);
#10254=ORIENTED_EDGE('',*,*,#7417,.T.);
#10255=ORIENTED_EDGE('',*,*,#7399,.T.);
#10256=ORIENTED_EDGE('',*,*,#7425,.T.);
#10257=ORIENTED_EDGE('',*,*,#7419,.F.);
#10258=ORIENTED_EDGE('',*,*,#7389,.F.);
#10259=ORIENTED_EDGE('',*,*,#7426,.F.);
#10260=ORIENTED_EDGE('',*,*,#7397,.T.);
#10261=ORIENTED_EDGE('',*,*,#7401,.T.);
#10262=ORIENTED_EDGE('',*,*,#7411,.F.);
#10263=ORIENTED_EDGE('',*,*,#7427,.F.);
#10264=ORIENTED_EDGE('',*,*,#7428,.T.);
#10265=ORIENTED_EDGE('',*,*,#7420,.T.);
#10266=ORIENTED_EDGE('',*,*,#7425,.F.);
#10267=ORIENTED_EDGE('',*,*,#7398,.F.);
#10268=ORIENTED_EDGE('',*,*,#7426,.T.);
#10269=ORIENTED_EDGE('',*,*,#7410,.F.);
#10270=ORIENTED_EDGE('',*,*,#7429,.F.);
#10271=ORIENTED_EDGE('',*,*,#7430,.T.);
#10272=ORIENTED_EDGE('',*,*,#7403,.T.);
#10273=ORIENTED_EDGE('',*,*,#7413,.F.);
#10274=ORIENTED_EDGE('',*,*,#7416,.F.);
#10275=ORIENTED_EDGE('',*,*,#7415,.F.);
#10276=ORIENTED_EDGE('',*,*,#7418,.T.);
#10277=ORIENTED_EDGE('',*,*,#7424,.T.);
#10278=ORIENTED_EDGE('',*,*,#7431,.F.);
#10279=ORIENTED_EDGE('',*,*,#7432,.F.);
#10280=ORIENTED_EDGE('',*,*,#7433,.T.);
#10281=ORIENTED_EDGE('',*,*,#7404,.F.);
#10282=ORIENTED_EDGE('',*,*,#7430,.F.);
#10283=ORIENTED_EDGE('',*,*,#7433,.F.);
#10284=ORIENTED_EDGE('',*,*,#7434,.T.);
#10285=ORIENTED_EDGE('',*,*,#7435,.T.);
#10286=ORIENTED_EDGE('',*,*,#7405,.F.);
#10287=ORIENTED_EDGE('',*,*,#7436,.T.);
#10288=ORIENTED_EDGE('',*,*,#7406,.T.);
#10289=ORIENTED_EDGE('',*,*,#7435,.F.);
#10290=ORIENTED_EDGE('',*,*,#7437,.F.);
#10291=ORIENTED_EDGE('',*,*,#7438,.F.);
#10292=ORIENTED_EDGE('',*,*,#7439,.T.);
#10293=ORIENTED_EDGE('',*,*,#7422,.T.);
#10294=ORIENTED_EDGE('',*,*,#7440,.F.);
#10295=ORIENTED_EDGE('',*,*,#7441,.F.);
#10296=ORIENTED_EDGE('',*,*,#7442,.T.);
#10297=ORIENTED_EDGE('',*,*,#7407,.F.);
#10298=ORIENTED_EDGE('',*,*,#7436,.F.);
#10299=ORIENTED_EDGE('',*,*,#7442,.F.);
#10300=ORIENTED_EDGE('',*,*,#7443,.T.);
#10301=ORIENTED_EDGE('',*,*,#7444,.T.);
#10302=ORIENTED_EDGE('',*,*,#7408,.F.);
#10303=ORIENTED_EDGE('',*,*,#7429,.T.);
#10304=ORIENTED_EDGE('',*,*,#7409,.T.);
#10305=ORIENTED_EDGE('',*,*,#7444,.F.);
#10306=ORIENTED_EDGE('',*,*,#7445,.F.);
#10307=ORIENTED_EDGE('',*,*,#7446,.T.);
#10308=ORIENTED_EDGE('',*,*,#7431,.T.);
#10309=ORIENTED_EDGE('',*,*,#7423,.F.);
#10310=ORIENTED_EDGE('',*,*,#7439,.F.);
#10311=ORIENTED_EDGE('',*,*,#7447,.T.);
#10312=ORIENTED_EDGE('',*,*,#7440,.T.);
#10313=ORIENTED_EDGE('',*,*,#7421,.F.);
#10314=ORIENTED_EDGE('',*,*,#7428,.F.);
#10315=ORIENTED_EDGE('',*,*,#7445,.T.);
#10316=ORIENTED_EDGE('',*,*,#7443,.F.);
#10317=ORIENTED_EDGE('',*,*,#7441,.T.);
#10318=ORIENTED_EDGE('',*,*,#7447,.F.);
#10319=ORIENTED_EDGE('',*,*,#7427,.T.);
#10320=ORIENTED_EDGE('',*,*,#7432,.T.);
#10321=ORIENTED_EDGE('',*,*,#7446,.F.);
#10322=ORIENTED_EDGE('',*,*,#7438,.T.);
#10323=ORIENTED_EDGE('',*,*,#7437,.T.);
#10324=ORIENTED_EDGE('',*,*,#7434,.F.);
#10325=ORIENTED_EDGE('',*,*,#7448,.T.);
#10326=ORIENTED_EDGE('',*,*,#7449,.T.);
#10327=ORIENTED_EDGE('',*,*,#7450,.F.);
#10328=ORIENTED_EDGE('',*,*,#7451,.F.);
#10329=ORIENTED_EDGE('',*,*,#7452,.T.);
#10330=ORIENTED_EDGE('',*,*,#7450,.T.);
#10331=ORIENTED_EDGE('',*,*,#7453,.F.);
#10332=ORIENTED_EDGE('',*,*,#7454,.F.);
#10333=ORIENTED_EDGE('',*,*,#7454,.T.);
#10334=ORIENTED_EDGE('',*,*,#7455,.T.);
#10335=ORIENTED_EDGE('',*,*,#7456,.F.);
#10336=ORIENTED_EDGE('',*,*,#7457,.F.);
#10337=ORIENTED_EDGE('',*,*,#7456,.T.);
#10338=ORIENTED_EDGE('',*,*,#7458,.T.);
#10339=ORIENTED_EDGE('',*,*,#7459,.F.);
#10340=ORIENTED_EDGE('',*,*,#7460,.F.);
#10341=ORIENTED_EDGE('',*,*,#7459,.T.);
#10342=ORIENTED_EDGE('',*,*,#7461,.T.);
#10343=ORIENTED_EDGE('',*,*,#7462,.F.);
#10344=ORIENTED_EDGE('',*,*,#7463,.F.);
#10345=ORIENTED_EDGE('',*,*,#7464,.F.);
#10346=ORIENTED_EDGE('',*,*,#7465,.T.);
#10347=ORIENTED_EDGE('',*,*,#7462,.T.);
#10348=ORIENTED_EDGE('',*,*,#7466,.F.);
#10349=ORIENTED_EDGE('',*,*,#7464,.T.);
#10350=ORIENTED_EDGE('',*,*,#7467,.T.);
#10351=ORIENTED_EDGE('',*,*,#7468,.F.);
#10352=ORIENTED_EDGE('',*,*,#7469,.F.);
#10353=ORIENTED_EDGE('',*,*,#7470,.T.);
#10354=ORIENTED_EDGE('',*,*,#7468,.T.);
#10355=ORIENTED_EDGE('',*,*,#7471,.F.);
#10356=ORIENTED_EDGE('',*,*,#7472,.F.);
#10357=ORIENTED_EDGE('',*,*,#7472,.T.);
#10358=ORIENTED_EDGE('',*,*,#7473,.T.);
#10359=ORIENTED_EDGE('',*,*,#7474,.F.);
#10360=ORIENTED_EDGE('',*,*,#7475,.F.);
#10361=ORIENTED_EDGE('',*,*,#7474,.T.);
#10362=ORIENTED_EDGE('',*,*,#7476,.T.);
#10363=ORIENTED_EDGE('',*,*,#7477,.F.);
#10364=ORIENTED_EDGE('',*,*,#7478,.F.);
#10365=ORIENTED_EDGE('',*,*,#7477,.T.);
#10366=ORIENTED_EDGE('',*,*,#7479,.T.);
#10367=ORIENTED_EDGE('',*,*,#7480,.F.);
#10368=ORIENTED_EDGE('',*,*,#7481,.F.);
#10369=ORIENTED_EDGE('',*,*,#7482,.F.);
#10370=ORIENTED_EDGE('',*,*,#7483,.T.);
#10371=ORIENTED_EDGE('',*,*,#7480,.T.);
#10372=ORIENTED_EDGE('',*,*,#7484,.F.);
#10373=ORIENTED_EDGE('',*,*,#7482,.T.);
#10374=ORIENTED_EDGE('',*,*,#7485,.T.);
#10375=ORIENTED_EDGE('',*,*,#7486,.F.);
#10376=ORIENTED_EDGE('',*,*,#7487,.F.);
#10377=ORIENTED_EDGE('',*,*,#7488,.T.);
#10378=ORIENTED_EDGE('',*,*,#7486,.T.);
#10379=ORIENTED_EDGE('',*,*,#7489,.F.);
#10380=ORIENTED_EDGE('',*,*,#7490,.F.);
#10381=ORIENTED_EDGE('',*,*,#7490,.T.);
#10382=ORIENTED_EDGE('',*,*,#7491,.T.);
#10383=ORIENTED_EDGE('',*,*,#7492,.F.);
#10384=ORIENTED_EDGE('',*,*,#7493,.F.);
#10385=ORIENTED_EDGE('',*,*,#7492,.T.);
#10386=ORIENTED_EDGE('',*,*,#7494,.T.);
#10387=ORIENTED_EDGE('',*,*,#7495,.F.);
#10388=ORIENTED_EDGE('',*,*,#7496,.F.);
#10389=ORIENTED_EDGE('',*,*,#7497,.F.);
#10390=ORIENTED_EDGE('',*,*,#7498,.T.);
#10391=ORIENTED_EDGE('',*,*,#7495,.T.);
#10392=ORIENTED_EDGE('',*,*,#7499,.F.);
#10393=ORIENTED_EDGE('',*,*,#7500,.F.);
#10394=ORIENTED_EDGE('',*,*,#7501,.T.);
#10395=ORIENTED_EDGE('',*,*,#7497,.T.);
#10396=ORIENTED_EDGE('',*,*,#7502,.F.);
#10397=ORIENTED_EDGE('',*,*,#7500,.T.);
#10398=ORIENTED_EDGE('',*,*,#7503,.T.);
#10399=ORIENTED_EDGE('',*,*,#7504,.F.);
#10400=ORIENTED_EDGE('',*,*,#7505,.F.);
#10401=ORIENTED_EDGE('',*,*,#7506,.T.);
#10402=ORIENTED_EDGE('',*,*,#7504,.T.);
#10403=ORIENTED_EDGE('',*,*,#7507,.F.);
#10404=ORIENTED_EDGE('',*,*,#7508,.F.);
#10405=ORIENTED_EDGE('',*,*,#7508,.T.);
#10406=ORIENTED_EDGE('',*,*,#7509,.T.);
#10407=ORIENTED_EDGE('',*,*,#7510,.F.);
#10408=ORIENTED_EDGE('',*,*,#7511,.F.);
#10409=ORIENTED_EDGE('',*,*,#7510,.T.);
#10410=ORIENTED_EDGE('',*,*,#7512,.T.);
#10411=ORIENTED_EDGE('',*,*,#7513,.F.);
#10412=ORIENTED_EDGE('',*,*,#7514,.F.);
#10413=ORIENTED_EDGE('',*,*,#7513,.T.);
#10414=ORIENTED_EDGE('',*,*,#7515,.T.);
#10415=ORIENTED_EDGE('',*,*,#7516,.F.);
#10416=ORIENTED_EDGE('',*,*,#7517,.F.);
#10417=ORIENTED_EDGE('',*,*,#7448,.F.);
#10418=ORIENTED_EDGE('',*,*,#7518,.T.);
#10419=ORIENTED_EDGE('',*,*,#7516,.T.);
#10420=ORIENTED_EDGE('',*,*,#7519,.F.);
#10421=ORIENTED_EDGE('',*,*,#7520,.T.);
#10422=ORIENTED_EDGE('',*,*,#7521,.T.);
#10423=ORIENTED_EDGE('',*,*,#7522,.F.);
#10424=ORIENTED_EDGE('',*,*,#7521,.F.);
#10425=ORIENTED_EDGE('',*,*,#7451,.T.);
#10426=ORIENTED_EDGE('',*,*,#7452,.F.);
#10427=ORIENTED_EDGE('',*,*,#7457,.T.);
#10428=ORIENTED_EDGE('',*,*,#7460,.T.);
#10429=ORIENTED_EDGE('',*,*,#7463,.T.);
#10430=ORIENTED_EDGE('',*,*,#7465,.F.);
#10431=ORIENTED_EDGE('',*,*,#7469,.T.);
#10432=ORIENTED_EDGE('',*,*,#7470,.F.);
#10433=ORIENTED_EDGE('',*,*,#7475,.T.);
#10434=ORIENTED_EDGE('',*,*,#7478,.T.);
#10435=ORIENTED_EDGE('',*,*,#7481,.T.);
#10436=ORIENTED_EDGE('',*,*,#7483,.F.);
#10437=ORIENTED_EDGE('',*,*,#7487,.T.);
#10438=ORIENTED_EDGE('',*,*,#7488,.F.);
#10439=ORIENTED_EDGE('',*,*,#7493,.T.);
#10440=ORIENTED_EDGE('',*,*,#7496,.T.);
#10441=ORIENTED_EDGE('',*,*,#7498,.F.);
#10442=ORIENTED_EDGE('',*,*,#7501,.F.);
#10443=ORIENTED_EDGE('',*,*,#7505,.T.);
#10444=ORIENTED_EDGE('',*,*,#7506,.F.);
#10445=ORIENTED_EDGE('',*,*,#7511,.T.);
#10446=ORIENTED_EDGE('',*,*,#7514,.T.);
#10447=ORIENTED_EDGE('',*,*,#7517,.T.);
#10448=ORIENTED_EDGE('',*,*,#7518,.F.);
#10449=ORIENTED_EDGE('',*,*,#7522,.T.);
#10450=ORIENTED_EDGE('',*,*,#7449,.F.);
#10451=ORIENTED_EDGE('',*,*,#7519,.T.);
#10452=ORIENTED_EDGE('',*,*,#7515,.F.);
#10453=ORIENTED_EDGE('',*,*,#7512,.F.);
#10454=ORIENTED_EDGE('',*,*,#7509,.F.);
#10455=ORIENTED_EDGE('',*,*,#7507,.T.);
#10456=ORIENTED_EDGE('',*,*,#7503,.F.);
#10457=ORIENTED_EDGE('',*,*,#7502,.T.);
#10458=ORIENTED_EDGE('',*,*,#7499,.T.);
#10459=ORIENTED_EDGE('',*,*,#7494,.F.);
#10460=ORIENTED_EDGE('',*,*,#7491,.F.);
#10461=ORIENTED_EDGE('',*,*,#7489,.T.);
#10462=ORIENTED_EDGE('',*,*,#7485,.F.);
#10463=ORIENTED_EDGE('',*,*,#7484,.T.);
#10464=ORIENTED_EDGE('',*,*,#7479,.F.);
#10465=ORIENTED_EDGE('',*,*,#7476,.F.);
#10466=ORIENTED_EDGE('',*,*,#7473,.F.);
#10467=ORIENTED_EDGE('',*,*,#7471,.T.);
#10468=ORIENTED_EDGE('',*,*,#7467,.F.);
#10469=ORIENTED_EDGE('',*,*,#7466,.T.);
#10470=ORIENTED_EDGE('',*,*,#7461,.F.);
#10471=ORIENTED_EDGE('',*,*,#7458,.F.);
#10472=ORIENTED_EDGE('',*,*,#7455,.F.);
#10473=ORIENTED_EDGE('',*,*,#7453,.T.);
#10474=ORIENTED_EDGE('',*,*,#7520,.F.);
#10475=ORIENTED_EDGE('',*,*,#7523,.T.);
#10476=ORIENTED_EDGE('',*,*,#7524,.T.);
#10477=ORIENTED_EDGE('',*,*,#7525,.F.);
#10478=ORIENTED_EDGE('',*,*,#7524,.F.);
#10479=ORIENTED_EDGE('',*,*,#7526,.F.);
#10480=ORIENTED_EDGE('',*,*,#7527,.T.);
#10481=ORIENTED_EDGE('',*,*,#7525,.T.);
#10482=ORIENTED_EDGE('',*,*,#7527,.F.);
#10483=ORIENTED_EDGE('',*,*,#7523,.F.);
#10484=ORIENTED_EDGE('',*,*,#7526,.T.);
#10485=ORIENTED_EDGE('',*,*,#7528,.T.);
#10486=ORIENTED_EDGE('',*,*,#7529,.T.);
#10487=ORIENTED_EDGE('',*,*,#7530,.F.);
#10488=ORIENTED_EDGE('',*,*,#7531,.F.);
#10489=ORIENTED_EDGE('',*,*,#7529,.F.);
#10490=ORIENTED_EDGE('',*,*,#7532,.F.);
#10491=ORIENTED_EDGE('',*,*,#7530,.T.);
#10492=ORIENTED_EDGE('',*,*,#7531,.T.);
#10493=ORIENTED_EDGE('',*,*,#7532,.T.);
#10494=ORIENTED_EDGE('',*,*,#7533,.F.);
#10495=ORIENTED_EDGE('',*,*,#7528,.F.);
#10496=ORIENTED_EDGE('',*,*,#7533,.T.);
#10497=ORIENTED_EDGE('',*,*,#7534,.T.);
#10498=ORIENTED_EDGE('',*,*,#7535,.T.);
#10499=ORIENTED_EDGE('',*,*,#7536,.F.);
#10500=ORIENTED_EDGE('',*,*,#7537,.F.);
#10501=ORIENTED_EDGE('',*,*,#7535,.F.);
#10502=ORIENTED_EDGE('',*,*,#7538,.F.);
#10503=ORIENTED_EDGE('',*,*,#7536,.T.);
#10504=ORIENTED_EDGE('',*,*,#7537,.T.);
#10505=ORIENTED_EDGE('',*,*,#7538,.T.);
#10506=ORIENTED_EDGE('',*,*,#7539,.F.);
#10507=ORIENTED_EDGE('',*,*,#7534,.F.);
#10508=ORIENTED_EDGE('',*,*,#7539,.T.);
#10509=ORIENTED_EDGE('',*,*,#7540,.T.);
#10510=ORIENTED_EDGE('',*,*,#7541,.T.);
#10511=ORIENTED_EDGE('',*,*,#7542,.F.);
#10512=ORIENTED_EDGE('',*,*,#7543,.F.);
#10513=ORIENTED_EDGE('',*,*,#7541,.F.);
#10514=ORIENTED_EDGE('',*,*,#7544,.F.);
#10515=ORIENTED_EDGE('',*,*,#7542,.T.);
#10516=ORIENTED_EDGE('',*,*,#7543,.T.);
#10517=ORIENTED_EDGE('',*,*,#7544,.T.);
#10518=ORIENTED_EDGE('',*,*,#7545,.F.);
#10519=ORIENTED_EDGE('',*,*,#7540,.F.);
#10520=ORIENTED_EDGE('',*,*,#7545,.T.);
#10521=ORIENTED_EDGE('',*,*,#7546,.T.);
#10522=ORIENTED_EDGE('',*,*,#7547,.T.);
#10523=ORIENTED_EDGE('',*,*,#7548,.F.);
#10524=ORIENTED_EDGE('',*,*,#7549,.F.);
#10525=ORIENTED_EDGE('',*,*,#7550,.T.);
#10526=ORIENTED_EDGE('',*,*,#7551,.T.);
#10527=ORIENTED_EDGE('',*,*,#7546,.F.);
#10528=ORIENTED_EDGE('',*,*,#7552,.F.);
#10529=ORIENTED_EDGE('',*,*,#7548,.T.);
#10530=ORIENTED_EDGE('',*,*,#7553,.T.);
#10531=ORIENTED_EDGE('',*,*,#7554,.F.);
#10532=ORIENTED_EDGE('',*,*,#7555,.F.);
#10533=ORIENTED_EDGE('',*,*,#7549,.T.);
#10534=ORIENTED_EDGE('',*,*,#7555,.T.);
#10535=ORIENTED_EDGE('',*,*,#7556,.T.);
#10536=ORIENTED_EDGE('',*,*,#7557,.T.);
#10537=ORIENTED_EDGE('',*,*,#7558,.T.);
#10538=ORIENTED_EDGE('',*,*,#7559,.T.);
#10539=ORIENTED_EDGE('',*,*,#7560,.T.);
#10540=ORIENTED_EDGE('',*,*,#7552,.T.);
#10541=ORIENTED_EDGE('',*,*,#7561,.T.);
#10542=ORIENTED_EDGE('',*,*,#7562,.T.);
#10543=ORIENTED_EDGE('',*,*,#7563,.T.);
#10544=ORIENTED_EDGE('',*,*,#7564,.T.);
#10545=ORIENTED_EDGE('',*,*,#7565,.T.);
#10546=ORIENTED_EDGE('',*,*,#7566,.T.);
#10547=ORIENTED_EDGE('',*,*,#7567,.F.);
#10548=ORIENTED_EDGE('',*,*,#7568,.F.);
#10549=ORIENTED_EDGE('',*,*,#7569,.F.);
#10550=ORIENTED_EDGE('',*,*,#7570,.F.);
#10551=ORIENTED_EDGE('',*,*,#7571,.F.);
#10552=ORIENTED_EDGE('',*,*,#7572,.F.);
#10553=ORIENTED_EDGE('',*,*,#7573,.F.);
#10554=ORIENTED_EDGE('',*,*,#7574,.F.);
#10555=ORIENTED_EDGE('',*,*,#7575,.F.);
#10556=ORIENTED_EDGE('',*,*,#7576,.F.);
#10557=ORIENTED_EDGE('',*,*,#7577,.F.);
#10558=ORIENTED_EDGE('',*,*,#7578,.F.);
#10559=ORIENTED_EDGE('',*,*,#7579,.F.);
#10560=ORIENTED_EDGE('',*,*,#7580,.F.);
#10561=ORIENTED_EDGE('',*,*,#7581,.F.);
#10562=ORIENTED_EDGE('',*,*,#7582,.F.);
#10563=ORIENTED_EDGE('',*,*,#7583,.F.);
#10564=ORIENTED_EDGE('',*,*,#7584,.F.);
#10565=ORIENTED_EDGE('',*,*,#7585,.F.);
#10566=ORIENTED_EDGE('',*,*,#7586,.F.);
#10567=ORIENTED_EDGE('',*,*,#7587,.T.);
#10568=ORIENTED_EDGE('',*,*,#7588,.T.);
#10569=ORIENTED_EDGE('',*,*,#7589,.T.);
#10570=ORIENTED_EDGE('',*,*,#7590,.T.);
#10571=ORIENTED_EDGE('',*,*,#7591,.T.);
#10572=ORIENTED_EDGE('',*,*,#7592,.T.);
#10573=ORIENTED_EDGE('',*,*,#7547,.F.);
#10574=ORIENTED_EDGE('',*,*,#7551,.F.);
#10575=ORIENTED_EDGE('',*,*,#7593,.F.);
#10576=ORIENTED_EDGE('',*,*,#7594,.F.);
#10577=ORIENTED_EDGE('',*,*,#7595,.F.);
#10578=ORIENTED_EDGE('',*,*,#7596,.F.);
#10579=ORIENTED_EDGE('',*,*,#7597,.F.);
#10580=ORIENTED_EDGE('',*,*,#7553,.F.);
#10581=ORIENTED_EDGE('',*,*,#7598,.F.);
#10582=ORIENTED_EDGE('',*,*,#7599,.F.);
#10583=ORIENTED_EDGE('',*,*,#7600,.F.);
#10584=ORIENTED_EDGE('',*,*,#7601,.F.);
#10585=ORIENTED_EDGE('',*,*,#7602,.F.);
#10586=ORIENTED_EDGE('',*,*,#7603,.F.);
#10587=ORIENTED_EDGE('',*,*,#7604,.T.);
#10588=ORIENTED_EDGE('',*,*,#7605,.T.);
#10589=ORIENTED_EDGE('',*,*,#7606,.T.);
#10590=ORIENTED_EDGE('',*,*,#7607,.T.);
#10591=ORIENTED_EDGE('',*,*,#7608,.T.);
#10592=ORIENTED_EDGE('',*,*,#7609,.T.);
#10593=ORIENTED_EDGE('',*,*,#7610,.T.);
#10594=ORIENTED_EDGE('',*,*,#7611,.T.);
#10595=ORIENTED_EDGE('',*,*,#7612,.T.);
#10596=ORIENTED_EDGE('',*,*,#7613,.T.);
#10597=ORIENTED_EDGE('',*,*,#7614,.T.);
#10598=ORIENTED_EDGE('',*,*,#7615,.T.);
#10599=ORIENTED_EDGE('',*,*,#7616,.T.);
#10600=ORIENTED_EDGE('',*,*,#7617,.T.);
#10601=ORIENTED_EDGE('',*,*,#7618,.T.);
#10602=ORIENTED_EDGE('',*,*,#7619,.T.);
#10603=ORIENTED_EDGE('',*,*,#7620,.T.);
#10604=ORIENTED_EDGE('',*,*,#7621,.T.);
#10605=ORIENTED_EDGE('',*,*,#7622,.T.);
#10606=ORIENTED_EDGE('',*,*,#7623,.T.);
#10607=ORIENTED_EDGE('',*,*,#7624,.F.);
#10608=ORIENTED_EDGE('',*,*,#7625,.F.);
#10609=ORIENTED_EDGE('',*,*,#7626,.F.);
#10610=ORIENTED_EDGE('',*,*,#7627,.F.);
#10611=ORIENTED_EDGE('',*,*,#7628,.F.);
#10612=ORIENTED_EDGE('',*,*,#7629,.F.);
#10613=ORIENTED_EDGE('',*,*,#7630,.T.);
#10614=ORIENTED_EDGE('',*,*,#7593,.T.);
#10615=ORIENTED_EDGE('',*,*,#7550,.F.);
#10616=ORIENTED_EDGE('',*,*,#7560,.F.);
#10617=ORIENTED_EDGE('',*,*,#7554,.T.);
#10618=ORIENTED_EDGE('',*,*,#7597,.T.);
#10619=ORIENTED_EDGE('',*,*,#7631,.F.);
#10620=ORIENTED_EDGE('',*,*,#7556,.F.);
#10621=ORIENTED_EDGE('',*,*,#7632,.T.);
#10622=ORIENTED_EDGE('',*,*,#7594,.T.);
#10623=ORIENTED_EDGE('',*,*,#7630,.F.);
#10624=ORIENTED_EDGE('',*,*,#7559,.F.);
#10625=ORIENTED_EDGE('',*,*,#7631,.T.);
#10626=ORIENTED_EDGE('',*,*,#7596,.T.);
#10627=ORIENTED_EDGE('',*,*,#7633,.F.);
#10628=ORIENTED_EDGE('',*,*,#7557,.F.);
#10629=ORIENTED_EDGE('',*,*,#7633,.T.);
#10630=ORIENTED_EDGE('',*,*,#7595,.T.);
#10631=ORIENTED_EDGE('',*,*,#7632,.F.);
#10632=ORIENTED_EDGE('',*,*,#7558,.F.);
#10633=ORIENTED_EDGE('',*,*,#7634,.T.);
#10634=ORIENTED_EDGE('',*,*,#7598,.T.);
#10635=ORIENTED_EDGE('',*,*,#7635,.F.);
#10636=ORIENTED_EDGE('',*,*,#7561,.F.);
#10637=ORIENTED_EDGE('',*,*,#7636,.T.);
#10638=ORIENTED_EDGE('',*,*,#7599,.T.);
#10639=ORIENTED_EDGE('',*,*,#7634,.F.);
#10640=ORIENTED_EDGE('',*,*,#7566,.F.);
#10641=ORIENTED_EDGE('',*,*,#7635,.T.);
#10642=ORIENTED_EDGE('',*,*,#7603,.T.);
#10643=ORIENTED_EDGE('',*,*,#7637,.F.);
#10644=ORIENTED_EDGE('',*,*,#7562,.F.);
#10645=ORIENTED_EDGE('',*,*,#7638,.T.);
#10646=ORIENTED_EDGE('',*,*,#7600,.T.);
#10647=ORIENTED_EDGE('',*,*,#7636,.F.);
#10648=ORIENTED_EDGE('',*,*,#7565,.F.);
#10649=ORIENTED_EDGE('',*,*,#7637,.T.);
#10650=ORIENTED_EDGE('',*,*,#7602,.T.);
#10651=ORIENTED_EDGE('',*,*,#7639,.F.);
#10652=ORIENTED_EDGE('',*,*,#7563,.F.);
#10653=ORIENTED_EDGE('',*,*,#7639,.T.);
#10654=ORIENTED_EDGE('',*,*,#7601,.T.);
#10655=ORIENTED_EDGE('',*,*,#7638,.F.);
#10656=ORIENTED_EDGE('',*,*,#7564,.F.);
#10657=ORIENTED_EDGE('',*,*,#7604,.F.);
#10658=ORIENTED_EDGE('',*,*,#7640,.T.);
#10659=ORIENTED_EDGE('',*,*,#7567,.T.);
#10660=ORIENTED_EDGE('',*,*,#7640,.F.);
#10661=ORIENTED_EDGE('',*,*,#7605,.F.);
#10662=ORIENTED_EDGE('',*,*,#7641,.T.);
#10663=ORIENTED_EDGE('',*,*,#7568,.T.);
#10664=ORIENTED_EDGE('',*,*,#7641,.F.);
#10665=ORIENTED_EDGE('',*,*,#7569,.T.);
#10666=ORIENTED_EDGE('',*,*,#7642,.T.);
#10667=ORIENTED_EDGE('',*,*,#7606,.F.);
#10668=ORIENTED_EDGE('',*,*,#7643,.F.);
#10669=ORIENTED_EDGE('',*,*,#7570,.T.);
#10670=ORIENTED_EDGE('',*,*,#7643,.T.);
#10671=ORIENTED_EDGE('',*,*,#7609,.F.);
#10672=ORIENTED_EDGE('',*,*,#7644,.F.);
#10673=ORIENTED_EDGE('',*,*,#7571,.T.);
#10674=ORIENTED_EDGE('',*,*,#7644,.T.);
#10675=ORIENTED_EDGE('',*,*,#7608,.F.);
#10676=ORIENTED_EDGE('',*,*,#7645,.F.);
#10677=ORIENTED_EDGE('',*,*,#7572,.T.);
#10678=ORIENTED_EDGE('',*,*,#7645,.T.);
#10679=ORIENTED_EDGE('',*,*,#7607,.F.);
#10680=ORIENTED_EDGE('',*,*,#7642,.F.);
#10681=ORIENTED_EDGE('',*,*,#7573,.T.);
#10682=ORIENTED_EDGE('',*,*,#7646,.T.);
#10683=ORIENTED_EDGE('',*,*,#7610,.F.);
#10684=ORIENTED_EDGE('',*,*,#7647,.F.);
#10685=ORIENTED_EDGE('',*,*,#7574,.T.);
#10686=ORIENTED_EDGE('',*,*,#7647,.T.);
#10687=ORIENTED_EDGE('',*,*,#7613,.F.);
#10688=ORIENTED_EDGE('',*,*,#7648,.F.);
#10689=ORIENTED_EDGE('',*,*,#7575,.T.);
#10690=ORIENTED_EDGE('',*,*,#7648,.T.);
#10691=ORIENTED_EDGE('',*,*,#7612,.F.);
#10692=ORIENTED_EDGE('',*,*,#7649,.F.);
#10693=ORIENTED_EDGE('',*,*,#7576,.T.);
#10694=ORIENTED_EDGE('',*,*,#7649,.T.);
#10695=ORIENTED_EDGE('',*,*,#7611,.F.);
#10696=ORIENTED_EDGE('',*,*,#7646,.F.);
#10697=ORIENTED_EDGE('',*,*,#7614,.F.);
#10698=ORIENTED_EDGE('',*,*,#7650,.T.);
#10699=ORIENTED_EDGE('',*,*,#7577,.T.);
#10700=ORIENTED_EDGE('',*,*,#7650,.F.);
#10701=ORIENTED_EDGE('',*,*,#7615,.F.);
#10702=ORIENTED_EDGE('',*,*,#7651,.T.);
#10703=ORIENTED_EDGE('',*,*,#7578,.T.);
#10704=ORIENTED_EDGE('',*,*,#7651,.F.);
#10705=ORIENTED_EDGE('',*,*,#7579,.T.);
#10706=ORIENTED_EDGE('',*,*,#7652,.T.);
#10707=ORIENTED_EDGE('',*,*,#7616,.F.);
#10708=ORIENTED_EDGE('',*,*,#7653,.F.);
#10709=ORIENTED_EDGE('',*,*,#7580,.T.);
#10710=ORIENTED_EDGE('',*,*,#7653,.T.);
#10711=ORIENTED_EDGE('',*,*,#7619,.F.);
#10712=ORIENTED_EDGE('',*,*,#7654,.F.);
#10713=ORIENTED_EDGE('',*,*,#7581,.T.);
#10714=ORIENTED_EDGE('',*,*,#7654,.T.);
#10715=ORIENTED_EDGE('',*,*,#7618,.F.);
#10716=ORIENTED_EDGE('',*,*,#7655,.F.);
#10717=ORIENTED_EDGE('',*,*,#7582,.T.);
#10718=ORIENTED_EDGE('',*,*,#7655,.T.);
#10719=ORIENTED_EDGE('',*,*,#7617,.F.);
#10720=ORIENTED_EDGE('',*,*,#7652,.F.);
#10721=ORIENTED_EDGE('',*,*,#7583,.T.);
#10722=ORIENTED_EDGE('',*,*,#7656,.T.);
#10723=ORIENTED_EDGE('',*,*,#7620,.F.);
#10724=ORIENTED_EDGE('',*,*,#7657,.F.);
#10725=ORIENTED_EDGE('',*,*,#7584,.T.);
#10726=ORIENTED_EDGE('',*,*,#7657,.T.);
#10727=ORIENTED_EDGE('',*,*,#7623,.F.);
#10728=ORIENTED_EDGE('',*,*,#7658,.F.);
#10729=ORIENTED_EDGE('',*,*,#7585,.T.);
#10730=ORIENTED_EDGE('',*,*,#7658,.T.);
#10731=ORIENTED_EDGE('',*,*,#7622,.F.);
#10732=ORIENTED_EDGE('',*,*,#7659,.F.);
#10733=ORIENTED_EDGE('',*,*,#7586,.T.);
#10734=ORIENTED_EDGE('',*,*,#7659,.T.);
#10735=ORIENTED_EDGE('',*,*,#7621,.F.);
#10736=ORIENTED_EDGE('',*,*,#7656,.F.);
#10737=ORIENTED_EDGE('',*,*,#7660,.T.);
#10738=ORIENTED_EDGE('',*,*,#7624,.T.);
#10739=ORIENTED_EDGE('',*,*,#7661,.F.);
#10740=ORIENTED_EDGE('',*,*,#7587,.F.);
#10741=ORIENTED_EDGE('',*,*,#7662,.T.);
#10742=ORIENTED_EDGE('',*,*,#7625,.T.);
#10743=ORIENTED_EDGE('',*,*,#7660,.F.);
#10744=ORIENTED_EDGE('',*,*,#7592,.F.);
#10745=ORIENTED_EDGE('',*,*,#7661,.T.);
#10746=ORIENTED_EDGE('',*,*,#7629,.T.);
#10747=ORIENTED_EDGE('',*,*,#7663,.F.);
#10748=ORIENTED_EDGE('',*,*,#7588,.F.);
#10749=ORIENTED_EDGE('',*,*,#7664,.T.);
#10750=ORIENTED_EDGE('',*,*,#7626,.T.);
#10751=ORIENTED_EDGE('',*,*,#7662,.F.);
#10752=ORIENTED_EDGE('',*,*,#7591,.F.);
#10753=ORIENTED_EDGE('',*,*,#7663,.T.);
#10754=ORIENTED_EDGE('',*,*,#7628,.T.);
#10755=ORIENTED_EDGE('',*,*,#7665,.F.);
#10756=ORIENTED_EDGE('',*,*,#7589,.F.);
#10757=ORIENTED_EDGE('',*,*,#7665,.T.);
#10758=ORIENTED_EDGE('',*,*,#7627,.T.);
#10759=ORIENTED_EDGE('',*,*,#7664,.F.);
#10760=ORIENTED_EDGE('',*,*,#7590,.F.);
#10761=ORIENTED_EDGE('',*,*,#7666,.F.);
#10762=ORIENTED_EDGE('',*,*,#7667,.F.);
#10763=ORIENTED_EDGE('',*,*,#7668,.F.);
#10764=ORIENTED_EDGE('',*,*,#7669,.F.);
#10765=ORIENTED_EDGE('',*,*,#7670,.F.);
#10766=ORIENTED_EDGE('',*,*,#7671,.F.);
#10767=ORIENTED_EDGE('',*,*,#7672,.F.);
#10768=ORIENTED_EDGE('',*,*,#7673,.F.);
#10769=ORIENTED_EDGE('',*,*,#7671,.T.);
#10770=ORIENTED_EDGE('',*,*,#7674,.F.);
#10771=ORIENTED_EDGE('',*,*,#7675,.F.);
#10772=ORIENTED_EDGE('',*,*,#7676,.F.);
#10773=ORIENTED_EDGE('',*,*,#7670,.T.);
#10774=ORIENTED_EDGE('',*,*,#7677,.F.);
#10775=ORIENTED_EDGE('',*,*,#7678,.F.);
#10776=ORIENTED_EDGE('',*,*,#7674,.T.);
#10777=ORIENTED_EDGE('',*,*,#7669,.T.);
#10778=ORIENTED_EDGE('',*,*,#7679,.F.);
#10779=ORIENTED_EDGE('',*,*,#7680,.F.);
#10780=ORIENTED_EDGE('',*,*,#7677,.T.);
#10781=ORIENTED_EDGE('',*,*,#7668,.T.);
#10782=ORIENTED_EDGE('',*,*,#7681,.F.);
#10783=ORIENTED_EDGE('',*,*,#7682,.F.);
#10784=ORIENTED_EDGE('',*,*,#7679,.T.);
#10785=ORIENTED_EDGE('',*,*,#7683,.T.);
#10786=ORIENTED_EDGE('',*,*,#7684,.T.);
#10787=ORIENTED_EDGE('',*,*,#7685,.T.);
#10788=ORIENTED_EDGE('',*,*,#7686,.T.);
#10789=ORIENTED_EDGE('',*,*,#7687,.T.);
#10790=ORIENTED_EDGE('',*,*,#7688,.T.);
#10791=ORIENTED_EDGE('',*,*,#7689,.T.);
#10792=ORIENTED_EDGE('',*,*,#7690,.T.);
#10793=ORIENTED_EDGE('',*,*,#7691,.T.);
#10794=ORIENTED_EDGE('',*,*,#7692,.T.);
#10795=ORIENTED_EDGE('',*,*,#7693,.T.);
#10796=ORIENTED_EDGE('',*,*,#7694,.T.);
#10797=ORIENTED_EDGE('',*,*,#7695,.T.);
#10798=ORIENTED_EDGE('',*,*,#7696,.T.);
#10799=ORIENTED_EDGE('',*,*,#7697,.T.);
#10800=ORIENTED_EDGE('',*,*,#7698,.T.);
#10801=ORIENTED_EDGE('',*,*,#7699,.F.);
#10802=ORIENTED_EDGE('',*,*,#7700,.T.);
#10803=ORIENTED_EDGE('',*,*,#7701,.T.);
#10804=ORIENTED_EDGE('',*,*,#7700,.F.);
#10805=ORIENTED_EDGE('',*,*,#7701,.F.);
#10806=ORIENTED_EDGE('',*,*,#7702,.F.);
#10807=ORIENTED_EDGE('',*,*,#7703,.T.);
#10808=ORIENTED_EDGE('',*,*,#7704,.T.);
#10809=ORIENTED_EDGE('',*,*,#7703,.F.);
#10810=ORIENTED_EDGE('',*,*,#7704,.F.);
#10811=ORIENTED_EDGE('',*,*,#7705,.F.);
#10812=ORIENTED_EDGE('',*,*,#7706,.F.);
#10813=ORIENTED_EDGE('',*,*,#7697,.F.);
#10814=ORIENTED_EDGE('',*,*,#7707,.T.);
#10815=ORIENTED_EDGE('',*,*,#7708,.F.);
#10816=ORIENTED_EDGE('',*,*,#7707,.F.);
#10817=ORIENTED_EDGE('',*,*,#7696,.F.);
#10818=ORIENTED_EDGE('',*,*,#7709,.T.);
#10819=ORIENTED_EDGE('',*,*,#7710,.F.);
#10820=ORIENTED_EDGE('',*,*,#7709,.F.);
#10821=ORIENTED_EDGE('',*,*,#7695,.F.);
#10822=ORIENTED_EDGE('',*,*,#7711,.T.);
#10823=ORIENTED_EDGE('',*,*,#7712,.F.);
#10824=ORIENTED_EDGE('',*,*,#7711,.F.);
#10825=ORIENTED_EDGE('',*,*,#7698,.F.);
#10826=ORIENTED_EDGE('',*,*,#7706,.T.);
#10827=ORIENTED_EDGE('',*,*,#7713,.F.);
#10828=ORIENTED_EDGE('',*,*,#7714,.F.);
#10829=ORIENTED_EDGE('',*,*,#7693,.F.);
#10830=ORIENTED_EDGE('',*,*,#7715,.T.);
#10831=ORIENTED_EDGE('',*,*,#7716,.F.);
#10832=ORIENTED_EDGE('',*,*,#7715,.F.);
#10833=ORIENTED_EDGE('',*,*,#7692,.F.);
#10834=ORIENTED_EDGE('',*,*,#7717,.T.);
#10835=ORIENTED_EDGE('',*,*,#7718,.F.);
#10836=ORIENTED_EDGE('',*,*,#7717,.F.);
#10837=ORIENTED_EDGE('',*,*,#7691,.F.);
#10838=ORIENTED_EDGE('',*,*,#7719,.T.);
#10839=ORIENTED_EDGE('',*,*,#7720,.F.);
#10840=ORIENTED_EDGE('',*,*,#7719,.F.);
#10841=ORIENTED_EDGE('',*,*,#7694,.F.);
#10842=ORIENTED_EDGE('',*,*,#7714,.T.);
#10843=ORIENTED_EDGE('',*,*,#7721,.F.);
#10844=ORIENTED_EDGE('',*,*,#7722,.F.);
#10845=ORIENTED_EDGE('',*,*,#7689,.F.);
#10846=ORIENTED_EDGE('',*,*,#7723,.T.);
#10847=ORIENTED_EDGE('',*,*,#7724,.F.);
#10848=ORIENTED_EDGE('',*,*,#7723,.F.);
#10849=ORIENTED_EDGE('',*,*,#7688,.F.);
#10850=ORIENTED_EDGE('',*,*,#7725,.T.);
#10851=ORIENTED_EDGE('',*,*,#7726,.F.);
#10852=ORIENTED_EDGE('',*,*,#7725,.F.);
#10853=ORIENTED_EDGE('',*,*,#7687,.F.);
#10854=ORIENTED_EDGE('',*,*,#7727,.T.);
#10855=ORIENTED_EDGE('',*,*,#7728,.F.);
#10856=ORIENTED_EDGE('',*,*,#7727,.F.);
#10857=ORIENTED_EDGE('',*,*,#7690,.F.);
#10858=ORIENTED_EDGE('',*,*,#7722,.T.);
#10859=ORIENTED_EDGE('',*,*,#7729,.F.);
#10860=ORIENTED_EDGE('',*,*,#7730,.F.);
#10861=ORIENTED_EDGE('',*,*,#7685,.F.);
#10862=ORIENTED_EDGE('',*,*,#7731,.T.);
#10863=ORIENTED_EDGE('',*,*,#7732,.F.);
#10864=ORIENTED_EDGE('',*,*,#7731,.F.);
#10865=ORIENTED_EDGE('',*,*,#7684,.F.);
#10866=ORIENTED_EDGE('',*,*,#7733,.T.);
#10867=ORIENTED_EDGE('',*,*,#7734,.F.);
#10868=ORIENTED_EDGE('',*,*,#7733,.F.);
#10869=ORIENTED_EDGE('',*,*,#7683,.F.);
#10870=ORIENTED_EDGE('',*,*,#7735,.T.);
#10871=ORIENTED_EDGE('',*,*,#7736,.F.);
#10872=ORIENTED_EDGE('',*,*,#7735,.F.);
#10873=ORIENTED_EDGE('',*,*,#7686,.F.);
#10874=ORIENTED_EDGE('',*,*,#7730,.T.);
#10875=ORIENTED_EDGE('',*,*,#7737,.F.);
#10876=ORIENTED_EDGE('',*,*,#7738,.F.);
#10877=ORIENTED_EDGE('',*,*,#7739,.F.);
#10878=ORIENTED_EDGE('',*,*,#7740,.T.);
#10879=ORIENTED_EDGE('',*,*,#7741,.F.);
#10880=ORIENTED_EDGE('',*,*,#7740,.F.);
#10881=ORIENTED_EDGE('',*,*,#7742,.F.);
#10882=ORIENTED_EDGE('',*,*,#7743,.T.);
#10883=ORIENTED_EDGE('',*,*,#7744,.F.);
#10884=ORIENTED_EDGE('',*,*,#7743,.F.);
#10885=ORIENTED_EDGE('',*,*,#7745,.F.);
#10886=ORIENTED_EDGE('',*,*,#7746,.T.);
#10887=ORIENTED_EDGE('',*,*,#7747,.F.);
#10888=ORIENTED_EDGE('',*,*,#7746,.F.);
#10889=ORIENTED_EDGE('',*,*,#7748,.F.);
#10890=ORIENTED_EDGE('',*,*,#7738,.T.);
#10891=ORIENTED_EDGE('',*,*,#7749,.F.);
#10892=ORIENTED_EDGE('',*,*,#7750,.T.);
#10893=ORIENTED_EDGE('',*,*,#7751,.T.);
#10894=ORIENTED_EDGE('',*,*,#7752,.F.);
#10895=ORIENTED_EDGE('',*,*,#7753,.F.);
#10896=ORIENTED_EDGE('',*,*,#7754,.T.);
#10897=ORIENTED_EDGE('',*,*,#7755,.T.);
#10898=ORIENTED_EDGE('',*,*,#7750,.F.);
#10899=ORIENTED_EDGE('',*,*,#7756,.F.);
#10900=ORIENTED_EDGE('',*,*,#7757,.T.);
#10901=ORIENTED_EDGE('',*,*,#7758,.T.);
#10902=ORIENTED_EDGE('',*,*,#7754,.F.);
#10903=ORIENTED_EDGE('',*,*,#7759,.F.);
#10904=ORIENTED_EDGE('',*,*,#7752,.T.);
#10905=ORIENTED_EDGE('',*,*,#7760,.T.);
#10906=ORIENTED_EDGE('',*,*,#7757,.F.);
#10907=ORIENTED_EDGE('',*,*,#7760,.F.);
#10908=ORIENTED_EDGE('',*,*,#7751,.F.);
#10909=ORIENTED_EDGE('',*,*,#7755,.F.);
#10910=ORIENTED_EDGE('',*,*,#7758,.F.);
#10911=ORIENTED_EDGE('',*,*,#7761,.F.);
#10912=ORIENTED_EDGE('',*,*,#7762,.F.);
#10913=ORIENTED_EDGE('',*,*,#7763,.F.);
#10914=ORIENTED_EDGE('',*,*,#7764,.T.);
#10915=ORIENTED_EDGE('',*,*,#7765,.F.);
#10916=ORIENTED_EDGE('',*,*,#7764,.F.);
#10917=ORIENTED_EDGE('',*,*,#7766,.F.);
#10918=ORIENTED_EDGE('',*,*,#7767,.T.);
#10919=ORIENTED_EDGE('',*,*,#7768,.F.);
#10920=ORIENTED_EDGE('',*,*,#7767,.F.);
#10921=ORIENTED_EDGE('',*,*,#7769,.F.);
#10922=ORIENTED_EDGE('',*,*,#7770,.T.);
#10923=ORIENTED_EDGE('',*,*,#7771,.F.);
#10924=ORIENTED_EDGE('',*,*,#7770,.F.);
#10925=ORIENTED_EDGE('',*,*,#7772,.F.);
#10926=ORIENTED_EDGE('',*,*,#7762,.T.);
#10927=ORIENTED_EDGE('',*,*,#7773,.F.);
#10928=ORIENTED_EDGE('',*,*,#7774,.F.);
#10929=ORIENTED_EDGE('',*,*,#7775,.F.);
#10930=ORIENTED_EDGE('',*,*,#7776,.T.);
#10931=ORIENTED_EDGE('',*,*,#7777,.F.);
#10932=ORIENTED_EDGE('',*,*,#7776,.F.);
#10933=ORIENTED_EDGE('',*,*,#7778,.F.);
#10934=ORIENTED_EDGE('',*,*,#7779,.T.);
#10935=ORIENTED_EDGE('',*,*,#7780,.F.);
#10936=ORIENTED_EDGE('',*,*,#7779,.F.);
#10937=ORIENTED_EDGE('',*,*,#7781,.F.);
#10938=ORIENTED_EDGE('',*,*,#7782,.T.);
#10939=ORIENTED_EDGE('',*,*,#7783,.F.);
#10940=ORIENTED_EDGE('',*,*,#7782,.F.);
#10941=ORIENTED_EDGE('',*,*,#7784,.F.);
#10942=ORIENTED_EDGE('',*,*,#7774,.T.);
#10943=ORIENTED_EDGE('',*,*,#7785,.F.);
#10944=ORIENTED_EDGE('',*,*,#7786,.F.);
#10945=ORIENTED_EDGE('',*,*,#7787,.F.);
#10946=ORIENTED_EDGE('',*,*,#7788,.T.);
#10947=ORIENTED_EDGE('',*,*,#7789,.F.);
#10948=ORIENTED_EDGE('',*,*,#7788,.F.);
#10949=ORIENTED_EDGE('',*,*,#7790,.F.);
#10950=ORIENTED_EDGE('',*,*,#7791,.T.);
#10951=ORIENTED_EDGE('',*,*,#7792,.F.);
#10952=ORIENTED_EDGE('',*,*,#7791,.F.);
#10953=ORIENTED_EDGE('',*,*,#7793,.F.);
#10954=ORIENTED_EDGE('',*,*,#7794,.T.);
#10955=ORIENTED_EDGE('',*,*,#7795,.F.);
#10956=ORIENTED_EDGE('',*,*,#7794,.F.);
#10957=ORIENTED_EDGE('',*,*,#7796,.F.);
#10958=ORIENTED_EDGE('',*,*,#7786,.T.);
#10959=ORIENTED_EDGE('',*,*,#7797,.F.);
#10960=ORIENTED_EDGE('',*,*,#7798,.F.);
#10961=ORIENTED_EDGE('',*,*,#7799,.F.);
#10962=ORIENTED_EDGE('',*,*,#7800,.T.);
#10963=ORIENTED_EDGE('',*,*,#7801,.F.);
#10964=ORIENTED_EDGE('',*,*,#7800,.F.);
#10965=ORIENTED_EDGE('',*,*,#7802,.F.);
#10966=ORIENTED_EDGE('',*,*,#7803,.T.);
#10967=ORIENTED_EDGE('',*,*,#7804,.F.);
#10968=ORIENTED_EDGE('',*,*,#7803,.F.);
#10969=ORIENTED_EDGE('',*,*,#7805,.F.);
#10970=ORIENTED_EDGE('',*,*,#7806,.T.);
#10971=ORIENTED_EDGE('',*,*,#7807,.F.);
#10972=ORIENTED_EDGE('',*,*,#7806,.F.);
#10973=ORIENTED_EDGE('',*,*,#7808,.F.);
#10974=ORIENTED_EDGE('',*,*,#7798,.T.);
#10975=ORIENTED_EDGE('',*,*,#7809,.F.);
#10976=ORIENTED_EDGE('',*,*,#7810,.F.);
#10977=ORIENTED_EDGE('',*,*,#7811,.F.);
#10978=ORIENTED_EDGE('',*,*,#7812,.T.);
#10979=ORIENTED_EDGE('',*,*,#7813,.F.);
#10980=ORIENTED_EDGE('',*,*,#7812,.F.);
#10981=ORIENTED_EDGE('',*,*,#7814,.F.);
#10982=ORIENTED_EDGE('',*,*,#7815,.T.);
#10983=ORIENTED_EDGE('',*,*,#7816,.F.);
#10984=ORIENTED_EDGE('',*,*,#7815,.F.);
#10985=ORIENTED_EDGE('',*,*,#7817,.F.);
#10986=ORIENTED_EDGE('',*,*,#7818,.T.);
#10987=ORIENTED_EDGE('',*,*,#7819,.F.);
#10988=ORIENTED_EDGE('',*,*,#7818,.F.);
#10989=ORIENTED_EDGE('',*,*,#7820,.F.);
#10990=ORIENTED_EDGE('',*,*,#7810,.T.);
#10991=ORIENTED_EDGE('',*,*,#7821,.F.);
#10992=ORIENTED_EDGE('',*,*,#7822,.F.);
#10993=ORIENTED_EDGE('',*,*,#7823,.F.);
#10994=ORIENTED_EDGE('',*,*,#7824,.T.);
#10995=ORIENTED_EDGE('',*,*,#7825,.F.);
#10996=ORIENTED_EDGE('',*,*,#7824,.F.);
#10997=ORIENTED_EDGE('',*,*,#7826,.F.);
#10998=ORIENTED_EDGE('',*,*,#7827,.T.);
#10999=ORIENTED_EDGE('',*,*,#7828,.F.);
#11000=ORIENTED_EDGE('',*,*,#7827,.F.);
#11001=ORIENTED_EDGE('',*,*,#7829,.F.);
#11002=ORIENTED_EDGE('',*,*,#7830,.T.);
#11003=ORIENTED_EDGE('',*,*,#7831,.F.);
#11004=ORIENTED_EDGE('',*,*,#7830,.F.);
#11005=ORIENTED_EDGE('',*,*,#7832,.F.);
#11006=ORIENTED_EDGE('',*,*,#7822,.T.);
#11007=ORIENTED_EDGE('',*,*,#7833,.F.);
#11008=ORIENTED_EDGE('',*,*,#7834,.F.);
#11009=ORIENTED_EDGE('',*,*,#7835,.F.);
#11010=ORIENTED_EDGE('',*,*,#7836,.T.);
#11011=ORIENTED_EDGE('',*,*,#7837,.F.);
#11012=ORIENTED_EDGE('',*,*,#7836,.F.);
#11013=ORIENTED_EDGE('',*,*,#7838,.F.);
#11014=ORIENTED_EDGE('',*,*,#7839,.T.);
#11015=ORIENTED_EDGE('',*,*,#7840,.F.);
#11016=ORIENTED_EDGE('',*,*,#7839,.F.);
#11017=ORIENTED_EDGE('',*,*,#7841,.F.);
#11018=ORIENTED_EDGE('',*,*,#7842,.T.);
#11019=ORIENTED_EDGE('',*,*,#7843,.F.);
#11020=ORIENTED_EDGE('',*,*,#7842,.F.);
#11021=ORIENTED_EDGE('',*,*,#7844,.F.);
#11022=ORIENTED_EDGE('',*,*,#7834,.T.);
#11023=ORIENTED_EDGE('',*,*,#7845,.F.);
#11024=ORIENTED_EDGE('',*,*,#7846,.F.);
#11025=ORIENTED_EDGE('',*,*,#7847,.F.);
#11026=ORIENTED_EDGE('',*,*,#7848,.T.);
#11027=ORIENTED_EDGE('',*,*,#7849,.F.);
#11028=ORIENTED_EDGE('',*,*,#7848,.F.);
#11029=ORIENTED_EDGE('',*,*,#7850,.F.);
#11030=ORIENTED_EDGE('',*,*,#7851,.T.);
#11031=ORIENTED_EDGE('',*,*,#7852,.F.);
#11032=ORIENTED_EDGE('',*,*,#7851,.F.);
#11033=ORIENTED_EDGE('',*,*,#7853,.F.);
#11034=ORIENTED_EDGE('',*,*,#7854,.T.);
#11035=ORIENTED_EDGE('',*,*,#7855,.F.);
#11036=ORIENTED_EDGE('',*,*,#7854,.F.);
#11037=ORIENTED_EDGE('',*,*,#7856,.F.);
#11038=ORIENTED_EDGE('',*,*,#7846,.T.);
#11039=ORIENTED_EDGE('',*,*,#7857,.F.);
#11040=ORIENTED_EDGE('',*,*,#7858,.F.);
#11041=ORIENTED_EDGE('',*,*,#7859,.F.);
#11042=ORIENTED_EDGE('',*,*,#7860,.T.);
#11043=ORIENTED_EDGE('',*,*,#7861,.F.);
#11044=ORIENTED_EDGE('',*,*,#7860,.F.);
#11045=ORIENTED_EDGE('',*,*,#7862,.F.);
#11046=ORIENTED_EDGE('',*,*,#7863,.T.);
#11047=ORIENTED_EDGE('',*,*,#7864,.F.);
#11048=ORIENTED_EDGE('',*,*,#7863,.F.);
#11049=ORIENTED_EDGE('',*,*,#7865,.F.);
#11050=ORIENTED_EDGE('',*,*,#7866,.T.);
#11051=ORIENTED_EDGE('',*,*,#7867,.F.);
#11052=ORIENTED_EDGE('',*,*,#7866,.F.);
#11053=ORIENTED_EDGE('',*,*,#7868,.F.);
#11054=ORIENTED_EDGE('',*,*,#7858,.T.);
#11055=ORIENTED_EDGE('',*,*,#7869,.F.);
#11056=ORIENTED_EDGE('',*,*,#7870,.F.);
#11057=ORIENTED_EDGE('',*,*,#7871,.F.);
#11058=ORIENTED_EDGE('',*,*,#7872,.T.);
#11059=ORIENTED_EDGE('',*,*,#7873,.F.);
#11060=ORIENTED_EDGE('',*,*,#7872,.F.);
#11061=ORIENTED_EDGE('',*,*,#7874,.F.);
#11062=ORIENTED_EDGE('',*,*,#7875,.T.);
#11063=ORIENTED_EDGE('',*,*,#7876,.F.);
#11064=ORIENTED_EDGE('',*,*,#7875,.F.);
#11065=ORIENTED_EDGE('',*,*,#7877,.F.);
#11066=ORIENTED_EDGE('',*,*,#7878,.T.);
#11067=ORIENTED_EDGE('',*,*,#7879,.F.);
#11068=ORIENTED_EDGE('',*,*,#7878,.F.);
#11069=ORIENTED_EDGE('',*,*,#7880,.F.);
#11070=ORIENTED_EDGE('',*,*,#7870,.T.);
#11071=ORIENTED_EDGE('',*,*,#7881,.F.);
#11072=ORIENTED_EDGE('',*,*,#7882,.F.);
#11073=ORIENTED_EDGE('',*,*,#7883,.F.);
#11074=ORIENTED_EDGE('',*,*,#7884,.T.);
#11075=ORIENTED_EDGE('',*,*,#7885,.F.);
#11076=ORIENTED_EDGE('',*,*,#7884,.F.);
#11077=ORIENTED_EDGE('',*,*,#7886,.F.);
#11078=ORIENTED_EDGE('',*,*,#7887,.T.);
#11079=ORIENTED_EDGE('',*,*,#7888,.F.);
#11080=ORIENTED_EDGE('',*,*,#7887,.F.);
#11081=ORIENTED_EDGE('',*,*,#7889,.F.);
#11082=ORIENTED_EDGE('',*,*,#7890,.T.);
#11083=ORIENTED_EDGE('',*,*,#7891,.F.);
#11084=ORIENTED_EDGE('',*,*,#7890,.F.);
#11085=ORIENTED_EDGE('',*,*,#7892,.F.);
#11086=ORIENTED_EDGE('',*,*,#7882,.T.);
#11087=ORIENTED_EDGE('',*,*,#7893,.F.);
#11088=ORIENTED_EDGE('',*,*,#7894,.F.);
#11089=ORIENTED_EDGE('',*,*,#7895,.F.);
#11090=ORIENTED_EDGE('',*,*,#7896,.T.);
#11091=ORIENTED_EDGE('',*,*,#7897,.F.);
#11092=ORIENTED_EDGE('',*,*,#7896,.F.);
#11093=ORIENTED_EDGE('',*,*,#7898,.F.);
#11094=ORIENTED_EDGE('',*,*,#7899,.T.);
#11095=ORIENTED_EDGE('',*,*,#7900,.F.);
#11096=ORIENTED_EDGE('',*,*,#7899,.F.);
#11097=ORIENTED_EDGE('',*,*,#7901,.F.);
#11098=ORIENTED_EDGE('',*,*,#7902,.T.);
#11099=ORIENTED_EDGE('',*,*,#7903,.F.);
#11100=ORIENTED_EDGE('',*,*,#7902,.F.);
#11101=ORIENTED_EDGE('',*,*,#7904,.F.);
#11102=ORIENTED_EDGE('',*,*,#7894,.T.);
#11103=ORIENTED_EDGE('',*,*,#7905,.F.);
#11104=ORIENTED_EDGE('',*,*,#7906,.T.);
#11105=ORIENTED_EDGE('',*,*,#7907,.T.);
#11106=ORIENTED_EDGE('',*,*,#7908,.F.);
#11107=ORIENTED_EDGE('',*,*,#7909,.F.);
#11108=ORIENTED_EDGE('',*,*,#7910,.T.);
#11109=ORIENTED_EDGE('',*,*,#7911,.T.);
#11110=ORIENTED_EDGE('',*,*,#7906,.F.);
#11111=ORIENTED_EDGE('',*,*,#7912,.F.);
#11112=ORIENTED_EDGE('',*,*,#7913,.T.);
#11113=ORIENTED_EDGE('',*,*,#7914,.T.);
#11114=ORIENTED_EDGE('',*,*,#7910,.F.);
#11115=ORIENTED_EDGE('',*,*,#7915,.F.);
#11116=ORIENTED_EDGE('',*,*,#7916,.T.);
#11117=ORIENTED_EDGE('',*,*,#7917,.T.);
#11118=ORIENTED_EDGE('',*,*,#7913,.F.);
#11119=ORIENTED_EDGE('',*,*,#7918,.F.);
#11120=ORIENTED_EDGE('',*,*,#7919,.T.);
#11121=ORIENTED_EDGE('',*,*,#7920,.T.);
#11122=ORIENTED_EDGE('',*,*,#7916,.F.);
#11123=ORIENTED_EDGE('',*,*,#7921,.F.);
#11124=ORIENTED_EDGE('',*,*,#7922,.T.);
#11125=ORIENTED_EDGE('',*,*,#7923,.T.);
#11126=ORIENTED_EDGE('',*,*,#7919,.F.);
#11127=ORIENTED_EDGE('',*,*,#7924,.F.);
#11128=ORIENTED_EDGE('',*,*,#7925,.T.);
#11129=ORIENTED_EDGE('',*,*,#7926,.T.);
#11130=ORIENTED_EDGE('',*,*,#7922,.F.);
#11131=ORIENTED_EDGE('',*,*,#7927,.F.);
#11132=ORIENTED_EDGE('',*,*,#7908,.T.);
#11133=ORIENTED_EDGE('',*,*,#7928,.T.);
#11134=ORIENTED_EDGE('',*,*,#7925,.F.);
#11135=ORIENTED_EDGE('',*,*,#7928,.F.);
#11136=ORIENTED_EDGE('',*,*,#7907,.F.);
#11137=ORIENTED_EDGE('',*,*,#7911,.F.);
#11138=ORIENTED_EDGE('',*,*,#7914,.F.);
#11139=ORIENTED_EDGE('',*,*,#7917,.F.);
#11140=ORIENTED_EDGE('',*,*,#7920,.F.);
#11141=ORIENTED_EDGE('',*,*,#7923,.F.);
#11142=ORIENTED_EDGE('',*,*,#7926,.F.);
#11143=ORIENTED_EDGE('',*,*,#7929,.F.);
#11144=ORIENTED_EDGE('',*,*,#7930,.F.);
#11145=ORIENTED_EDGE('',*,*,#7931,.F.);
#11146=ORIENTED_EDGE('',*,*,#7932,.F.);
#11147=ORIENTED_EDGE('',*,*,#7933,.F.);
#11148=ORIENTED_EDGE('',*,*,#7934,.F.);
#11149=ORIENTED_EDGE('',*,*,#7935,.F.);
#11150=ORIENTED_EDGE('',*,*,#7936,.F.);
#11151=ORIENTED_EDGE('',*,*,#7932,.T.);
#11152=ORIENTED_EDGE('',*,*,#7937,.T.);
#11153=ORIENTED_EDGE('',*,*,#7938,.F.);
#11154=ORIENTED_EDGE('',*,*,#7939,.F.);
#11155=ORIENTED_EDGE('',*,*,#7931,.T.);
#11156=ORIENTED_EDGE('',*,*,#7940,.T.);
#11157=ORIENTED_EDGE('',*,*,#7941,.F.);
#11158=ORIENTED_EDGE('',*,*,#7937,.F.);
#11159=ORIENTED_EDGE('',*,*,#7930,.T.);
#11160=ORIENTED_EDGE('',*,*,#7942,.T.);
#11161=ORIENTED_EDGE('',*,*,#7943,.F.);
#11162=ORIENTED_EDGE('',*,*,#7940,.F.);
#11163=ORIENTED_EDGE('',*,*,#7929,.T.);
#11164=ORIENTED_EDGE('',*,*,#7944,.T.);
#11165=ORIENTED_EDGE('',*,*,#7945,.F.);
#11166=ORIENTED_EDGE('',*,*,#7942,.F.);
#11167=ORIENTED_EDGE('',*,*,#7675,.T.);
#11168=ORIENTED_EDGE('',*,*,#7678,.T.);
#11169=ORIENTED_EDGE('',*,*,#7680,.T.);
#11170=ORIENTED_EDGE('',*,*,#7682,.T.);
#11171=ORIENTED_EDGE('',*,*,#7946,.T.);
#11172=ORIENTED_EDGE('',*,*,#7947,.T.);
#11173=ORIENTED_EDGE('',*,*,#7948,.T.);
#11174=ORIENTED_EDGE('',*,*,#7949,.T.);
#11175=ORIENTED_EDGE('',*,*,#7950,.F.);
#11176=ORIENTED_EDGE('',*,*,#7951,.T.);
#11177=ORIENTED_EDGE('',*,*,#7952,.T.);
#11178=ORIENTED_EDGE('',*,*,#7953,.T.);
#11179=ORIENTED_EDGE('',*,*,#7954,.T.);
#11180=ORIENTED_EDGE('',*,*,#7955,.T.);
#11181=ORIENTED_EDGE('',*,*,#7956,.T.);
#11182=ORIENTED_EDGE('',*,*,#7957,.T.);
#11183=ORIENTED_EDGE('',*,*,#7958,.T.);
#11184=ORIENTED_EDGE('',*,*,#7959,.T.);
#11185=ORIENTED_EDGE('',*,*,#7960,.F.);
#11186=ORIENTED_EDGE('',*,*,#7961,.F.);
#11187=ORIENTED_EDGE('',*,*,#7962,.T.);
#11188=ORIENTED_EDGE('',*,*,#7950,.T.);
#11189=ORIENTED_EDGE('',*,*,#7963,.T.);
#11190=ORIENTED_EDGE('',*,*,#7964,.T.);
#11191=ORIENTED_EDGE('',*,*,#7965,.T.);
#11192=ORIENTED_EDGE('',*,*,#7966,.T.);
#11193=ORIENTED_EDGE('',*,*,#7967,.T.);
#11194=ORIENTED_EDGE('',*,*,#7968,.T.);
#11195=ORIENTED_EDGE('',*,*,#7969,.F.);
#11196=ORIENTED_EDGE('',*,*,#7936,.T.);
#11197=ORIENTED_EDGE('',*,*,#7970,.T.);
#11198=ORIENTED_EDGE('',*,*,#7971,.F.);
#11199=ORIENTED_EDGE('',*,*,#7944,.F.);
#11200=ORIENTED_EDGE('',*,*,#7935,.T.);
#11201=ORIENTED_EDGE('',*,*,#7972,.T.);
#11202=ORIENTED_EDGE('',*,*,#7973,.F.);
#11203=ORIENTED_EDGE('',*,*,#7970,.F.);
#11204=ORIENTED_EDGE('',*,*,#7934,.T.);
#11205=ORIENTED_EDGE('',*,*,#7974,.T.);
#11206=ORIENTED_EDGE('',*,*,#7975,.F.);
#11207=ORIENTED_EDGE('',*,*,#7972,.F.);
#11208=ORIENTED_EDGE('',*,*,#7933,.T.);
#11209=ORIENTED_EDGE('',*,*,#7939,.T.);
#11210=ORIENTED_EDGE('',*,*,#7976,.F.);
#11211=ORIENTED_EDGE('',*,*,#7974,.F.);
#11212=ORIENTED_EDGE('',*,*,#7961,.T.);
#11213=ORIENTED_EDGE('',*,*,#7977,.F.);
#11214=ORIENTED_EDGE('',*,*,#7978,.T.);
#11215=ORIENTED_EDGE('',*,*,#7963,.F.);
#11216=ORIENTED_EDGE('',*,*,#7979,.F.);
#11217=ORIENTED_EDGE('',*,*,#7968,.F.);
#11218=ORIENTED_EDGE('',*,*,#7980,.F.);
#11219=ORIENTED_EDGE('',*,*,#7981,.F.);
#11220=ORIENTED_EDGE('',*,*,#7982,.T.);
#11221=ORIENTED_EDGE('',*,*,#7983,.F.);
#11222=ORIENTED_EDGE('',*,*,#7981,.T.);
#11223=ORIENTED_EDGE('',*,*,#7984,.T.);
#11224=ORIENTED_EDGE('',*,*,#7985,.T.);
#11225=ORIENTED_EDGE('',*,*,#7986,.T.);
#11226=ORIENTED_EDGE('',*,*,#7987,.T.);
#11227=ORIENTED_EDGE('',*,*,#7977,.T.);
#11228=ORIENTED_EDGE('',*,*,#7960,.T.);
#11229=ORIENTED_EDGE('',*,*,#7965,.F.);
#11230=ORIENTED_EDGE('',*,*,#7988,.F.);
#11231=ORIENTED_EDGE('',*,*,#7986,.F.);
#11232=ORIENTED_EDGE('',*,*,#7989,.T.);
#11233=ORIENTED_EDGE('',*,*,#7964,.F.);
#11234=ORIENTED_EDGE('',*,*,#7978,.F.);
#11235=ORIENTED_EDGE('',*,*,#7987,.F.);
#11236=ORIENTED_EDGE('',*,*,#7988,.T.);
#11237=ORIENTED_EDGE('',*,*,#7967,.F.);
#11238=ORIENTED_EDGE('',*,*,#7990,.F.);
#11239=ORIENTED_EDGE('',*,*,#7984,.F.);
#11240=ORIENTED_EDGE('',*,*,#7980,.T.);
#11241=ORIENTED_EDGE('',*,*,#7966,.F.);
#11242=ORIENTED_EDGE('',*,*,#7989,.F.);
#11243=ORIENTED_EDGE('',*,*,#7985,.F.);
#11244=ORIENTED_EDGE('',*,*,#7990,.T.);
#11245=ORIENTED_EDGE('',*,*,#7962,.F.);
#11246=ORIENTED_EDGE('',*,*,#7991,.F.);
#11247=ORIENTED_EDGE('',*,*,#7992,.T.);
#11248=ORIENTED_EDGE('',*,*,#7951,.F.);
#11249=ORIENTED_EDGE('',*,*,#7816,.T.);
#11250=ORIENTED_EDGE('',*,*,#7819,.T.);
#11251=ORIENTED_EDGE('',*,*,#7809,.T.);
#11252=ORIENTED_EDGE('',*,*,#7813,.T.);
#11253=ORIENTED_EDGE('',*,*,#7852,.T.);
#11254=ORIENTED_EDGE('',*,*,#7855,.T.);
#11255=ORIENTED_EDGE('',*,*,#7845,.T.);
#11256=ORIENTED_EDGE('',*,*,#7849,.T.);
#11257=ORIENTED_EDGE('',*,*,#7864,.T.);
#11258=ORIENTED_EDGE('',*,*,#7867,.T.);
#11259=ORIENTED_EDGE('',*,*,#7857,.T.);
#11260=ORIENTED_EDGE('',*,*,#7861,.T.);
#11261=ORIENTED_EDGE('',*,*,#7900,.T.);
#11262=ORIENTED_EDGE('',*,*,#7903,.T.);
#11263=ORIENTED_EDGE('',*,*,#7893,.T.);
#11264=ORIENTED_EDGE('',*,*,#7897,.T.);
#11265=ORIENTED_EDGE('',*,*,#7982,.F.);
#11266=ORIENTED_EDGE('',*,*,#7959,.F.);
#11267=ORIENTED_EDGE('',*,*,#7993,.F.);
#11268=ORIENTED_EDGE('',*,*,#7994,.F.);
#11269=ORIENTED_EDGE('',*,*,#7828,.T.);
#11270=ORIENTED_EDGE('',*,*,#7831,.T.);
#11271=ORIENTED_EDGE('',*,*,#7821,.T.);
#11272=ORIENTED_EDGE('',*,*,#7825,.T.);
#11273=ORIENTED_EDGE('',*,*,#7840,.T.);
#11274=ORIENTED_EDGE('',*,*,#7843,.T.);
#11275=ORIENTED_EDGE('',*,*,#7833,.T.);
#11276=ORIENTED_EDGE('',*,*,#7837,.T.);
#11277=ORIENTED_EDGE('',*,*,#7876,.T.);
#11278=ORIENTED_EDGE('',*,*,#7879,.T.);
#11279=ORIENTED_EDGE('',*,*,#7869,.T.);
#11280=ORIENTED_EDGE('',*,*,#7873,.T.);
#11281=ORIENTED_EDGE('',*,*,#7888,.T.);
#11282=ORIENTED_EDGE('',*,*,#7891,.T.);
#11283=ORIENTED_EDGE('',*,*,#7881,.T.);
#11284=ORIENTED_EDGE('',*,*,#7885,.T.);
#11285=ORIENTED_EDGE('',*,*,#7995,.F.);
#11286=ORIENTED_EDGE('',*,*,#7996,.F.);
#11287=ORIENTED_EDGE('',*,*,#7997,.T.);
#11288=ORIENTED_EDGE('',*,*,#7998,.F.);
#11289=ORIENTED_EDGE('',*,*,#7999,.F.);
#11290=ORIENTED_EDGE('',*,*,#8000,.F.);
#11291=ORIENTED_EDGE('',*,*,#8001,.F.);
#11292=ORIENTED_EDGE('',*,*,#8002,.F.);
#11293=ORIENTED_EDGE('',*,*,#8003,.F.);
#11294=ORIENTED_EDGE('',*,*,#8004,.F.);
#11295=ORIENTED_EDGE('',*,*,#7998,.T.);
#11296=ORIENTED_EDGE('',*,*,#8005,.T.);
#11297=ORIENTED_EDGE('',*,*,#8006,.T.);
#11298=ORIENTED_EDGE('',*,*,#8007,.T.);
#11299=ORIENTED_EDGE('',*,*,#8008,.T.);
#11300=ORIENTED_EDGE('',*,*,#8000,.T.);
#11301=ORIENTED_EDGE('',*,*,#8009,.F.);
#11302=ORIENTED_EDGE('',*,*,#8002,.T.);
#11303=ORIENTED_EDGE('',*,*,#8010,.T.);
#11304=ORIENTED_EDGE('',*,*,#8011,.T.);
#11305=ORIENTED_EDGE('',*,*,#8012,.T.);
#11306=ORIENTED_EDGE('',*,*,#8013,.T.);
#11307=ORIENTED_EDGE('',*,*,#7996,.T.);
#11308=ORIENTED_EDGE('',*,*,#8014,.F.);
#11309=ORIENTED_EDGE('',*,*,#8006,.F.);
#11310=ORIENTED_EDGE('',*,*,#8015,.F.);
#11311=ORIENTED_EDGE('',*,*,#8012,.F.);
#11312=ORIENTED_EDGE('',*,*,#8016,.T.);
#11313=ORIENTED_EDGE('',*,*,#8005,.F.);
#11314=ORIENTED_EDGE('',*,*,#7997,.F.);
#11315=ORIENTED_EDGE('',*,*,#8013,.F.);
#11316=ORIENTED_EDGE('',*,*,#8015,.T.);
#11317=ORIENTED_EDGE('',*,*,#8008,.F.);
#11318=ORIENTED_EDGE('',*,*,#8017,.F.);
#11319=ORIENTED_EDGE('',*,*,#8010,.F.);
#11320=ORIENTED_EDGE('',*,*,#8001,.T.);
#11321=ORIENTED_EDGE('',*,*,#8007,.F.);
#11322=ORIENTED_EDGE('',*,*,#8016,.F.);
#11323=ORIENTED_EDGE('',*,*,#8011,.F.);
#11324=ORIENTED_EDGE('',*,*,#8017,.T.);
#11325=ORIENTED_EDGE('',*,*,#8014,.T.);
#11326=ORIENTED_EDGE('',*,*,#7995,.T.);
#11327=ORIENTED_EDGE('',*,*,#8004,.T.);
#11328=ORIENTED_EDGE('',*,*,#8018,.F.);
#11329=ORIENTED_EDGE('',*,*,#8019,.T.);
#11330=ORIENTED_EDGE('',*,*,#7955,.F.);
#11331=ORIENTED_EDGE('',*,*,#8020,.F.);
#11332=ORIENTED_EDGE('',*,*,#8021,.F.);
#11333=ORIENTED_EDGE('',*,*,#8022,.F.);
#11334=ORIENTED_EDGE('',*,*,#8023,.T.);
#11335=ORIENTED_EDGE('',*,*,#7956,.F.);
#11336=ORIENTED_EDGE('',*,*,#8019,.F.);
#11337=ORIENTED_EDGE('',*,*,#8024,.F.);
#11338=ORIENTED_EDGE('',*,*,#8025,.T.);
#11339=ORIENTED_EDGE('',*,*,#7957,.F.);
#11340=ORIENTED_EDGE('',*,*,#8023,.F.);
#11341=ORIENTED_EDGE('',*,*,#7971,.T.);
#11342=ORIENTED_EDGE('',*,*,#7973,.T.);
#11343=ORIENTED_EDGE('',*,*,#7975,.T.);
#11344=ORIENTED_EDGE('',*,*,#7976,.T.);
#11345=ORIENTED_EDGE('',*,*,#7938,.T.);
#11346=ORIENTED_EDGE('',*,*,#7941,.T.);
#11347=ORIENTED_EDGE('',*,*,#7943,.T.);
#11348=ORIENTED_EDGE('',*,*,#7945,.T.);
#11349=ORIENTED_EDGE('',*,*,#7804,.T.);
#11350=ORIENTED_EDGE('',*,*,#7807,.T.);
#11351=ORIENTED_EDGE('',*,*,#7797,.T.);
#11352=ORIENTED_EDGE('',*,*,#7801,.T.);
#11353=ORIENTED_EDGE('',*,*,#7792,.T.);
#11354=ORIENTED_EDGE('',*,*,#7795,.T.);
#11355=ORIENTED_EDGE('',*,*,#7785,.T.);
#11356=ORIENTED_EDGE('',*,*,#7789,.T.);
#11357=ORIENTED_EDGE('',*,*,#7780,.T.);
#11358=ORIENTED_EDGE('',*,*,#7783,.T.);
#11359=ORIENTED_EDGE('',*,*,#7773,.T.);
#11360=ORIENTED_EDGE('',*,*,#7777,.T.);
#11361=ORIENTED_EDGE('',*,*,#7768,.T.);
#11362=ORIENTED_EDGE('',*,*,#7771,.T.);
#11363=ORIENTED_EDGE('',*,*,#7761,.T.);
#11364=ORIENTED_EDGE('',*,*,#7765,.T.);
#11365=ORIENTED_EDGE('',*,*,#7744,.T.);
#11366=ORIENTED_EDGE('',*,*,#7747,.T.);
#11367=ORIENTED_EDGE('',*,*,#7737,.T.);
#11368=ORIENTED_EDGE('',*,*,#7741,.T.);
#11369=ORIENTED_EDGE('',*,*,#8026,.F.);
#11370=ORIENTED_EDGE('',*,*,#7993,.T.);
#11371=ORIENTED_EDGE('',*,*,#7958,.F.);
#11372=ORIENTED_EDGE('',*,*,#8025,.F.);
#11373=ORIENTED_EDGE('',*,*,#8027,.F.);
#11374=ORIENTED_EDGE('',*,*,#8020,.T.);
#11375=ORIENTED_EDGE('',*,*,#7954,.F.);
#11376=ORIENTED_EDGE('',*,*,#8028,.F.);
#11377=ORIENTED_EDGE('',*,*,#8029,.F.);
#11378=ORIENTED_EDGE('',*,*,#8028,.T.);
#11379=ORIENTED_EDGE('',*,*,#7953,.F.);
#11380=ORIENTED_EDGE('',*,*,#8030,.F.);
#11381=ORIENTED_EDGE('',*,*,#7710,.T.);
#11382=ORIENTED_EDGE('',*,*,#7712,.T.);
#11383=ORIENTED_EDGE('',*,*,#7705,.T.);
#11384=ORIENTED_EDGE('',*,*,#7708,.T.);
#11385=ORIENTED_EDGE('',*,*,#7718,.T.);
#11386=ORIENTED_EDGE('',*,*,#7720,.T.);
#11387=ORIENTED_EDGE('',*,*,#7713,.T.);
#11388=ORIENTED_EDGE('',*,*,#7716,.T.);
#11389=ORIENTED_EDGE('',*,*,#7726,.T.);
#11390=ORIENTED_EDGE('',*,*,#7728,.T.);
#11391=ORIENTED_EDGE('',*,*,#7721,.T.);
#11392=ORIENTED_EDGE('',*,*,#7724,.T.);
#11393=ORIENTED_EDGE('',*,*,#7734,.T.);
#11394=ORIENTED_EDGE('',*,*,#7736,.T.);
#11395=ORIENTED_EDGE('',*,*,#7729,.T.);
#11396=ORIENTED_EDGE('',*,*,#7732,.T.);
#11397=ORIENTED_EDGE('',*,*,#8031,.F.);
#11398=ORIENTED_EDGE('',*,*,#8030,.T.);
#11399=ORIENTED_EDGE('',*,*,#7952,.F.);
#11400=ORIENTED_EDGE('',*,*,#7992,.F.);
#11401=ORIENTED_EDGE('',*,*,#7672,.T.);
#11402=ORIENTED_EDGE('',*,*,#7676,.T.);
#11403=ORIENTED_EDGE('',*,*,#7949,.F.);
#11404=ORIENTED_EDGE('',*,*,#8032,.T.);
#11405=ORIENTED_EDGE('',*,*,#7905,.T.);
#11406=ORIENTED_EDGE('',*,*,#7927,.T.);
#11407=ORIENTED_EDGE('',*,*,#7924,.T.);
#11408=ORIENTED_EDGE('',*,*,#7921,.T.);
#11409=ORIENTED_EDGE('',*,*,#7918,.T.);
#11410=ORIENTED_EDGE('',*,*,#7915,.T.);
#11411=ORIENTED_EDGE('',*,*,#7912,.T.);
#11412=ORIENTED_EDGE('',*,*,#7909,.T.);
#11413=ORIENTED_EDGE('',*,*,#7805,.T.);
#11414=ORIENTED_EDGE('',*,*,#7802,.T.);
#11415=ORIENTED_EDGE('',*,*,#7799,.T.);
#11416=ORIENTED_EDGE('',*,*,#7808,.T.);
#11417=ORIENTED_EDGE('',*,*,#7793,.T.);
#11418=ORIENTED_EDGE('',*,*,#7790,.T.);
#11419=ORIENTED_EDGE('',*,*,#7787,.T.);
#11420=ORIENTED_EDGE('',*,*,#7796,.T.);
#11421=ORIENTED_EDGE('',*,*,#7781,.T.);
#11422=ORIENTED_EDGE('',*,*,#7778,.T.);
#11423=ORIENTED_EDGE('',*,*,#7775,.T.);
#11424=ORIENTED_EDGE('',*,*,#7784,.T.);
#11425=ORIENTED_EDGE('',*,*,#7769,.T.);
#11426=ORIENTED_EDGE('',*,*,#7766,.T.);
#11427=ORIENTED_EDGE('',*,*,#7763,.T.);
#11428=ORIENTED_EDGE('',*,*,#7772,.T.);
#11429=ORIENTED_EDGE('',*,*,#7749,.T.);
#11430=ORIENTED_EDGE('',*,*,#7759,.T.);
#11431=ORIENTED_EDGE('',*,*,#7756,.T.);
#11432=ORIENTED_EDGE('',*,*,#7753,.T.);
#11433=ORIENTED_EDGE('',*,*,#7745,.T.);
#11434=ORIENTED_EDGE('',*,*,#7742,.T.);
#11435=ORIENTED_EDGE('',*,*,#7739,.T.);
#11436=ORIENTED_EDGE('',*,*,#7748,.T.);
#11437=ORIENTED_EDGE('',*,*,#7673,.T.);
#11438=ORIENTED_EDGE('',*,*,#8032,.F.);
#11439=ORIENTED_EDGE('',*,*,#7948,.F.);
#11440=ORIENTED_EDGE('',*,*,#8033,.T.);
#11441=ORIENTED_EDGE('',*,*,#7666,.T.);
#11442=ORIENTED_EDGE('',*,*,#8033,.F.);
#11443=ORIENTED_EDGE('',*,*,#7947,.F.);
#11444=ORIENTED_EDGE('',*,*,#8034,.T.);
#11445=ORIENTED_EDGE('',*,*,#7817,.T.);
#11446=ORIENTED_EDGE('',*,*,#7814,.T.);
#11447=ORIENTED_EDGE('',*,*,#7811,.T.);
#11448=ORIENTED_EDGE('',*,*,#7820,.T.);
#11449=ORIENTED_EDGE('',*,*,#7829,.T.);
#11450=ORIENTED_EDGE('',*,*,#7826,.T.);
#11451=ORIENTED_EDGE('',*,*,#7823,.T.);
#11452=ORIENTED_EDGE('',*,*,#7832,.T.);
#11453=ORIENTED_EDGE('',*,*,#7841,.T.);
#11454=ORIENTED_EDGE('',*,*,#7838,.T.);
#11455=ORIENTED_EDGE('',*,*,#7835,.T.);
#11456=ORIENTED_EDGE('',*,*,#7844,.T.);
#11457=ORIENTED_EDGE('',*,*,#7853,.T.);
#11458=ORIENTED_EDGE('',*,*,#7850,.T.);
#11459=ORIENTED_EDGE('',*,*,#7847,.T.);
#11460=ORIENTED_EDGE('',*,*,#7856,.T.);
#11461=ORIENTED_EDGE('',*,*,#7865,.T.);
#11462=ORIENTED_EDGE('',*,*,#7862,.T.);
#11463=ORIENTED_EDGE('',*,*,#7859,.T.);
#11464=ORIENTED_EDGE('',*,*,#7868,.T.);
#11465=ORIENTED_EDGE('',*,*,#7877,.T.);
#11466=ORIENTED_EDGE('',*,*,#7874,.T.);
#11467=ORIENTED_EDGE('',*,*,#7871,.T.);
#11468=ORIENTED_EDGE('',*,*,#7880,.T.);
#11469=ORIENTED_EDGE('',*,*,#7889,.T.);
#11470=ORIENTED_EDGE('',*,*,#7886,.T.);
#11471=ORIENTED_EDGE('',*,*,#7883,.T.);
#11472=ORIENTED_EDGE('',*,*,#7892,.T.);
#11473=ORIENTED_EDGE('',*,*,#7901,.T.);
#11474=ORIENTED_EDGE('',*,*,#7898,.T.);
#11475=ORIENTED_EDGE('',*,*,#7895,.T.);
#11476=ORIENTED_EDGE('',*,*,#7904,.T.);
#11477=ORIENTED_EDGE('',*,*,#7667,.T.);
#11478=ORIENTED_EDGE('',*,*,#8034,.F.);
#11479=ORIENTED_EDGE('',*,*,#7946,.F.);
#11480=ORIENTED_EDGE('',*,*,#7681,.T.);
#11481=ORIENTED_EDGE('',*,*,#7983,.T.);
#11482=ORIENTED_EDGE('',*,*,#7994,.T.);
#11483=ORIENTED_EDGE('',*,*,#8026,.T.);
#11484=ORIENTED_EDGE('',*,*,#8024,.T.);
#11485=ORIENTED_EDGE('',*,*,#8022,.T.);
#11486=ORIENTED_EDGE('',*,*,#8018,.T.);
#11487=ORIENTED_EDGE('',*,*,#8003,.T.);
#11488=ORIENTED_EDGE('',*,*,#7999,.T.);
#11489=ORIENTED_EDGE('',*,*,#8009,.T.);
#11490=ORIENTED_EDGE('',*,*,#8021,.T.);
#11491=ORIENTED_EDGE('',*,*,#8027,.T.);
#11492=ORIENTED_EDGE('',*,*,#8029,.T.);
#11493=ORIENTED_EDGE('',*,*,#8031,.T.);
#11494=ORIENTED_EDGE('',*,*,#7991,.T.);
#11495=ORIENTED_EDGE('',*,*,#7969,.T.);
#11496=ORIENTED_EDGE('',*,*,#7979,.T.);
#11497=ORIENTED_EDGE('',*,*,#7699,.T.);
#11498=ORIENTED_EDGE('',*,*,#7702,.T.);
#11499=PLANE('',#12741);
#11500=PLANE('',#12742);
#11501=PLANE('',#12743);
#11502=PLANE('',#12744);
#11503=PLANE('',#12745);
#11504=PLANE('',#12746);
#11505=PLANE('',#12747);
#11506=PLANE('',#12748);
#11507=PLANE('',#12749);
#11508=PLANE('',#12750);
#11509=PLANE('',#12751);
#11510=PLANE('',#12752);
#11511=PLANE('',#12753);
#11512=PLANE('',#12754);
#11513=PLANE('',#12755);
#11514=PLANE('',#12756);
#11515=PLANE('',#12757);
#11516=PLANE('',#12758);
#11517=PLANE('',#12759);
#11518=PLANE('',#12760);
#11519=PLANE('',#12761);
#11520=PLANE('',#12762);
#11521=PLANE('',#12763);
#11522=PLANE('',#12764);
#11523=PLANE('',#12765);
#11524=PLANE('',#12766);
#11525=PLANE('',#12770);
#11526=PLANE('',#12774);
#11527=PLANE('',#12775);
#11528=PLANE('',#12776);
#11529=PLANE('',#12780);
#11530=PLANE('',#12784);
#11531=PLANE('',#12785);
#11532=PLANE('',#12786);
#11533=PLANE('',#12790);
#11534=PLANE('',#12794);
#11535=PLANE('',#12795);
#11536=PLANE('',#12796);
#11537=PLANE('',#12800);
#11538=PLANE('',#12804);
#11539=PLANE('',#12805);
#11540=PLANE('',#12806);
#11541=PLANE('',#12810);
#11542=PLANE('',#12814);
#11543=PLANE('',#12815);
#11544=PLANE('',#12816);
#11545=PLANE('',#12820);
#11546=PLANE('',#12824);
#11547=PLANE('',#12825);
#11548=PLANE('',#12826);
#11549=PLANE('',#12830);
#11550=PLANE('',#12834);
#11551=PLANE('',#12835);
#11552=PLANE('',#12836);
#11553=PLANE('',#12840);
#11554=PLANE('',#12844);
#11555=PLANE('',#12845);
#11556=PLANE('',#12846);
#11557=PLANE('',#12850);
#11558=PLANE('',#12854);
#11559=PLANE('',#12855);
#11560=PLANE('',#12856);
#11561=PLANE('',#12910);
#11562=PLANE('',#12919);
#11563=PLANE('',#12923);
#11564=PLANE('',#12924);
#11565=PLANE('',#12925);
#11566=PLANE('',#12930);
#11567=PLANE('',#12933);
#11568=PLANE('',#12935);
#11569=PLANE('',#12936);
#11570=PLANE('',#12937);
#11571=PLANE('',#12938);
#11572=PLANE('',#12940);
#11573=PLANE('',#13034);
#11574=PLANE('',#13035);
#11575=PLANE('',#13036);
#11576=PLANE('',#13037);
#11577=PLANE('',#13038);
#11578=PLANE('',#13039);
#11579=PLANE('',#13040);
#11580=PLANE('',#13041);
#11581=PLANE('',#13042);
#11582=PLANE('',#13043);
#11583=PLANE('',#13044);
#11584=PLANE('',#13045);
#11585=PLANE('',#13046);
#11586=PLANE('',#13047);
#11587=PLANE('',#13048);
#11588=PLANE('',#13049);
#11589=PLANE('',#13050);
#11590=PLANE('',#13051);
#11591=PLANE('',#13052);
#11592=PLANE('',#13053);
#11593=PLANE('',#13054);
#11594=PLANE('',#13055);
#11595=PLANE('',#13056);
#11596=PLANE('',#13057);
#11597=PLANE('',#13058);
#11598=PLANE('',#13059);
#11599=PLANE('',#13060);
#11600=PLANE('',#13061);
#11601=PLANE('',#13062);
#11602=PLANE('',#13063);
#11603=PLANE('',#13064);
#11604=PLANE('',#13065);
#11605=PLANE('',#13066);
#11606=PLANE('',#13067);
#11607=PLANE('',#13068);
#11608=PLANE('',#13069);
#11609=PLANE('',#13070);
#11610=PLANE('',#13071);
#11611=PLANE('',#13072);
#11612=PLANE('',#13073);
#11613=PLANE('',#13074);
#11614=PLANE('',#13075);
#11615=PLANE('',#13076);
#11616=PLANE('',#13077);
#11617=PLANE('',#13078);
#11618=PLANE('',#13079);
#11619=PLANE('',#13080);
#11620=PLANE('',#13081);
#11621=PLANE('',#13082);
#11622=PLANE('',#13083);
#11623=PLANE('',#13084);
#11624=PLANE('',#13085);
#11625=PLANE('',#13086);
#11626=PLANE('',#13087);
#11627=PLANE('',#13088);
#11628=PLANE('',#13089);
#11629=PLANE('',#13090);
#11630=PLANE('',#13091);
#11631=PLANE('',#13092);
#11632=PLANE('',#13093);
#11633=PLANE('',#13094);
#11634=PLANE('',#13095);
#11635=PLANE('',#13096);
#11636=PLANE('',#13097);
#11637=PLANE('',#13098);
#11638=PLANE('',#13099);
#11639=PLANE('',#13100);
#11640=PLANE('',#13101);
#11641=PLANE('',#13102);
#11642=PLANE('',#13103);
#11643=PLANE('',#13104);
#11644=PLANE('',#13105);
#11645=PLANE('',#13106);
#11646=PLANE('',#13107);
#11647=PLANE('',#13108);
#11648=PLANE('',#13109);
#11649=PLANE('',#13110);
#11650=PLANE('',#13111);
#11651=PLANE('',#13112);
#11652=PLANE('',#13113);
#11653=PLANE('',#13114);
#11654=PLANE('',#13115);
#11655=PLANE('',#13116);
#11656=PLANE('',#13117);
#11657=PLANE('',#13118);
#11658=PLANE('',#13119);
#11659=PLANE('',#13120);
#11660=PLANE('',#13121);
#11661=PLANE('',#13122);
#11662=PLANE('',#13123);
#11663=PLANE('',#13124);
#11664=PLANE('',#13125);
#11665=PLANE('',#13126);
#11666=PLANE('',#13127);
#11667=PLANE('',#13128);
#11668=PLANE('',#13129);
#11669=PLANE('',#13130);
#11670=PLANE('',#13131);
#11671=PLANE('',#13132);
#11672=PLANE('',#13133);
#11673=PLANE('',#13134);
#11674=PLANE('',#13135);
#11675=PLANE('',#13136);
#11676=PLANE('',#13137);
#11677=PLANE('',#13138);
#11678=PLANE('',#13139);
#11679=PLANE('',#13140);
#11680=PLANE('',#13141);
#11681=PLANE('',#13142);
#11682=PLANE('',#13143);
#11683=PLANE('',#13144);
#11684=PLANE('',#13145);
#11685=PLANE('',#13146);
#11686=PLANE('',#13147);
#11687=PLANE('',#13148);
#11688=PLANE('',#13149);
#11689=PLANE('',#13150);
#11690=PLANE('',#13151);
#11691=PLANE('',#13152);
#11692=PLANE('',#13153);
#11693=PLANE('',#13154);
#11694=PLANE('',#13155);
#11695=PLANE('',#13156);
#11696=PLANE('',#13157);
#11697=PLANE('',#13158);
#11698=PLANE('',#13168);
#11699=PLANE('',#13178);
#11700=PLANE('',#13179);
#11701=PLANE('',#13180);
#11702=PLANE('',#13181);
#11703=PLANE('',#13192);
#11704=PLANE('',#13205);
#11705=PLANE('',#13215);
#11706=PLANE('',#13216);
#11707=PLANE('',#13228);
#11708=PLANE('',#13243);
#11709=PLANE('',#13246);
#11710=PLANE('',#13249);
#11711=PLANE('',#13250);
#11712=PLANE('',#13253);
#11713=PLANE('',#13254);
#11714=PLANE('',#13255);
#11715=PLANE('',#13256);
#11716=PLANE('',#13257);
#11717=PLANE('',#13258);
#11718=PLANE('',#13259);
#11719=PLANE('',#13260);
#11720=PLANE('',#13261);
#11721=PLANE('',#13262);
#11722=PLANE('',#13263);
#11723=PLANE('',#13264);
#11724=PLANE('',#13274);
#11725=PLANE('',#13275);
#11726=PLANE('',#13276);
#11727=PLANE('',#13277);
#11728=PLANE('',#13278);
#11729=PLANE('',#13279);
#11730=PLANE('',#13280);
#11731=PLANE('',#13281);
#11732=PLANE('',#13282);
#11733=PLANE('',#13292);
#11734=PLANE('',#13293);
#11735=PLANE('',#13294);
#11736=PLANE('',#13295);
#11737=PLANE('',#13296);
#11738=PLANE('',#13297);
#11739=PLANE('',#13298);
#11740=PLANE('',#13299);
#11741=PLANE('',#13300);
#11742=PLANE('',#13301);
#11743=PLANE('',#13302);
#11744=PLANE('',#13303);
#11745=PLANE('',#13304);
#11746=PLANE('',#13305);
#11747=PLANE('',#13306);
#11748=PLANE('',#13307);
#11749=PLANE('',#13308);
#11750=PLANE('',#13309);
#11751=PLANE('',#13310);
#11752=PLANE('',#13311);
#11753=PLANE('',#13312);
#11754=PLANE('',#13313);
#11755=PLANE('',#13314);
#11756=PLANE('',#13315);
#11757=PLANE('',#13316);
#11758=PLANE('',#13317);
#11759=PLANE('',#13318);
#11760=PLANE('',#13319);
#11761=PLANE('',#13320);
#11762=PLANE('',#13321);
#11763=PLANE('',#13322);
#11764=PLANE('',#13323);
#11765=PLANE('',#13324);
#11766=PLANE('',#13329);
#11767=PLANE('',#13333);
#11768=PLANE('',#13334);
#11769=PLANE('',#13335);
#11770=PLANE('',#13336);
#11771=PLANE('',#13340);
#11772=PLANE('',#13344);
#11773=PLANE('',#13345);
#11774=PLANE('',#13346);
#11775=PLANE('',#13350);
#11776=PLANE('',#13354);
#11777=PLANE('',#13355);
#11778=PLANE('',#13356);
#11779=PLANE('',#13357);
#11780=PLANE('',#13361);
#11781=PLANE('',#13365);
#11782=PLANE('',#13366);
#11783=PLANE('',#13367);
#11784=PLANE('',#13371);
#11785=PLANE('',#13375);
#11786=PLANE('',#13376);
#11787=PLANE('',#13377);
#11788=PLANE('',#13378);
#11789=PLANE('',#13382);
#11790=PLANE('',#13386);
#11791=PLANE('',#13387);
#11792=PLANE('',#13388);
#11793=PLANE('',#13392);
#11794=PLANE('',#13396);
#11795=PLANE('',#13397);
#11796=PLANE('',#13398);
#11797=PLANE('',#13399);
#11798=PLANE('',#13403);
#11799=PLANE('',#13407);
#11800=PLANE('',#13408);
#11801=PLANE('',#13409);
#11802=PLANE('',#13416);
#11803=PLANE('',#13417);
#11804=PLANE('',#13418);
#11805=PLANE('',#13419);
#11806=PLANE('',#13421);
#11807=PLANE('',#13422);
#11808=PLANE('',#13423);
#11809=PLANE('',#13424);
#11810=PLANE('',#13428);
#11811=PLANE('',#13433);
#11812=PLANE('',#13434);
#11813=PLANE('',#13435);
#11814=PLANE('',#13436);
#11815=PLANE('',#13437);
#11816=PLANE('',#13438);
#11817=PLANE('',#13439);
#11818=PLANE('',#13440);
#11819=PLANE('',#13441);
#11820=PLANE('',#13446);
#11821=PLANE('',#13447);
#11822=PLANE('',#13448);
#11823=PLANE('',#13452);
#11824=PLANE('',#13453);
#11825=PLANE('',#13454);
#11826=PLANE('',#13455);
#11827=PLANE('',#13456);
#11828=PLANE('',#13460);
#11829=PLANE('',#13461);
#11830=PLANE('',#13462);
#11831=PLANE('',#13463);
#11832=PLANE('',#13464);
#11833=PLANE('',#13468);
#11834=PLANE('',#13469);
#11835=PLANE('',#13470);
#11836=PLANE('',#13471);
#11837=PLANE('',#13472);
#11838=PLANE('',#13476);
#11839=PLANE('',#13477);
#11840=PLANE('',#13478);
#11841=PLANE('',#13479);
#11842=PLANE('',#13483);
#11843=PLANE('',#13484);
#11844=PLANE('',#13491);
#11845=PLANE('',#13492);
#11846=PLANE('',#13499);
#11847=PLANE('',#13500);
#11848=PLANE('',#13507);
#11849=PLANE('',#13508);
#11850=PLANE('',#13515);
#11851=PLANE('',#13516);
#11852=PLANE('',#13521);
#11853=PLANE('',#13522);
#11854=PLANE('',#13523);
#11855=PLANE('',#13539);
#11856=PLANE('',#13557);
#11857=PLANE('',#13558);
#11858=PLANE('',#13560);
#11859=PLANE('',#13561);
#11860=PLANE('',#13562);
#11861=PLANE('',#13563);
#11862=PLANE('',#13564);
#11863=PLANE('',#13565);
#11864=PLANE('',#13569);
#11865=PLANE('',#13571);
#11866=PLANE('',#13573);
#11867=PLANE('',#13575);
#11868=PLANE('',#13579);
#11869=PLANE('',#13581);
#11870=PLANE('',#13583);
#11871=PLANE('',#13585);
#11872=PLANE('',#13586);
#11873=PLANE('',#13587);
#11874=PLANE('',#13588);
#11875=PLANE('',#13589);
#11876=PLANE('',#13590);
#11877=PLANE('',#13591);
#11878=PLANE('',#13596);
#11879=PLANE('',#13603);
#11880=PLANE('',#13606);
#11881=PLANE('',#13610);
#11882=PLANE('',#13614);
#11883=PLANE('',#13615);
#11884=PLANE('',#13616);
#11885=PLANE('',#13617);
#11886=PLANE('',#13618);
#11887=PLANE('',#13619);
#11888=PLANE('',#13620);
#11889=PLANE('',#13621);
#11890=PLANE('',#13622);
#11891=PLANE('',#13623);
#11892=PLANE('',#13624);
#11893=PLANE('',#13625);
#11894=PLANE('',#13626);
#11895=PLANE('',#13627);
#11896=PLANE('',#13628);
#11897=PLANE('',#13629);
#11898=PLANE('',#13630);
#11899=PLANE('',#13631);
#11900=PLANE('',#13632);
#11901=PLANE('',#13633);
#11902=PLANE('',#13634);
#11903=PLANE('',#13635);
#11904=PLANE('',#13636);
#11905=PLANE('',#13637);
#11906=PLANE('',#13638);
#11907=PLANE('',#13639);
#11908=PLANE('',#13640);
#11909=PLANE('',#13641);
#11910=PLANE('',#13642);
#11911=PLANE('',#13643);
#11912=PLANE('',#13644);
#11913=PLANE('',#13645);
#11914=PLANE('',#13646);
#11915=PLANE('',#13647);
#11916=PLANE('',#13648);
#11917=PLANE('',#13649);
#11918=PLANE('',#13650);
#11919=PLANE('',#13651);
#11920=PLANE('',#13652);
#11921=PLANE('',#13653);
#11922=PLANE('',#13654);
#11923=PLANE('',#13655);
#11924=PLANE('',#13656);
#11925=PLANE('',#13657);
#11926=PLANE('',#13658);
#11927=PLANE('',#13659);
#11928=PLANE('',#13660);
#11929=PLANE('',#13661);
#11930=PLANE('',#13662);
#11931=PLANE('',#13663);
#11932=PLANE('',#13664);
#11933=PLANE('',#13665);
#11934=PLANE('',#13666);
#11935=PLANE('',#13667);
#11936=PLANE('',#13668);
#11937=PLANE('',#13669);
#11938=PLANE('',#13670);
#11939=PLANE('',#13671);
#11940=PLANE('',#13672);
#11941=PLANE('',#13673);
#11942=PLANE('',#13674);
#11943=PLANE('',#13675);
#11944=PLANE('',#13676);
#11945=PLANE('',#13677);
#11946=PLANE('',#13678);
#11947=PLANE('',#13679);
#11948=PLANE('',#13680);
#11949=PLANE('',#13681);
#11950=PLANE('',#13682);
#11951=PLANE('',#13683);
#11952=PLANE('',#13684);
#11953=PLANE('',#13685);
#11954=PLANE('',#13686);
#11955=PLANE('',#13687);
#11956=PLANE('',#13688);
#11957=PLANE('',#13692);
#11958=PLANE('',#13696);
#11959=PLANE('',#13700);
#11960=PLANE('',#13704);
#11961=PLANE('',#13709);
#11962=PLANE('',#13712);
#11963=PLANE('',#13715);
#11964=PLANE('',#13722);
#11965=PLANE('',#13723);
#11966=PLANE('',#13726);
#11967=PLANE('',#13729);
#11968=PLANE('',#13730);
#11969=PLANE('',#13731);
#11970=PLANE('',#13732);
#11971=PLANE('',#13733);
#11972=PLANE('',#13734);
#11973=PLANE('',#13735);
#11974=PLANE('',#13736);
#11975=PLANE('',#13737);
#11976=PLANE('',#13738);
#11977=PLANE('',#13739);
#11978=PLANE('',#13740);
#11979=PLANE('',#13741);
#11980=PLANE('',#13742);
#11981=PLANE('',#13743);
#11982=PLANE('',#13744);
#11983=PLANE('',#13745);
#11984=PLANE('',#13746);
#11985=PLANE('',#13749);
#11986=PLANE('',#13754);
#11987=PLANE('',#13757);
#11988=PLANE('',#13759);
#11989=PLANE('',#13761);
#11990=ADVANCED_FACE('',(#980),#11499,.F.);
#11991=ADVANCED_FACE('',(#981),#11500,.F.);
#11992=ADVANCED_FACE('',(#982),#11501,.F.);
#11993=ADVANCED_FACE('',(#983),#11502,.F.);
#11994=ADVANCED_FACE('',(#984),#11503,.F.);
#11995=ADVANCED_FACE('',(#985),#11504,.F.);
#11996=ADVANCED_FACE('',(#986),#11505,.F.);
#11997=ADVANCED_FACE('',(#987),#11506,.T.);
#11998=ADVANCED_FACE('',(#988),#11507,.F.);
#11999=ADVANCED_FACE('',(#989),#11508,.F.);
#12000=ADVANCED_FACE('',(#990),#11509,.F.);
#12001=ADVANCED_FACE('',(#991),#11510,.F.);
#12002=ADVANCED_FACE('',(#992),#11511,.F.);
#12003=ADVANCED_FACE('',(#993),#11512,.F.);
#12004=ADVANCED_FACE('',(#994),#11513,.F.);
#12005=ADVANCED_FACE('',(#995),#11514,.F.);
#12006=ADVANCED_FACE('',(#996),#11515,.F.);
#12007=ADVANCED_FACE('',(#997),#11516,.T.);
#12008=ADVANCED_FACE('',(#998),#11517,.F.);
#12009=ADVANCED_FACE('',(#999),#11518,.T.);
#12010=ADVANCED_FACE('',(#1000),#11519,.T.);
#12011=ADVANCED_FACE('',(#1001),#11520,.T.);
#12012=ADVANCED_FACE('',(#1002),#11521,.T.);
#12013=ADVANCED_FACE('',(#1003),#11522,.T.);
#12014=ADVANCED_FACE('',(#1004),#11523,.T.);
#12015=ADVANCED_FACE('',(#1005),#11524,.F.);
#12016=ADVANCED_FACE('',(#1006),#490,.T.);
#12017=ADVANCED_FACE('',(#1007),#11525,.F.);
#12018=ADVANCED_FACE('',(#1008),#491,.T.);
#12019=ADVANCED_FACE('',(#1009),#11526,.F.);
#12020=ADVANCED_FACE('',(#1010),#11527,.T.);
#12021=ADVANCED_FACE('',(#1011),#11528,.F.);
#12022=ADVANCED_FACE('',(#1012),#492,.T.);
#12023=ADVANCED_FACE('',(#1013),#11529,.F.);
#12024=ADVANCED_FACE('',(#1014),#493,.T.);
#12025=ADVANCED_FACE('',(#1015),#11530,.F.);
#12026=ADVANCED_FACE('',(#1016),#11531,.T.);
#12027=ADVANCED_FACE('',(#1017),#11532,.F.);
#12028=ADVANCED_FACE('',(#1018),#494,.T.);
#12029=ADVANCED_FACE('',(#1019),#11533,.F.);
#12030=ADVANCED_FACE('',(#1020),#495,.T.);
#12031=ADVANCED_FACE('',(#1021),#11534,.F.);
#12032=ADVANCED_FACE('',(#1022),#11535,.T.);
#12033=ADVANCED_FACE('',(#1023),#11536,.F.);
#12034=ADVANCED_FACE('',(#1024),#496,.T.);
#12035=ADVANCED_FACE('',(#1025),#11537,.F.);
#12036=ADVANCED_FACE('',(#1026),#497,.T.);
#12037=ADVANCED_FACE('',(#1027),#11538,.F.);
#12038=ADVANCED_FACE('',(#1028),#11539,.T.);
#12039=ADVANCED_FACE('',(#1029),#11540,.F.);
#12040=ADVANCED_FACE('',(#1030),#498,.T.);
#12041=ADVANCED_FACE('',(#1031),#11541,.F.);
#12042=ADVANCED_FACE('',(#1032),#499,.T.);
#12043=ADVANCED_FACE('',(#1033),#11542,.F.);
#12044=ADVANCED_FACE('',(#1034),#11543,.T.);
#12045=ADVANCED_FACE('',(#1035),#11544,.F.);
#12046=ADVANCED_FACE('',(#1036),#500,.T.);
#12047=ADVANCED_FACE('',(#1037),#11545,.F.);
#12048=ADVANCED_FACE('',(#1038),#501,.T.);
#12049=ADVANCED_FACE('',(#1039),#11546,.F.);
#12050=ADVANCED_FACE('',(#1040),#11547,.T.);
#12051=ADVANCED_FACE('',(#1041),#11548,.F.);
#12052=ADVANCED_FACE('',(#1042),#502,.T.);
#12053=ADVANCED_FACE('',(#1043),#11549,.F.);
#12054=ADVANCED_FACE('',(#1044),#503,.T.);
#12055=ADVANCED_FACE('',(#1045),#11550,.F.);
#12056=ADVANCED_FACE('',(#1046),#11551,.T.);
#12057=ADVANCED_FACE('',(#1047),#11552,.F.);
#12058=ADVANCED_FACE('',(#1048),#504,.T.);
#12059=ADVANCED_FACE('',(#1049),#11553,.F.);
#12060=ADVANCED_FACE('',(#1050),#505,.T.);
#12061=ADVANCED_FACE('',(#1051),#11554,.F.);
#12062=ADVANCED_FACE('',(#1052),#11555,.T.);
#12063=ADVANCED_FACE('',(#1053),#11556,.F.);
#12064=ADVANCED_FACE('',(#1054),#506,.T.);
#12065=ADVANCED_FACE('',(#1055),#11557,.F.);
#12066=ADVANCED_FACE('',(#1056),#507,.T.);
#12067=ADVANCED_FACE('',(#1057),#11558,.F.);
#12068=ADVANCED_FACE('',(#1058),#11559,.T.);
#12069=ADVANCED_FACE('',(#1059),#11560,.F.);
#12070=ADVANCED_FACE('',(#1060),#142,.T.);
#12071=ADVANCED_FACE('',(#1061),#143,.T.);
#12072=ADVANCED_FACE('',(#1062),#508,.T.);
#12073=ADVANCED_FACE('',(#1063),#509,.T.);
#12074=ADVANCED_FACE('',(#1064),#510,.T.);
#12075=ADVANCED_FACE('',(#1065),#511,.T.);
#12076=ADVANCED_FACE('',(#1066),#512,.T.);
#12077=ADVANCED_FACE('',(#1067),#513,.T.);
#12078=ADVANCED_FACE('',(#1068),#514,.T.);
#12079=ADVANCED_FACE('',(#1069),#515,.T.);
#12080=ADVANCED_FACE('',(#1070),#516,.T.);
#12081=ADVANCED_FACE('',(#1071),#517,.T.);
#12082=ADVANCED_FACE('',(#1072),#518,.T.);
#12083=ADVANCED_FACE('',(#1073),#519,.T.);
#12084=ADVANCED_FACE('',(#1074),#520,.T.);
#12085=ADVANCED_FACE('',(#1075),#521,.T.);
#12086=ADVANCED_FACE('',(#1076),#522,.T.);
#12087=ADVANCED_FACE('',(#1077),#11561,.T.);
#12088=ADVANCED_FACE('',(#1078),#523,.T.);
#12089=ADVANCED_FACE('',(#1079),#524,.T.);
#12090=ADVANCED_FACE('',(#1080),#11562,.T.);
#12091=ADVANCED_FACE('',(#1081),#525,.T.);
#12092=ADVANCED_FACE('',(#1082),#11563,.T.);
#12093=ADVANCED_FACE('',(#1083),#11564,.T.);
#12094=ADVANCED_FACE('',(#1084),#11565,.F.);
#12095=ADVANCED_FACE('',(#1085),#11566,.T.);
#12096=ADVANCED_FACE('',(#1086),#11567,.F.);
#12097=ADVANCED_FACE('',(#1087),#11568,.F.);
#12098=ADVANCED_FACE('',(#1088),#11569,.F.);
#12099=ADVANCED_FACE('',(#1089),#11570,.F.);
#12100=ADVANCED_FACE('',(#1090),#11571,.F.);
#12101=ADVANCED_FACE('',(#1091),#11572,.F.);
#12102=ADVANCED_FACE('',(#1092),#125,.T.);
#12103=ADVANCED_FACE('',(#1093),#119,.T.);
#12104=ADVANCED_FACE('',(#1094),#526,.T.);
#12105=ADVANCED_FACE('',(#1095),#527,.T.);
#12106=ADVANCED_FACE('',(#1096),#126,.F.);
#12107=ADVANCED_FACE('',(#1097),#528,.T.);
#12108=ADVANCED_FACE('',(#1098),#529,.T.);
#12109=ADVANCED_FACE('',(#1099),#113,.T.);
#12110=ADVANCED_FACE('',(#1100),#127,.T.);
#12111=ADVANCED_FACE('',(#1101),#530,.F.);
#12112=ADVANCED_FACE('',(#1102),#114,.T.);
#12113=ADVANCED_FACE('',(#1103),#531,.T.);
#12114=ADVANCED_FACE('',(#1104),#532,.T.);
#12115=ADVANCED_FACE('',(#1105),#128,.F.);
#12116=ADVANCED_FACE('',(#1106),#533,.T.);
#12117=ADVANCED_FACE('',(#1107),#534,.T.);
#12118=ADVANCED_FACE('',(#1108),#115,.T.);
#12119=ADVANCED_FACE('',(#1109),#535,.F.);
#12120=ADVANCED_FACE('',(#1110),#116,.T.);
#12121=ADVANCED_FACE('',(#1111),#536,.T.);
#12122=ADVANCED_FACE('',(#1112),#537,.F.);
#12123=ADVANCED_FACE('',(#1113),#538,.T.);
#12124=ADVANCED_FACE('',(#1114),#117,.T.);
#12125=ADVANCED_FACE('',(#1115),#539,.T.);
#12126=ADVANCED_FACE('',(#1116),#129,.T.);
#12127=ADVANCED_FACE('',(#1117),#540,.T.);
#12128=ADVANCED_FACE('',(#1118),#120,.T.);
#12129=ADVANCED_FACE('',(#1119),#541,.T.);
#12130=ADVANCED_FACE('',(#1120),#542,.T.);
#12131=ADVANCED_FACE('',(#1121),#118,.T.);
#12132=ADVANCED_FACE('',(#1122),#130,.F.);
#12133=ADVANCED_FACE('',(#1123),#131,.T.);
#12134=ADVANCED_FACE('',(#1124),#543,.T.);
#12135=ADVANCED_FACE('',(#1125),#544,.F.);
#12136=ADVANCED_FACE('',(#1126),#545,.F.);
#12137=ADVANCED_FACE('',(#1127),#132,.F.);
#12138=ADVANCED_FACE('',(#1128),#546,.F.);
#12139=ADVANCED_FACE('',(#1129),#133,.T.);
#12140=ADVANCED_FACE('',(#1130),#547,.T.);
#12141=ADVANCED_FACE('',(#1131),#548,.T.);
#12142=ADVANCED_FACE('',(#1132),#134,.T.);
#12143=ADVANCED_FACE('',(#1133),#135,.T.);
#12144=ADVANCED_FACE('',(#1134),#549,.T.);
#12145=ADVANCED_FACE('',(#1135),#550,.T.);
#12146=ADVANCED_FACE('',(#1136),#136,.T.);
#12147=ADVANCED_FACE('',(#1137),#11573,.F.);
#12148=ADVANCED_FACE('',(#1138),#11574,.T.);
#12149=ADVANCED_FACE('',(#1139),#11575,.F.);
#12150=ADVANCED_FACE('',(#1140),#11576,.T.);
#12151=ADVANCED_FACE('',(#1141),#11577,.F.);
#12152=ADVANCED_FACE('',(#1142),#11578,.F.);
#12153=ADVANCED_FACE('',(#1143),#11579,.F.);
#12154=ADVANCED_FACE('',(#1144),#11580,.T.);
#12155=ADVANCED_FACE('',(#1145),#11581,.F.);
#12156=ADVANCED_FACE('',(#1146),#11582,.F.);
#12157=ADVANCED_FACE('',(#1147),#11583,.F.);
#12158=ADVANCED_FACE('',(#1148),#11584,.T.);
#12159=ADVANCED_FACE('',(#1149),#11585,.F.);
#12160=ADVANCED_FACE('',(#1150),#11586,.F.);
#12161=ADVANCED_FACE('',(#1151),#11587,.F.);
#12162=ADVANCED_FACE('',(#1152),#11588,.T.);
#12163=ADVANCED_FACE('',(#1153),#11589,.F.);
#12164=ADVANCED_FACE('',(#1154),#11590,.F.);
#12165=ADVANCED_FACE('',(#1155),#11591,.F.);
#12166=ADVANCED_FACE('',(#1156),#11592,.T.);
#12167=ADVANCED_FACE('',(#1157),#11593,.F.);
#12168=ADVANCED_FACE('',(#1158),#11594,.F.);
#12169=ADVANCED_FACE('',(#1159),#11595,.F.);
#12170=ADVANCED_FACE('',(#1160),#11596,.T.);
#12171=ADVANCED_FACE('',(#1161),#11597,.F.);
#12172=ADVANCED_FACE('',(#1162),#11598,.F.);
#12173=ADVANCED_FACE('',(#1163),#11599,.F.);
#12174=ADVANCED_FACE('',(#1164),#11600,.T.);
#12175=ADVANCED_FACE('',(#1165),#11601,.F.);
#12176=ADVANCED_FACE('',(#1166),#11602,.F.);
#12177=ADVANCED_FACE('',(#1167),#11603,.F.);
#12178=ADVANCED_FACE('',(#1168),#11604,.F.);
#12179=ADVANCED_FACE('',(#1169),#11605,.F.);
#12180=ADVANCED_FACE('',(#1170),#11606,.F.);
#12181=ADVANCED_FACE('',(#1171),#11607,.F.);
#12182=ADVANCED_FACE('',(#1172),#11608,.F.);
#12183=ADVANCED_FACE('',(#1173),#11609,.F.);
#12184=ADVANCED_FACE('',(#1174),#11610,.F.);
#12185=ADVANCED_FACE('',(#1175),#11611,.F.);
#12186=ADVANCED_FACE('',(#1176),#11612,.F.);
#12187=ADVANCED_FACE('',(#1177),#11613,.F.);
#12188=ADVANCED_FACE('',(#1178),#11614,.F.);
#12189=ADVANCED_FACE('',(#1179),#11615,.F.);
#12190=ADVANCED_FACE('',(#1180),#11616,.F.);
#12191=ADVANCED_FACE('',(#1181),#11617,.F.);
#12192=ADVANCED_FACE('',(#1182),#11618,.F.);
#12193=ADVANCED_FACE('',(#1183),#11619,.F.);
#12194=ADVANCED_FACE('',(#1184),#11620,.F.);
#12195=ADVANCED_FACE('',(#1185),#11621,.F.);
#12196=ADVANCED_FACE('',(#1186),#11622,.F.);
#12197=ADVANCED_FACE('',(#1187),#11623,.F.);
#12198=ADVANCED_FACE('',(#1188),#11624,.F.);
#12199=ADVANCED_FACE('',(#1189),#11625,.T.);
#12200=ADVANCED_FACE('',(#1190),#11626,.T.);
#12201=ADVANCED_FACE('',(#1191),#11627,.T.);
#12202=ADVANCED_FACE('',(#1192),#11628,.T.);
#12203=ADVANCED_FACE('',(#1193),#11629,.T.);
#12204=ADVANCED_FACE('',(#1194),#11630,.F.);
#12205=ADVANCED_FACE('',(#1195),#11631,.T.);
#12206=ADVANCED_FACE('',(#1196),#11632,.T.);
#12207=ADVANCED_FACE('',(#1197),#11633,.T.);
#12208=ADVANCED_FACE('',(#1198),#11634,.T.);
#12209=ADVANCED_FACE('',(#1199),#11635,.T.);
#12210=ADVANCED_FACE('',(#1200),#11636,.F.);
#12211=ADVANCED_FACE('',(#1201),#11637,.T.);
#12212=ADVANCED_FACE('',(#1202),#11638,.T.);
#12213=ADVANCED_FACE('',(#1203),#11639,.T.);
#12214=ADVANCED_FACE('',(#1204),#11640,.T.);
#12215=ADVANCED_FACE('',(#1205),#11641,.T.);
#12216=ADVANCED_FACE('',(#1206),#11642,.F.);
#12217=ADVANCED_FACE('',(#1207),#11643,.T.);
#12218=ADVANCED_FACE('',(#1208),#11644,.T.);
#12219=ADVANCED_FACE('',(#1209),#11645,.T.);
#12220=ADVANCED_FACE('',(#1210),#11646,.T.);
#12221=ADVANCED_FACE('',(#1211),#11647,.T.);
#12222=ADVANCED_FACE('',(#1212),#11648,.F.);
#12223=ADVANCED_FACE('',(#1213),#11649,.T.);
#12224=ADVANCED_FACE('',(#1214),#11650,.T.);
#12225=ADVANCED_FACE('',(#1215),#11651,.T.);
#12226=ADVANCED_FACE('',(#1216),#11652,.T.);
#12227=ADVANCED_FACE('',(#1217),#11653,.T.);
#12228=ADVANCED_FACE('',(#1218),#11654,.F.);
#12229=ADVANCED_FACE('',(#1219),#11655,.T.);
#12230=ADVANCED_FACE('',(#1220),#11656,.T.);
#12231=ADVANCED_FACE('',(#1221),#11657,.T.);
#12232=ADVANCED_FACE('',(#1222),#11658,.T.);
#12233=ADVANCED_FACE('',(#1223),#11659,.T.);
#12234=ADVANCED_FACE('',(#1224),#11660,.F.);
#12235=ADVANCED_FACE('',(#1225),#11661,.T.);
#12236=ADVANCED_FACE('',(#1226),#11662,.T.);
#12237=ADVANCED_FACE('',(#1227),#11663,.T.);
#12238=ADVANCED_FACE('',(#1228),#11664,.T.);
#12239=ADVANCED_FACE('',(#1229),#11665,.F.);
#12240=ADVANCED_FACE('',(#1230),#11666,.T.);
#12241=ADVANCED_FACE('',(#1231),#11667,.T.);
#12242=ADVANCED_FACE('',(#1232),#11668,.T.);
#12243=ADVANCED_FACE('',(#1233),#11669,.T.);
#12244=ADVANCED_FACE('',(#1234),#11670,.T.);
#12245=ADVANCED_FACE('',(#1235),#11671,.F.);
#12246=ADVANCED_FACE('',(#1236),#11672,.T.);
#12247=ADVANCED_FACE('',(#1237),#11673,.T.);
#12248=ADVANCED_FACE('',(#1238),#11674,.T.);
#12249=ADVANCED_FACE('',(#1239),#11675,.T.);
#12250=ADVANCED_FACE('',(#1240),#11676,.T.);
#12251=ADVANCED_FACE('',(#1241),#11677,.F.);
#12252=ADVANCED_FACE('',(#1242),#11678,.T.);
#12253=ADVANCED_FACE('',(#1243),#11679,.T.);
#12254=ADVANCED_FACE('',(#1244),#11680,.T.);
#12255=ADVANCED_FACE('',(#1245),#11681,.T.);
#12256=ADVANCED_FACE('',(#1246),#11682,.T.);
#12257=ADVANCED_FACE('',(#1247),#11683,.F.);
#12258=ADVANCED_FACE('',(#1248),#11684,.T.);
#12259=ADVANCED_FACE('',(#1249),#11685,.T.);
#12260=ADVANCED_FACE('',(#1250),#11686,.T.);
#12261=ADVANCED_FACE('',(#1251),#11687,.T.);
#12262=ADVANCED_FACE('',(#1252),#11688,.T.);
#12263=ADVANCED_FACE('',(#1253),#11689,.F.);
#12264=ADVANCED_FACE('',(#1254),#11690,.T.);
#12265=ADVANCED_FACE('',(#1255),#11691,.T.);
#12266=ADVANCED_FACE('',(#1256),#11692,.T.);
#12267=ADVANCED_FACE('',(#1257),#11693,.T.);
#12268=ADVANCED_FACE('',(#1258),#11694,.T.);
#12269=ADVANCED_FACE('',(#1259),#11695,.F.);
#12270=ADVANCED_FACE('',(#1260),#11696,.T.);
#12271=ADVANCED_FACE('',(#1261),#11697,.F.);
#12272=ADVANCED_FACE('',(#1262),#11698,.F.);
#12273=ADVANCED_FACE('',(#1263),#11699,.F.);
#12274=ADVANCED_FACE('',(#1264),#11700,.F.);
#12275=ADVANCED_FACE('',(#1265,#39,#40),#11701,.F.);
#12276=ADVANCED_FACE('',(#1266),#11702,.T.);
#12277=ADVANCED_FACE('',(#1267),#551,.T.);
#12278=ADVANCED_FACE('',(#1268),#552,.T.);
#12279=ADVANCED_FACE('',(#1269,#41,#42),#11703,.F.);
#12280=ADVANCED_FACE('',(#1270),#553,.F.);
#12281=ADVANCED_FACE('',(#1271),#554,.F.);
#12282=ADVANCED_FACE('',(#1272),#555,.T.);
#12283=ADVANCED_FACE('',(#1273),#556,.F.);
#12284=ADVANCED_FACE('',(#1274),#11704,.F.);
#12285=ADVANCED_FACE('',(#1275,#43,#44),#11705,.F.);
#12286=ADVANCED_FACE('',(#1276,#45),#11706,.F.);
#12287=ADVANCED_FACE('',(#1277),#557,.T.);
#12288=ADVANCED_FACE('',(#1278),#558,.T.);
#12289=ADVANCED_FACE('',(#1279),#559,.T.);
#12290=ADVANCED_FACE('',(#1280),#11707,.F.);
#12291=ADVANCED_FACE('',(#1281),#560,.F.);
#12292=ADVANCED_FACE('',(#1282),#561,.F.);
#12293=ADVANCED_FACE('',(#1283,#46,#47),#11708,.F.);
#12294=ADVANCED_FACE('',(#1284),#562,.F.);
#12295=ADVANCED_FACE('',(#1285),#11709,.F.);
#12296=ADVANCED_FACE('',(#1286),#144,.F.);
#12297=ADVANCED_FACE('',(#1287),#145,.F.);
#12298=ADVANCED_FACE('',(#1288),#11710,.F.);
#12299=ADVANCED_FACE('',(#1289),#11711,.F.);
#12300=ADVANCED_FACE('',(#1290),#146,.F.);
#12301=ADVANCED_FACE('',(#1291),#147,.F.);
#12302=ADVANCED_FACE('',(#1292),#11712,.F.);
#12303=ADVANCED_FACE('',(#1293),#11713,.F.);
#12304=ADVANCED_FACE('',(#1294),#11714,.T.);
#12305=ADVANCED_FACE('',(#1295),#11715,.F.);
#12306=ADVANCED_FACE('',(#1296),#11716,.T.);
#12307=ADVANCED_FACE('',(#1297),#11717,.T.);
#12308=ADVANCED_FACE('',(#1298),#11718,.F.);
#12309=ADVANCED_FACE('',(#1299),#11719,.T.);
#12310=ADVANCED_FACE('',(#1300),#11720,.T.);
#12311=ADVANCED_FACE('',(#1301),#11721,.T.);
#12312=ADVANCED_FACE('',(#1302),#11722,.T.);
#12313=ADVANCED_FACE('',(#1303),#11723,.F.);
#12314=ADVANCED_FACE('',(#1304),#563,.F.);
#12315=ADVANCED_FACE('',(#1305),#564,.F.);
#12316=ADVANCED_FACE('',(#1306),#565,.F.);
#12317=ADVANCED_FACE('',(#1307),#566,.F.);
#12318=ADVANCED_FACE('',(#1308),#567,.T.);
#12319=ADVANCED_FACE('',(#1309),#568,.T.);
#12320=ADVANCED_FACE('',(#1310),#569,.T.);
#12321=ADVANCED_FACE('',(#1311),#570,.T.);
#12322=ADVANCED_FACE('',(#1312),#571,.T.);
#12323=ADVANCED_FACE('',(#1313),#11724,.T.);
#12324=ADVANCED_FACE('',(#1314),#11725,.T.);
#12325=ADVANCED_FACE('',(#1315),#11726,.T.);
#12326=ADVANCED_FACE('',(#1316),#11727,.T.);
#12327=ADVANCED_FACE('',(#1317),#11728,.F.);
#12328=ADVANCED_FACE('',(#1318),#11729,.T.);
#12329=ADVANCED_FACE('',(#1319),#11730,.F.);
#12330=ADVANCED_FACE('',(#1320),#11731,.F.);
#12331=ADVANCED_FACE('',(#1321),#11732,.T.);
#12332=ADVANCED_FACE('',(#1322),#572,.F.);
#12333=ADVANCED_FACE('',(#1323),#573,.F.);
#12334=ADVANCED_FACE('',(#1324),#574,.F.);
#12335=ADVANCED_FACE('',(#1325),#575,.F.);
#12336=ADVANCED_FACE('',(#1326),#576,.T.);
#12337=ADVANCED_FACE('',(#1327),#577,.T.);
#12338=ADVANCED_FACE('',(#1328),#578,.T.);
#12339=ADVANCED_FACE('',(#1329),#579,.T.);
#12340=ADVANCED_FACE('',(#1330),#580,.T.);
#12341=ADVANCED_FACE('',(#1331),#11733,.F.);
#12342=ADVANCED_FACE('',(#1332),#11734,.F.);
#12343=ADVANCED_FACE('',(#1333),#11735,.F.);
#12344=ADVANCED_FACE('',(#1334),#11736,.F.);
#12345=ADVANCED_FACE('',(#1335),#11737,.F.);
#12346=ADVANCED_FACE('',(#1336),#11738,.F.);
#12347=ADVANCED_FACE('',(#1337),#11739,.F.);
#12348=ADVANCED_FACE('',(#1338),#11740,.F.);
#12349=ADVANCED_FACE('',(#1339),#11741,.F.);
#12350=ADVANCED_FACE('',(#1340),#11742,.F.);
#12351=ADVANCED_FACE('',(#1341),#11743,.F.);
#12352=ADVANCED_FACE('',(#1342),#11744,.F.);
#12353=ADVANCED_FACE('',(#1343),#11745,.F.);
#12354=ADVANCED_FACE('',(#1344),#11746,.F.);
#12355=ADVANCED_FACE('',(#1345),#11747,.F.);
#12356=ADVANCED_FACE('',(#1346),#11748,.F.);
#12357=ADVANCED_FACE('',(#1347),#11749,.F.);
#12358=ADVANCED_FACE('',(#1348),#11750,.F.);
#12359=ADVANCED_FACE('',(#1349),#11751,.F.);
#12360=ADVANCED_FACE('',(#1350),#11752,.F.);
#12361=ADVANCED_FACE('',(#1351),#11753,.F.);
#12362=ADVANCED_FACE('',(#1352),#11754,.F.);
#12363=ADVANCED_FACE('',(#1353),#11755,.F.);
#12364=ADVANCED_FACE('',(#1354),#11756,.F.);
#12365=ADVANCED_FACE('',(#1355),#11757,.F.);
#12366=ADVANCED_FACE('',(#1356),#11758,.F.);
#12367=ADVANCED_FACE('',(#1357),#11759,.F.);
#12368=ADVANCED_FACE('',(#1358),#11760,.F.);
#12369=ADVANCED_FACE('',(#1359),#11761,.F.);
#12370=ADVANCED_FACE('',(#1360),#11762,.F.);
#12371=ADVANCED_FACE('',(#1361),#11763,.F.);
#12372=ADVANCED_FACE('',(#1362),#11764,.F.);
#12373=ADVANCED_FACE('',(#1363),#11765,.F.);
#12374=ADVANCED_FACE('',(#1364),#581,.T.);
#12375=ADVANCED_FACE('',(#1365),#11766,.F.);
#12376=ADVANCED_FACE('',(#1366),#582,.F.);
#12377=ADVANCED_FACE('',(#1367),#11767,.F.);
#12378=ADVANCED_FACE('',(#1368),#11768,.T.);
#12379=ADVANCED_FACE('',(#1369),#11769,.T.);
#12380=ADVANCED_FACE('',(#1370),#11770,.T.);
#12381=ADVANCED_FACE('',(#1371),#583,.T.);
#12382=ADVANCED_FACE('',(#1372),#11771,.T.);
#12383=ADVANCED_FACE('',(#1373),#584,.F.);
#12384=ADVANCED_FACE('',(#1374),#11772,.T.);
#12385=ADVANCED_FACE('',(#1375),#11773,.T.);
#12386=ADVANCED_FACE('',(#1376),#11774,.F.);
#12387=ADVANCED_FACE('',(#1377),#585,.T.);
#12388=ADVANCED_FACE('',(#1378),#11775,.F.);
#12389=ADVANCED_FACE('',(#1379),#586,.F.);
#12390=ADVANCED_FACE('',(#1380),#11776,.F.);
#12391=ADVANCED_FACE('',(#1381),#11777,.T.);
#12392=ADVANCED_FACE('',(#1382),#11778,.T.);
#12393=ADVANCED_FACE('',(#1383),#11779,.T.);
#12394=ADVANCED_FACE('',(#1384),#587,.T.);
#12395=ADVANCED_FACE('',(#1385),#11780,.T.);
#12396=ADVANCED_FACE('',(#1386),#588,.F.);
#12397=ADVANCED_FACE('',(#1387),#11781,.T.);
#12398=ADVANCED_FACE('',(#1388),#11782,.T.);
#12399=ADVANCED_FACE('',(#1389),#11783,.F.);
#12400=ADVANCED_FACE('',(#1390),#589,.T.);
#12401=ADVANCED_FACE('',(#1391),#11784,.F.);
#12402=ADVANCED_FACE('',(#1392),#590,.F.);
#12403=ADVANCED_FACE('',(#1393),#11785,.F.);
#12404=ADVANCED_FACE('',(#1394),#11786,.T.);
#12405=ADVANCED_FACE('',(#1395),#11787,.T.);
#12406=ADVANCED_FACE('',(#1396),#11788,.T.);
#12407=ADVANCED_FACE('',(#1397),#591,.T.);
#12408=ADVANCED_FACE('',(#1398),#11789,.T.);
#12409=ADVANCED_FACE('',(#1399),#592,.F.);
#12410=ADVANCED_FACE('',(#1400),#11790,.T.);
#12411=ADVANCED_FACE('',(#1401),#11791,.T.);
#12412=ADVANCED_FACE('',(#1402),#11792,.F.);
#12413=ADVANCED_FACE('',(#1403),#593,.T.);
#12414=ADVANCED_FACE('',(#1404),#11793,.F.);
#12415=ADVANCED_FACE('',(#1405),#594,.F.);
#12416=ADVANCED_FACE('',(#1406),#11794,.F.);
#12417=ADVANCED_FACE('',(#1407),#11795,.T.);
#12418=ADVANCED_FACE('',(#1408),#11796,.T.);
#12419=ADVANCED_FACE('',(#1409),#11797,.T.);
#12420=ADVANCED_FACE('',(#1410),#595,.T.);
#12421=ADVANCED_FACE('',(#1411),#11798,.T.);
#12422=ADVANCED_FACE('',(#1412),#596,.F.);
#12423=ADVANCED_FACE('',(#1413),#11799,.T.);
#12424=ADVANCED_FACE('',(#1414),#11800,.T.);
#12425=ADVANCED_FACE('',(#1415),#11801,.F.);
#12426=ADVANCED_FACE('',(#1416),#597,.T.);
#12427=ADVANCED_FACE('',(#1417),#121,.T.);
#12428=ADVANCED_FACE('',(#1418),#11802,.F.);
#12429=ADVANCED_FACE('',(#1419),#11803,.T.);
#12430=ADVANCED_FACE('',(#1420),#11804,.T.);
#12431=ADVANCED_FACE('',(#1421),#11805,.F.);
#12432=ADVANCED_FACE('',(#1422),#11806,.T.);
#12433=ADVANCED_FACE('',(#1423),#11807,.F.);
#12434=ADVANCED_FACE('',(#1424),#11808,.F.);
#12435=ADVANCED_FACE('',(#1425),#11809,.F.);
#12436=ADVANCED_FACE('',(#1426),#598,.T.);
#12437=ADVANCED_FACE('',(#1427),#11810,.T.);
#12438=ADVANCED_FACE('',(#1428),#599,.T.);
#12439=ADVANCED_FACE('',(#1429),#11811,.F.);
#12440=ADVANCED_FACE('',(#1430),#11812,.T.);
#12441=ADVANCED_FACE('',(#1431),#11813,.T.);
#12442=ADVANCED_FACE('',(#1432),#11814,.T.);
#12443=ADVANCED_FACE('',(#1433),#11815,.F.);
#12444=ADVANCED_FACE('',(#1434),#11816,.T.);
#12445=ADVANCED_FACE('',(#1435),#11817,.T.);
#12446=ADVANCED_FACE('',(#1436),#11818,.F.);
#12447=ADVANCED_FACE('',(#1437),#11819,.T.);
#12448=ADVANCED_FACE('',(#1438),#600,.T.);
#12449=ADVANCED_FACE('',(#1439),#601,.T.);
#12450=ADVANCED_FACE('',(#1440),#11820,.F.);
#12451=ADVANCED_FACE('',(#1441),#11821,.F.);
#12452=ADVANCED_FACE('',(#1442),#11822,.T.);
#12453=ADVANCED_FACE('',(#1443),#602,.T.);
#12454=ADVANCED_FACE('',(#1444),#11823,.T.);
#12455=ADVANCED_FACE('',(#1445),#11824,.T.);
#12456=ADVANCED_FACE('',(#1446),#11825,.T.);
#12457=ADVANCED_FACE('',(#1447),#11826,.F.);
#12458=ADVANCED_FACE('',(#1448),#11827,.T.);
#12459=ADVANCED_FACE('',(#1449),#603,.T.);
#12460=ADVANCED_FACE('',(#1450),#11828,.T.);
#12461=ADVANCED_FACE('',(#1451),#11829,.T.);
#12462=ADVANCED_FACE('',(#1452),#11830,.T.);
#12463=ADVANCED_FACE('',(#1453),#11831,.F.);
#12464=ADVANCED_FACE('',(#1454),#11832,.T.);
#12465=ADVANCED_FACE('',(#1455),#604,.T.);
#12466=ADVANCED_FACE('',(#1456),#11833,.T.);
#12467=ADVANCED_FACE('',(#1457),#11834,.T.);
#12468=ADVANCED_FACE('',(#1458),#11835,.F.);
#12469=ADVANCED_FACE('',(#1459),#11836,.F.);
#12470=ADVANCED_FACE('',(#1460),#11837,.T.);
#12471=ADVANCED_FACE('',(#1461),#605,.T.);
#12472=ADVANCED_FACE('',(#1462),#11838,.T.);
#12473=ADVANCED_FACE('',(#1463),#11839,.T.);
#12474=ADVANCED_FACE('',(#1464),#11840,.T.);
#12475=ADVANCED_FACE('',(#1465),#11841,.F.);
#12476=ADVANCED_FACE('',(#1466),#606,.F.);
#12477=ADVANCED_FACE('',(#1467,#48),#11842,.F.);
#12478=ADVANCED_FACE('',(#1468,#49),#11843,.T.);
#12479=ADVANCED_FACE('',(#1469),#607,.T.);
#12480=ADVANCED_FACE('',(#1470),#137,.T.);
#12481=ADVANCED_FACE('',(#1471),#11844,.F.);
#12482=ADVANCED_FACE('',(#1472),#11845,.T.);
#12483=ADVANCED_FACE('',(#1473),#608,.T.);
#12484=ADVANCED_FACE('',(#1474),#122,.T.);
#12485=ADVANCED_FACE('',(#1475),#11846,.F.);
#12486=ADVANCED_FACE('',(#1476),#11847,.T.);
#12487=ADVANCED_FACE('',(#1477),#609,.T.);
#12488=ADVANCED_FACE('',(#1478),#123,.T.);
#12489=ADVANCED_FACE('',(#1479),#11848,.F.);
#12490=ADVANCED_FACE('',(#1480),#11849,.T.);
#12491=ADVANCED_FACE('',(#1481),#610,.T.);
#12492=ADVANCED_FACE('',(#1482),#124,.T.);
#12493=ADVANCED_FACE('',(#1483),#11850,.F.);
#12494=ADVANCED_FACE('',(#1484),#11851,.T.);
#12495=ADVANCED_FACE('',(#1485),#611,.T.);
#12496=ADVANCED_FACE('',(#1486),#11852,.T.);
#12497=ADVANCED_FACE('',(#1487),#11853,.T.);
#12498=ADVANCED_FACE('',(#1488,#50,#51,#52,#53,#54,#55,#56,#57,#58,#59),
#11854,.F.);
#12499=ADVANCED_FACE('',(#1489,#60,#61,#62,#63,#64,#65,#66,#67,#68,#69),
#11855,.T.);
#12500=ADVANCED_FACE('',(#1490),#612,.T.);
#12501=ADVANCED_FACE('',(#1491),#613,.T.);
#12502=ADVANCED_FACE('',(#1492),#11856,.T.);
#12503=ADVANCED_FACE('',(#1493),#11857,.T.);
#12504=ADVANCED_FACE('',(#1494),#614,.T.);
#12505=ADVANCED_FACE('',(#1495),#11858,.T.);
#12506=ADVANCED_FACE('',(#1496),#11859,.T.);
#12507=ADVANCED_FACE('',(#1497),#11860,.T.);
#12508=ADVANCED_FACE('',(#1498),#11861,.T.);
#12509=ADVANCED_FACE('',(#1499),#11862,.T.);
#12510=ADVANCED_FACE('',(#1500),#11863,.T.);
#12511=ADVANCED_FACE('',(#1501),#615,.F.);
#12512=ADVANCED_FACE('',(#1502),#616,.F.);
#12513=ADVANCED_FACE('',(#1503),#617,.F.);
#12514=ADVANCED_FACE('',(#1504),#11864,.T.);
#12515=ADVANCED_FACE('',(#1505),#618,.F.);
#12516=ADVANCED_FACE('',(#1506),#11865,.T.);
#12517=ADVANCED_FACE('',(#1507),#619,.F.);
#12518=ADVANCED_FACE('',(#1508),#11866,.T.);
#12519=ADVANCED_FACE('',(#1509),#620,.F.);
#12520=ADVANCED_FACE('',(#1510),#11867,.T.);
#12521=ADVANCED_FACE('',(#1511),#621,.F.);
#12522=ADVANCED_FACE('',(#1512),#622,.F.);
#12523=ADVANCED_FACE('',(#1513),#623,.F.);
#12524=ADVANCED_FACE('',(#1514),#11868,.T.);
#12525=ADVANCED_FACE('',(#1515),#624,.F.);
#12526=ADVANCED_FACE('',(#1516),#11869,.T.);
#12527=ADVANCED_FACE('',(#1517),#625,.F.);
#12528=ADVANCED_FACE('',(#1518),#11870,.T.);
#12529=ADVANCED_FACE('',(#1519),#626,.F.);
#12530=ADVANCED_FACE('',(#1520),#11871,.T.);
#12531=ADVANCED_FACE('',(#1521),#11872,.T.);
#12532=ADVANCED_FACE('',(#1522),#11873,.T.);
#12533=ADVANCED_FACE('',(#1523),#11874,.T.);
#12534=ADVANCED_FACE('',(#1524),#11875,.T.);
#12535=ADVANCED_FACE('',(#1525),#11876,.T.);
#12536=ADVANCED_FACE('',(#1526),#11877,.T.);
#12537=ADVANCED_FACE('',(#1527),#11878,.F.);
#12538=ADVANCED_FACE('',(#1528),#627,.T.);
#12539=ADVANCED_FACE('',(#1529),#11879,.T.);
#12540=ADVANCED_FACE('',(#1530),#628,.T.);
#12541=ADVANCED_FACE('',(#1531,#70,#71,#72,#73),#11880,.T.);
#12542=ADVANCED_FACE('',(#1532),#629,.F.);
#12543=ADVANCED_FACE('',(#1533),#11881,.F.);
#12544=ADVANCED_FACE('',(#1534),#630,.F.);
#12545=ADVANCED_FACE('',(#1535),#11882,.F.);
#12546=ADVANCED_FACE('',(#1536),#11883,.F.);
#12547=ADVANCED_FACE('',(#1537),#11884,.F.);
#12548=ADVANCED_FACE('',(#1538),#11885,.F.);
#12549=ADVANCED_FACE('',(#1539),#11886,.F.);
#12550=ADVANCED_FACE('',(#1540),#11887,.F.);
#12551=ADVANCED_FACE('',(#1541),#11888,.F.);
#12552=ADVANCED_FACE('',(#1542),#11889,.F.);
#12553=ADVANCED_FACE('',(#1543),#11890,.F.);
#12554=ADVANCED_FACE('',(#1544),#11891,.F.);
#12555=ADVANCED_FACE('',(#1545),#11892,.F.);
#12556=ADVANCED_FACE('',(#1546),#11893,.F.);
#12557=ADVANCED_FACE('',(#1547),#11894,.F.);
#12558=ADVANCED_FACE('',(#1548),#11895,.F.);
#12559=ADVANCED_FACE('',(#1549),#11896,.F.);
#12560=ADVANCED_FACE('',(#1550),#11897,.F.);
#12561=ADVANCED_FACE('',(#1551),#11898,.F.);
#12562=ADVANCED_FACE('',(#1552),#11899,.F.);
#12563=ADVANCED_FACE('',(#1553),#11900,.F.);
#12564=ADVANCED_FACE('',(#1554),#11901,.F.);
#12565=ADVANCED_FACE('',(#1555),#11902,.F.);
#12566=ADVANCED_FACE('',(#1556),#11903,.F.);
#12567=ADVANCED_FACE('',(#1557),#11904,.F.);
#12568=ADVANCED_FACE('',(#1558),#11905,.F.);
#12569=ADVANCED_FACE('',(#1559),#11906,.F.);
#12570=ADVANCED_FACE('',(#1560),#11907,.F.);
#12571=ADVANCED_FACE('',(#1561),#11908,.F.);
#12572=ADVANCED_FACE('',(#1562),#11909,.F.);
#12573=ADVANCED_FACE('',(#1563),#11910,.F.);
#12574=ADVANCED_FACE('',(#1564),#11911,.F.);
#12575=ADVANCED_FACE('',(#1565),#11912,.F.);
#12576=ADVANCED_FACE('',(#1566),#11913,.F.);
#12577=ADVANCED_FACE('',(#1567),#11914,.F.);
#12578=ADVANCED_FACE('',(#1568),#11915,.F.);
#12579=ADVANCED_FACE('',(#1569),#11916,.F.);
#12580=ADVANCED_FACE('',(#1570),#11917,.F.);
#12581=ADVANCED_FACE('',(#1571),#11918,.F.);
#12582=ADVANCED_FACE('',(#1572),#11919,.F.);
#12583=ADVANCED_FACE('',(#1573),#11920,.F.);
#12584=ADVANCED_FACE('',(#1574),#11921,.F.);
#12585=ADVANCED_FACE('',(#1575),#11922,.F.);
#12586=ADVANCED_FACE('',(#1576),#11923,.F.);
#12587=ADVANCED_FACE('',(#1577),#11924,.F.);
#12588=ADVANCED_FACE('',(#1578),#11925,.F.);
#12589=ADVANCED_FACE('',(#1579),#11926,.F.);
#12590=ADVANCED_FACE('',(#1580),#11927,.F.);
#12591=ADVANCED_FACE('',(#1581),#11928,.F.);
#12592=ADVANCED_FACE('',(#1582),#11929,.F.);
#12593=ADVANCED_FACE('',(#1583),#11930,.F.);
#12594=ADVANCED_FACE('',(#1584),#11931,.F.);
#12595=ADVANCED_FACE('',(#1585),#11932,.F.);
#12596=ADVANCED_FACE('',(#1586),#11933,.F.);
#12597=ADVANCED_FACE('',(#1587),#11934,.F.);
#12598=ADVANCED_FACE('',(#1588),#11935,.F.);
#12599=ADVANCED_FACE('',(#1589),#11936,.F.);
#12600=ADVANCED_FACE('',(#1590),#11937,.F.);
#12601=ADVANCED_FACE('',(#1591),#11938,.F.);
#12602=ADVANCED_FACE('',(#1592),#11939,.F.);
#12603=ADVANCED_FACE('',(#1593),#11940,.F.);
#12604=ADVANCED_FACE('',(#1594),#11941,.F.);
#12605=ADVANCED_FACE('',(#1595),#11942,.F.);
#12606=ADVANCED_FACE('',(#1596),#11943,.F.);
#12607=ADVANCED_FACE('',(#1597),#11944,.F.);
#12608=ADVANCED_FACE('',(#1598),#11945,.F.);
#12609=ADVANCED_FACE('',(#1599),#11946,.F.);
#12610=ADVANCED_FACE('',(#1600),#11947,.F.);
#12611=ADVANCED_FACE('',(#1601),#11948,.F.);
#12612=ADVANCED_FACE('',(#1602),#11949,.F.);
#12613=ADVANCED_FACE('',(#1603),#11950,.F.);
#12614=ADVANCED_FACE('',(#1604),#11951,.F.);
#12615=ADVANCED_FACE('',(#1605),#11952,.F.);
#12616=ADVANCED_FACE('',(#1606),#11953,.F.);
#12617=ADVANCED_FACE('',(#1607),#11954,.F.);
#12618=ADVANCED_FACE('',(#1608),#11955,.F.);
#12619=ADVANCED_FACE('',(#1609),#11956,.F.);
#12620=ADVANCED_FACE('',(#1610),#631,.F.);
#12621=ADVANCED_FACE('',(#1611),#11957,.F.);
#12622=ADVANCED_FACE('',(#1612),#632,.F.);
#12623=ADVANCED_FACE('',(#1613),#11958,.F.);
#12624=ADVANCED_FACE('',(#1614),#633,.F.);
#12625=ADVANCED_FACE('',(#1615),#11959,.F.);
#12626=ADVANCED_FACE('',(#1616),#634,.F.);
#12627=ADVANCED_FACE('',(#1617,#74),#11960,.T.);
#12628=ADVANCED_FACE('',(#1618),#11961,.F.);
#12629=ADVANCED_FACE('',(#1619),#635,.F.);
#12630=ADVANCED_FACE('',(#1620),#11962,.F.);
#12631=ADVANCED_FACE('',(#1621),#636,.F.);
#12632=ADVANCED_FACE('',(#1622,#75),#11963,.T.);
#12633=ADVANCED_FACE('',(#1623),#11964,.T.);
#12634=ADVANCED_FACE('',(#1624),#11965,.F.);
#12635=ADVANCED_FACE('',(#1625),#637,.F.);
#12636=ADVANCED_FACE('',(#1626),#11966,.F.);
#12637=ADVANCED_FACE('',(#1627),#638,.F.);
#12638=ADVANCED_FACE('',(#1628),#11967,.T.);
#12639=ADVANCED_FACE('',(#1629),#11968,.T.);
#12640=ADVANCED_FACE('',(#1630),#11969,.T.);
#12641=ADVANCED_FACE('',(#1631),#11970,.T.);
#12642=ADVANCED_FACE('',(#1632),#11971,.T.);
#12643=ADVANCED_FACE('',(#1633),#11972,.T.);
#12644=ADVANCED_FACE('',(#1634),#11973,.T.);
#12645=ADVANCED_FACE('',(#1635,#76,#77,#78,#79),#11974,.T.);
#12646=ADVANCED_FACE('',(#1636,#80,#81,#82,#83),#11975,.T.);
#12647=ADVANCED_FACE('',(#1637),#11976,.T.);
#12648=ADVANCED_FACE('',(#1638),#11977,.T.);
#12649=ADVANCED_FACE('',(#1639),#11978,.T.);
#12650=ADVANCED_FACE('',(#1640),#11979,.T.);
#12651=ADVANCED_FACE('',(#1641),#11980,.T.);
#12652=ADVANCED_FACE('',(#1642),#11981,.T.);
#12653=ADVANCED_FACE('',(#1643),#11982,.T.);
#12654=ADVANCED_FACE('',(#1644),#11983,.T.);
#12655=ADVANCED_FACE('',(#1645),#11984,.T.);
#12656=ADVANCED_FACE('',(#1646),#639,.F.);
#12657=ADVANCED_FACE('',(#1647,#84,#85,#86,#87,#88,#89),#11985,.T.);
#12658=ADVANCED_FACE('',(#1648),#640,.F.);
#12659=ADVANCED_FACE('',(#1649),#641,.F.);
#12660=ADVANCED_FACE('',(#1650,#90,#91,#92,#93),#11986,.T.);
#12661=ADVANCED_FACE('',(#1651),#642,.F.);
#12662=ADVANCED_FACE('',(#1652,#94,#95,#96,#97,#98,#99,#100),#11987,.T.);
#12663=ADVANCED_FACE('',(#1653),#643,.T.);
#12664=ADVANCED_FACE('',(#1654,#101,#102,#103,#104,#105,#106,#107,#108),
#11988,.T.);
#12665=ADVANCED_FACE('',(#1655),#644,.T.);
#12666=ADVANCED_FACE('',(#1656,#109,#110),#11989,.T.);
#12667=CLOSED_SHELL('',(#11990,#11991,#11992,#11993,#11994,#11995,#11996,
#11997,#11998,#11999,#12000,#12001,#12002,#12003,#12004,#12005,#12006,#12007,
#12008,#12009,#12010,#12011,#12012,#12013,#12014,#12015));
#12668=CLOSED_SHELL('',(#12016,#12017,#12018,#12019,#12020,#12021));
#12669=CLOSED_SHELL('',(#12022,#12023,#12024,#12025,#12026,#12027));
#12670=CLOSED_SHELL('',(#12028,#12029,#12030,#12031,#12032,#12033));
#12671=CLOSED_SHELL('',(#12034,#12035,#12036,#12037,#12038,#12039));
#12672=CLOSED_SHELL('',(#12040,#12041,#12042,#12043,#12044,#12045));
#12673=CLOSED_SHELL('',(#12046,#12047,#12048,#12049,#12050,#12051));
#12674=CLOSED_SHELL('',(#12052,#12053,#12054,#12055,#12056,#12057));
#12675=CLOSED_SHELL('',(#12058,#12059,#12060,#12061,#12062,#12063));
#12676=CLOSED_SHELL('',(#12064,#12065,#12066,#12067,#12068,#12069));
#12677=CLOSED_SHELL('',(#12070,#12071,#12072,#12073,#12074,#12075,#12076,
#12077,#12078,#12079,#12080,#12081,#12082,#12083,#12084,#12085,#12086,#12087,
#12088,#12089,#12090,#12091,#12092,#12093,#12094,#12095,#12096,#12097,#12098,
#12099,#12100,#12101,#12102,#12103,#12104,#12105,#12106,#12107,#12108,#12109,
#12110,#12111,#12112,#12113,#12114,#12115,#12116,#12117,#12118,#12119,#12120,
#12121,#12122,#12123,#12124,#12125,#12126,#12127,#12128,#12129,#12130,#12131,
#12132,#12133,#12134,#12135,#12136,#12137,#12138,#12139,#12140,#12141,#12142,
#12143,#12144,#12145,#12146,#12147,#12148,#12149,#12150,#12151,#12152,#12153,
#12154,#12155,#12156,#12157,#12158,#12159,#12160,#12161,#12162,#12163,#12164,
#12165,#12166,#12167,#12168,#12169,#12170,#12171,#12172,#12173,#12174,#12175,
#12176,#12177,#12178,#12179,#12180,#12181,#12182,#12183,#12184,#12185,#12186,
#12187,#12188,#12189,#12190,#12191,#12192,#12193,#12194,#12195,#12196,#12197,
#12198));
#12678=CLOSED_SHELL('',(#12199,#12200,#12201,#12202,#12203,#12204));
#12679=CLOSED_SHELL('',(#12205,#12206,#12207,#12208,#12209,#12210));
#12680=CLOSED_SHELL('',(#12211,#12212,#12213,#12214,#12215,#12216));
#12681=CLOSED_SHELL('',(#12217,#12218,#12219,#12220,#12221,#12222));
#12682=CLOSED_SHELL('',(#12223,#12224,#12225,#12226,#12227,#12228));
#12683=CLOSED_SHELL('',(#12229,#12230,#12231,#12232,#12233,#12234));
#12684=CLOSED_SHELL('',(#12235,#12236,#12237,#12238,#12239,#12240));
#12685=CLOSED_SHELL('',(#12241,#12242,#12243,#12244,#12245,#12246));
#12686=CLOSED_SHELL('',(#12247,#12248,#12249,#12250,#12251,#12252));
#12687=CLOSED_SHELL('',(#12253,#12254,#12255,#12256,#12257,#12258));
#12688=CLOSED_SHELL('',(#12259,#12260,#12261,#12262,#12263,#12264));
#12689=CLOSED_SHELL('',(#12265,#12266,#12267,#12268,#12269,#12270));
#12690=CLOSED_SHELL('',(#12271,#12272,#12273,#12274,#12275,#12276,#12277,
#12278,#12279,#12280,#12281,#12282,#12283,#12284,#12285,#12286,#12287,#12288,
#12289,#12290,#12291,#12292,#12293,#12294,#12295,#12296,#12297,#12298,#12299,
#12300,#12301,#12302,#12303,#12304,#12305,#12306,#12307,#12308,#12309,#12310,
#12311,#12312,#12313,#12314,#12315,#12316,#12317,#12318,#12319,#12320,#12321,
#12322,#12323,#12324,#12325,#12326,#12327,#12328,#12329,#12330,#12331,#12332,
#12333,#12334,#12335,#12336,#12337,#12338,#12339,#12340,#12341,#12342,#12343,
#12344,#12345,#12346,#12347,#12348,#12349,#12350,#12351,#12352,#12353,#12354,
#12355,#12356,#12357,#12358,#12359,#12360,#12361,#12362,#12363,#12364,#12365,
#12366,#12367,#12368,#12369,#12370,#12371,#12372,#12373));
#12691=CLOSED_SHELL('',(#12374,#12375,#12376,#12377,#12378,#12379,#12380,
#12381,#12382,#12383,#12384,#12385,#12386));
#12692=CLOSED_SHELL('',(#12387,#12388,#12389,#12390,#12391,#12392,#12393,
#12394,#12395,#12396,#12397,#12398,#12399));
#12693=CLOSED_SHELL('',(#12400,#12401,#12402,#12403,#12404,#12405,#12406,
#12407,#12408,#12409,#12410,#12411,#12412));
#12694=CLOSED_SHELL('',(#12413,#12414,#12415,#12416,#12417,#12418,#12419,
#12420,#12421,#12422,#12423,#12424,#12425));
#12695=CLOSED_SHELL('',(#12426,#12427,#12428,#12429));
#12696=CLOSED_SHELL('',(#12430,#12431,#12432,#12433,#12434,#12435,#12436,
#12437,#12438,#12439,#12440,#12441,#12442,#12443,#12444,#12445,#12446,#12447,
#12448,#12449,#12450,#12451));
#12697=CLOSED_SHELL('',(#12452,#12453,#12454,#12455,#12456,#12457,#12458,
#12459,#12460,#12461,#12462,#12463,#12464,#12465,#12466,#12467,#12468,#12469,
#12470,#12471,#12472,#12473,#12474,#12475,#12476,#12477,#12478));
#12698=CLOSED_SHELL('',(#12479,#12480,#12481,#12482));
#12699=CLOSED_SHELL('',(#12483,#12484,#12485,#12486));
#12700=CLOSED_SHELL('',(#12487,#12488,#12489,#12490));
#12701=CLOSED_SHELL('',(#12491,#12492,#12493,#12494));
#12702=CLOSED_SHELL('',(#12495,#12496,#12497,#12498,#12499,#12500,#12501,
#12502,#12503,#12504,#12505,#12506,#12507,#12508,#12509,#12510,#12511,#12512,
#12513,#12514,#12515,#12516,#12517,#12518,#12519,#12520,#12521,#12522,#12523,
#12524,#12525,#12526,#12527,#12528,#12529,#12530,#12531,#12532,#12533,#12534,
#12535,#12536));
#12703=CLOSED_SHELL('',(#12537,#12538,#12539,#12540,#12541,#12542,#12543,
#12544,#12545,#12546,#12547,#12548,#12549,#12550,#12551,#12552,#12553,#12554,
#12555,#12556,#12557,#12558,#12559,#12560,#12561,#12562,#12563,#12564,#12565,
#12566,#12567,#12568,#12569,#12570,#12571,#12572,#12573,#12574,#12575,#12576,
#12577,#12578,#12579,#12580,#12581,#12582,#12583,#12584,#12585,#12586,#12587,
#12588,#12589,#12590,#12591,#12592,#12593,#12594,#12595,#12596,#12597,#12598,
#12599,#12600,#12601,#12602,#12603,#12604,#12605,#12606,#12607,#12608,#12609,
#12610,#12611,#12612,#12613,#12614,#12615,#12616,#12617,#12618,#12619,#12620,
#12621,#12622,#12623,#12624,#12625,#12626,#12627,#12628,#12629,#12630,#12631,
#12632,#12633,#12634,#12635,#12636,#12637,#12638,#12639,#12640,#12641,#12642,
#12643,#12644,#12645,#12646,#12647,#12648,#12649,#12650,#12651,#12652,#12653,
#12654,#12655,#12656,#12657,#12658,#12659,#12660,#12661,#12662,#12663,#12664,
#12665,#12666));
#12704=DERIVED_UNIT_ELEMENT(#12710,1.);
#12705=DERIVED_UNIT_ELEMENT(#21139,-3.);
#12706=DERIVED_UNIT_ELEMENT(#12710,1.);
#12707=DERIVED_UNIT_ELEMENT(#21139,-3.);
#12708=DERIVED_UNIT_ELEMENT(#12710,1.);
#12709=DERIVED_UNIT_ELEMENT(#21139,-3.);
#12710=(
MASS_UNIT()
NAMED_UNIT(*)
SI_UNIT(.KILO.,.GRAM.)
);
#12711=DERIVED_UNIT((#12704,#12705));
#12712=DERIVED_UNIT((#12706,#12707));
#12713=DERIVED_UNIT((#12708,#12709));
#12714=MEASURE_REPRESENTATION_ITEM('density measure',
POSITIVE_RATIO_MEASURE(7850.),#12711);
#12715=MEASURE_REPRESENTATION_ITEM('density measure',
POSITIVE_RATIO_MEASURE(7850.),#12712);
#12716=MEASURE_REPRESENTATION_ITEM('density measure',
POSITIVE_RATIO_MEASURE(7850.),#12713);
#12717=PROPERTY_DEFINITION_REPRESENTATION(#12732,#12723);
#12718=PROPERTY_DEFINITION_REPRESENTATION(#12733,#12724);
#12719=PROPERTY_DEFINITION_REPRESENTATION(#12734,#12725);
#12720=PROPERTY_DEFINITION_REPRESENTATION(#12735,#12726);
#12721=PROPERTY_DEFINITION_REPRESENTATION(#12736,#12727);
#12722=PROPERTY_DEFINITION_REPRESENTATION(#12737,#12728);
#12723=REPRESENTATION('material name',(#12729),#21134);
#12724=REPRESENTATION('density',(#12714),#21134);
#12725=REPRESENTATION('material name',(#12730),#21135);
#12726=REPRESENTATION('density',(#12715),#21135);
#12727=REPRESENTATION('material name',(#12731),#21136);
#12728=REPRESENTATION('density',(#12716),#21136);
#12729=DESCRIPTIVE_REPRESENTATION_ITEM('Steel','Steel');
#12730=DESCRIPTIVE_REPRESENTATION_ITEM('Steel','Steel');
#12731=DESCRIPTIVE_REPRESENTATION_ITEM('Steel','Steel');
#12732=PROPERTY_DEFINITION('material property','material name',#21165);
#12733=PROPERTY_DEFINITION('material property','density of part',#21165);
#12734=PROPERTY_DEFINITION('material property','material name',#21166);
#12735=PROPERTY_DEFINITION('material property','density of part',#21166);
#12736=PROPERTY_DEFINITION('material property','material name',#21167);
#12737=PROPERTY_DEFINITION('material property','density of part',#21167);
#12738=AXIS2_PLACEMENT_3D('',#17197,#13763,#13764);
#12739=AXIS2_PLACEMENT_3D('',#17198,#13765,#13766);
#12740=AXIS2_PLACEMENT_3D('',#17199,#13767,#13768);
#12741=AXIS2_PLACEMENT_3D('',#17200,#13769,#13770);
#12742=AXIS2_PLACEMENT_3D('',#17211,#13776,#13777);
#12743=AXIS2_PLACEMENT_3D('',#17222,#13783,#13784);
#12744=AXIS2_PLACEMENT_3D('',#17236,#13792,#13793);
#12745=AXIS2_PLACEMENT_3D('',#17241,#13797,#13798);
#12746=AXIS2_PLACEMENT_3D('',#17253,#13805,#13806);
#12747=AXIS2_PLACEMENT_3D('',#17260,#13811,#13812);
#12748=AXIS2_PLACEMENT_3D('',#17279,#13823,#13824);
#12749=AXIS2_PLACEMENT_3D('',#17280,#13825,#13826);
#12750=AXIS2_PLACEMENT_3D('',#17283,#13829,#13830);
#12751=AXIS2_PLACEMENT_3D('',#17286,#13833,#13834);
#12752=AXIS2_PLACEMENT_3D('',#17287,#13835,#13836);
#12753=AXIS2_PLACEMENT_3D('',#17288,#13837,#13838);
#12754=AXIS2_PLACEMENT_3D('',#17294,#13842,#13843);
#12755=AXIS2_PLACEMENT_3D('',#17300,#13847,#13848);
#12756=AXIS2_PLACEMENT_3D('',#17306,#13852,#13853);
#12757=AXIS2_PLACEMENT_3D('',#17312,#13857,#13858);
#12758=AXIS2_PLACEMENT_3D('',#17315,#13861,#13862);
#12759=AXIS2_PLACEMENT_3D('',#17316,#13863,#13864);
#12760=AXIS2_PLACEMENT_3D('',#17317,#13865,#13866);
#12761=AXIS2_PLACEMENT_3D('',#17323,#13870,#13871);
#12762=AXIS2_PLACEMENT_3D('',#17329,#13875,#13876);
#12763=AXIS2_PLACEMENT_3D('',#17335,#13880,#13881);
#12764=AXIS2_PLACEMENT_3D('',#17341,#13885,#13886);
#12765=AXIS2_PLACEMENT_3D('',#17344,#13889,#13890);
#12766=AXIS2_PLACEMENT_3D('',#17345,#13891,#13892);
#12767=AXIS2_PLACEMENT_3D('',#17346,#13893,#13894);
#12768=AXIS2_PLACEMENT_3D('',#17349,#13895,#13896);
#12769=AXIS2_PLACEMENT_3D('',#17353,#13898,#13899);
#12770=AXIS2_PLACEMENT_3D('',#17355,#13901,#13902);
#12771=AXIS2_PLACEMENT_3D('',#17361,#13906,#13907);
#12772=AXIS2_PLACEMENT_3D('',#17363,#13908,#13909);
#12773=AXIS2_PLACEMENT_3D('',#17366,#13911,#13912);
#12774=AXIS2_PLACEMENT_3D('',#17367,#13913,#13914);
#12775=AXIS2_PLACEMENT_3D('',#17370,#13917,#13918);
#12776=AXIS2_PLACEMENT_3D('',#17371,#13919,#13920);
#12777=AXIS2_PLACEMENT_3D('',#17372,#13921,#13922);
#12778=AXIS2_PLACEMENT_3D('',#17375,#13923,#13924);
#12779=AXIS2_PLACEMENT_3D('',#17379,#13926,#13927);
#12780=AXIS2_PLACEMENT_3D('',#17381,#13929,#13930);
#12781=AXIS2_PLACEMENT_3D('',#17387,#13934,#13935);
#12782=AXIS2_PLACEMENT_3D('',#17389,#13936,#13937);
#12783=AXIS2_PLACEMENT_3D('',#17392,#13939,#13940);
#12784=AXIS2_PLACEMENT_3D('',#17393,#13941,#13942);
#12785=AXIS2_PLACEMENT_3D('',#17396,#13945,#13946);
#12786=AXIS2_PLACEMENT_3D('',#17397,#13947,#13948);
#12787=AXIS2_PLACEMENT_3D('',#17398,#13949,#13950);
#12788=AXIS2_PLACEMENT_3D('',#17401,#13951,#13952);
#12789=AXIS2_PLACEMENT_3D('',#17405,#13954,#13955);
#12790=AXIS2_PLACEMENT_3D('',#17407,#13957,#13958);
#12791=AXIS2_PLACEMENT_3D('',#17413,#13962,#13963);
#12792=AXIS2_PLACEMENT_3D('',#17415,#13964,#13965);
#12793=AXIS2_PLACEMENT_3D('',#17418,#13967,#13968);
#12794=AXIS2_PLACEMENT_3D('',#17419,#13969,#13970);
#12795=AXIS2_PLACEMENT_3D('',#17422,#13973,#13974);
#12796=AXIS2_PLACEMENT_3D('',#17423,#13975,#13976);
#12797=AXIS2_PLACEMENT_3D('',#17424,#13977,#13978);
#12798=AXIS2_PLACEMENT_3D('',#17427,#13979,#13980);
#12799=AXIS2_PLACEMENT_3D('',#17431,#13982,#13983);
#12800=AXIS2_PLACEMENT_3D('',#17433,#13985,#13986);
#12801=AXIS2_PLACEMENT_3D('',#17439,#13990,#13991);
#12802=AXIS2_PLACEMENT_3D('',#17441,#13992,#13993);
#12803=AXIS2_PLACEMENT_3D('',#17444,#13995,#13996);
#12804=AXIS2_PLACEMENT_3D('',#17445,#13997,#13998);
#12805=AXIS2_PLACEMENT_3D('',#17448,#14001,#14002);
#12806=AXIS2_PLACEMENT_3D('',#17449,#14003,#14004);
#12807=AXIS2_PLACEMENT_3D('',#17450,#14005,#14006);
#12808=AXIS2_PLACEMENT_3D('',#17453,#14007,#14008);
#12809=AXIS2_PLACEMENT_3D('',#17457,#14010,#14011);
#12810=AXIS2_PLACEMENT_3D('',#17459,#14013,#14014);
#12811=AXIS2_PLACEMENT_3D('',#17465,#14018,#14019);
#12812=AXIS2_PLACEMENT_3D('',#17467,#14020,#14021);
#12813=AXIS2_PLACEMENT_3D('',#17470,#14023,#14024);
#12814=AXIS2_PLACEMENT_3D('',#17471,#14025,#14026);
#12815=AXIS2_PLACEMENT_3D('',#17474,#14029,#14030);
#12816=AXIS2_PLACEMENT_3D('',#17475,#14031,#14032);
#12817=AXIS2_PLACEMENT_3D('',#17476,#14033,#14034);
#12818=AXIS2_PLACEMENT_3D('',#17479,#14035,#14036);
#12819=AXIS2_PLACEMENT_3D('',#17483,#14038,#14039);
#12820=AXIS2_PLACEMENT_3D('',#17485,#14041,#14042);
#12821=AXIS2_PLACEMENT_3D('',#17491,#14046,#14047);
#12822=AXIS2_PLACEMENT_3D('',#17493,#14048,#14049);
#12823=AXIS2_PLACEMENT_3D('',#17496,#14051,#14052);
#12824=AXIS2_PLACEMENT_3D('',#17497,#14053,#14054);
#12825=AXIS2_PLACEMENT_3D('',#17500,#14057,#14058);
#12826=AXIS2_PLACEMENT_3D('',#17501,#14059,#14060);
#12827=AXIS2_PLACEMENT_3D('',#17502,#14061,#14062);
#12828=AXIS2_PLACEMENT_3D('',#17505,#14063,#14064);
#12829=AXIS2_PLACEMENT_3D('',#17509,#14066,#14067);
#12830=AXIS2_PLACEMENT_3D('',#17511,#14069,#14070);
#12831=AXIS2_PLACEMENT_3D('',#17517,#14074,#14075);
#12832=AXIS2_PLACEMENT_3D('',#17519,#14076,#14077);
#12833=AXIS2_PLACEMENT_3D('',#17522,#14079,#14080);
#12834=AXIS2_PLACEMENT_3D('',#17523,#14081,#14082);
#12835=AXIS2_PLACEMENT_3D('',#17526,#14085,#14086);
#12836=AXIS2_PLACEMENT_3D('',#17527,#14087,#14088);
#12837=AXIS2_PLACEMENT_3D('',#17528,#14089,#14090);
#12838=AXIS2_PLACEMENT_3D('',#17531,#14091,#14092);
#12839=AXIS2_PLACEMENT_3D('',#17535,#14094,#14095);
#12840=AXIS2_PLACEMENT_3D('',#17537,#14097,#14098);
#12841=AXIS2_PLACEMENT_3D('',#17543,#14102,#14103);
#12842=AXIS2_PLACEMENT_3D('',#17545,#14104,#14105);
#12843=AXIS2_PLACEMENT_3D('',#17548,#14107,#14108);
#12844=AXIS2_PLACEMENT_3D('',#17549,#14109,#14110);
#12845=AXIS2_PLACEMENT_3D('',#17552,#14113,#14114);
#12846=AXIS2_PLACEMENT_3D('',#17553,#14115,#14116);
#12847=AXIS2_PLACEMENT_3D('',#17554,#14117,#14118);
#12848=AXIS2_PLACEMENT_3D('',#17557,#14119,#14120);
#12849=AXIS2_PLACEMENT_3D('',#17561,#14122,#14123);
#12850=AXIS2_PLACEMENT_3D('',#17563,#14125,#14126);
#12851=AXIS2_PLACEMENT_3D('',#17569,#14130,#14131);
#12852=AXIS2_PLACEMENT_3D('',#17571,#14132,#14133);
#12853=AXIS2_PLACEMENT_3D('',#17574,#14135,#14136);
#12854=AXIS2_PLACEMENT_3D('',#17575,#14137,#14138);
#12855=AXIS2_PLACEMENT_3D('',#17578,#14141,#14142);
#12856=AXIS2_PLACEMENT_3D('',#17579,#14143,#14144);
#12857=AXIS2_PLACEMENT_3D('',#17580,#14145,#14146);
#12858=AXIS2_PLACEMENT_3D('',#17582,#14147,#14148);
#12859=AXIS2_PLACEMENT_3D('',#17585,#14150,#14151);
#12860=AXIS2_PLACEMENT_3D('',#17586,#14152,#14153);
#12861=AXIS2_PLACEMENT_3D('',#17588,#14154,#14155);
#12862=AXIS2_PLACEMENT_3D('',#17591,#14157,#14158);
#12863=AXIS2_PLACEMENT_3D('',#17592,#14159,#14160);
#12864=AXIS2_PLACEMENT_3D('',#17595,#14161,#14162);
#12865=AXIS2_PLACEMENT_3D('',#17598,#14164,#14165);
#12866=AXIS2_PLACEMENT_3D('',#17599,#14166,#14167);
#12867=AXIS2_PLACEMENT_3D('',#17600,#14168,#14169);
#12868=AXIS2_PLACEMENT_3D('',#17603,#14170,#14171);
#12869=AXIS2_PLACEMENT_3D('',#17606,#14173,#14174);
#12870=AXIS2_PLACEMENT_3D('',#17607,#14175,#14176);
#12871=AXIS2_PLACEMENT_3D('',#17608,#14177,#14178);
#12872=AXIS2_PLACEMENT_3D('',#17611,#14179,#14180);
#12873=AXIS2_PLACEMENT_3D('',#17615,#14182,#14183);
#12874=AXIS2_PLACEMENT_3D('',#17617,#14185,#14186);
#12875=AXIS2_PLACEMENT_3D('',#17620,#14187,#14188);
#12876=AXIS2_PLACEMENT_3D('',#17624,#14190,#14191);
#12877=AXIS2_PLACEMENT_3D('',#17626,#14193,#14194);
#12878=AXIS2_PLACEMENT_3D('',#17629,#14195,#14196);
#12879=AXIS2_PLACEMENT_3D('',#17633,#14198,#14199);
#12880=AXIS2_PLACEMENT_3D('',#17635,#14201,#14202);
#12881=AXIS2_PLACEMENT_3D('',#17638,#14203,#14204);
#12882=AXIS2_PLACEMENT_3D('',#17642,#14206,#14207);
#12883=AXIS2_PLACEMENT_3D('',#17644,#14209,#14210);
#12884=AXIS2_PLACEMENT_3D('',#17647,#14211,#14212);
#12885=AXIS2_PLACEMENT_3D('',#17651,#14214,#14215);
#12886=AXIS2_PLACEMENT_3D('',#17653,#14217,#14218);
#12887=AXIS2_PLACEMENT_3D('',#17656,#14219,#14220);
#12888=AXIS2_PLACEMENT_3D('',#17660,#14222,#14223);
#12889=AXIS2_PLACEMENT_3D('',#17662,#14225,#14226);
#12890=AXIS2_PLACEMENT_3D('',#17665,#14227,#14228);
#12891=AXIS2_PLACEMENT_3D('',#17669,#14230,#14231);
#12892=AXIS2_PLACEMENT_3D('',#17671,#14233,#14234);
#12893=AXIS2_PLACEMENT_3D('',#17674,#14235,#14236);
#12894=AXIS2_PLACEMENT_3D('',#17678,#14238,#14239);
#12895=AXIS2_PLACEMENT_3D('',#17680,#14241,#14242);
#12896=AXIS2_PLACEMENT_3D('',#17683,#14243,#14244);
#12897=AXIS2_PLACEMENT_3D('',#17687,#14246,#14247);
#12898=AXIS2_PLACEMENT_3D('',#17689,#14249,#14250);
#12899=AXIS2_PLACEMENT_3D('',#17692,#14251,#14252);
#12900=AXIS2_PLACEMENT_3D('',#17696,#14254,#14255);
#12901=AXIS2_PLACEMENT_3D('',#17698,#14257,#14258);
#12902=AXIS2_PLACEMENT_3D('',#17701,#14259,#14260);
#12903=AXIS2_PLACEMENT_3D('',#17705,#14262,#14263);
#12904=AXIS2_PLACEMENT_3D('',#17707,#14265,#14266);
#12905=AXIS2_PLACEMENT_3D('',#17710,#14267,#14268);
#12906=AXIS2_PLACEMENT_3D('',#17714,#14270,#14271);
#12907=AXIS2_PLACEMENT_3D('',#17716,#14273,#14274);
#12908=AXIS2_PLACEMENT_3D('',#17721,#14276,#14277);
#12909=AXIS2_PLACEMENT_3D('',#17724,#14279,#14280);
#12910=AXIS2_PLACEMENT_3D('',#17725,#14281,#14282);
#12911=AXIS2_PLACEMENT_3D('',#17733,#14286,#14287);
#12912=AXIS2_PLACEMENT_3D('',#17741,#14291,#14292);
#12913=AXIS2_PLACEMENT_3D('',#17743,#14294,#14295);
#12914=AXIS2_PLACEMENT_3D('',#17747,#14297,#14298);
#12915=AXIS2_PLACEMENT_3D('',#17748,#14299,#14300);
#12916=AXIS2_PLACEMENT_3D('',#17749,#14301,#14302);
#12917=AXIS2_PLACEMENT_3D('',#17754,#14304,#14305);
#12918=AXIS2_PLACEMENT_3D('',#17757,#14307,#14308);
#12919=AXIS2_PLACEMENT_3D('',#17758,#14309,#14310);
#12920=AXIS2_PLACEMENT_3D('',#17764,#14314,#14315);
#12921=AXIS2_PLACEMENT_3D('',#17768,#14317,#14318);
#12922=AXIS2_PLACEMENT_3D('',#17769,#14319,#14320);
#12923=AXIS2_PLACEMENT_3D('',#17770,#14321,#14322);
#12924=AXIS2_PLACEMENT_3D('',#17797,#14327,#14328);
#12925=AXIS2_PLACEMENT_3D('',#17821,#14333,#14334);
#12926=AXIS2_PLACEMENT_3D('',#17824,#14335,#14336);
#12927=AXIS2_PLACEMENT_3D('',#17828,#14338,#14339);
#12928=AXIS2_PLACEMENT_3D('',#17832,#14341,#14342);
#12929=AXIS2_PLACEMENT_3D('',#17836,#14344,#14345);
#12930=AXIS2_PLACEMENT_3D('',#17838,#14347,#14348);
#12931=AXIS2_PLACEMENT_3D('',#17880,#14372,#14373);
#12932=AXIS2_PLACEMENT_3D('',#17884,#14375,#14376);
#12933=AXIS2_PLACEMENT_3D('',#17911,#14393,#14394);
#12934=AXIS2_PLACEMENT_3D('',#17916,#14396,#14397);
#12935=AXIS2_PLACEMENT_3D('',#17922,#14401,#14402);
#12936=AXIS2_PLACEMENT_3D('',#17931,#14407,#14408);
#12937=AXIS2_PLACEMENT_3D('',#17937,#14412,#14413);
#12938=AXIS2_PLACEMENT_3D('',#17946,#14418,#14419);
#12939=AXIS2_PLACEMENT_3D('',#17949,#14420,#14421);
#12940=AXIS2_PLACEMENT_3D('',#17957,#14426,#14427);
#12941=AXIS2_PLACEMENT_3D('',#17995,#14449,#14450);
#12942=AXIS2_PLACEMENT_3D('',#17999,#14452,#14453);
#12943=AXIS2_PLACEMENT_3D('',#18040,#14478,#14479);
#12944=AXIS2_PLACEMENT_3D('',#18041,#14480,#14481);
#12945=AXIS2_PLACEMENT_3D('',#18042,#14482,#14483);
#12946=AXIS2_PLACEMENT_3D('',#18061,#14484,#14485);
#12947=AXIS2_PLACEMENT_3D('',#18096,#14486,#14487);
#12948=AXIS2_PLACEMENT_3D('',#18097,#14488,#14489);
#12949=AXIS2_PLACEMENT_3D('',#18098,#14490,#14491);
#12950=AXIS2_PLACEMENT_3D('',#18099,#14492,#14493);
#12951=AXIS2_PLACEMENT_3D('',#18100,#14494,#14495);
#12952=AXIS2_PLACEMENT_3D('',#18101,#14496,#14497);
#12953=AXIS2_PLACEMENT_3D('',#18102,#14498,#14499);
#12954=AXIS2_PLACEMENT_3D('',#18103,#14500,#14501);
#12955=AXIS2_PLACEMENT_3D('',#18104,#14502,#14503);
#12956=AXIS2_PLACEMENT_3D('',#18105,#14504,#14505);
#12957=AXIS2_PLACEMENT_3D('',#18106,#14506,#14507);
#12958=AXIS2_PLACEMENT_3D('',#18107,#14508,#14509);
#12959=AXIS2_PLACEMENT_3D('',#18108,#14510,#14511);
#12960=AXIS2_PLACEMENT_3D('',#18109,#14512,#14513);
#12961=AXIS2_PLACEMENT_3D('',#18110,#14514,#14515);
#12962=AXIS2_PLACEMENT_3D('',#18111,#14516,#14517);
#12963=AXIS2_PLACEMENT_3D('',#18112,#14518,#14519);
#12964=AXIS2_PLACEMENT_3D('',#18113,#14520,#14521);
#12965=AXIS2_PLACEMENT_3D('',#18114,#14522,#14523);
#12966=AXIS2_PLACEMENT_3D('',#18115,#14524,#14525);
#12967=AXIS2_PLACEMENT_3D('',#18116,#14526,#14527);
#12968=AXIS2_PLACEMENT_3D('',#18117,#14528,#14529);
#12969=AXIS2_PLACEMENT_3D('',#18118,#14530,#14531);
#12970=AXIS2_PLACEMENT_3D('',#18119,#14532,#14533);
#12971=AXIS2_PLACEMENT_3D('',#18120,#14534,#14535);
#12972=AXIS2_PLACEMENT_3D('',#18121,#14536,#14537);
#12973=AXIS2_PLACEMENT_3D('',#18122,#14538,#14539);
#12974=AXIS2_PLACEMENT_3D('',#18123,#14540,#14541);
#12975=AXIS2_PLACEMENT_3D('',#18124,#14542,#14543);
#12976=AXIS2_PLACEMENT_3D('',#18125,#14544,#14545);
#12977=AXIS2_PLACEMENT_3D('',#18127,#14547,#14548);
#12978=AXIS2_PLACEMENT_3D('',#18128,#14549,#14550);
#12979=AXIS2_PLACEMENT_3D('',#18129,#14551,#14552);
#12980=AXIS2_PLACEMENT_3D('',#18130,#14553,#14554);
#12981=AXIS2_PLACEMENT_3D('',#18131,#14555,#14556);
#12982=AXIS2_PLACEMENT_3D('',#18132,#14557,#14558);
#12983=AXIS2_PLACEMENT_3D('',#18133,#14559,#14560);
#12984=AXIS2_PLACEMENT_3D('',#18134,#14561,#14562);
#12985=AXIS2_PLACEMENT_3D('',#18135,#14563,#14564);
#12986=AXIS2_PLACEMENT_3D('',#18136,#14565,#14566);
#12987=AXIS2_PLACEMENT_3D('',#18137,#14567,#14568);
#12988=AXIS2_PLACEMENT_3D('',#18138,#14569,#14570);
#12989=AXIS2_PLACEMENT_3D('',#18139,#14571,#14572);
#12990=AXIS2_PLACEMENT_3D('',#18140,#14573,#14574);
#12991=AXIS2_PLACEMENT_3D('',#18141,#14575,#14576);
#12992=AXIS2_PLACEMENT_3D('',#18142,#14577,#14578);
#12993=AXIS2_PLACEMENT_3D('',#18143,#14579,#14580);
#12994=AXIS2_PLACEMENT_3D('',#18144,#14581,#14582);
#12995=AXIS2_PLACEMENT_3D('',#18145,#14583,#14584);
#12996=AXIS2_PLACEMENT_3D('',#18146,#14585,#14586);
#12997=AXIS2_PLACEMENT_3D('',#18148,#14588,#14589);
#12998=AXIS2_PLACEMENT_3D('',#18201,#14590,#14591);
#12999=AXIS2_PLACEMENT_3D('',#18202,#14592,#14593);
#13000=AXIS2_PLACEMENT_3D('',#18203,#14594,#14595);
#13001=AXIS2_PLACEMENT_3D('',#18204,#14596,#14597);
#13002=AXIS2_PLACEMENT_3D('',#18205,#14598,#14599);
#13003=AXIS2_PLACEMENT_3D('',#18206,#14600,#14601);
#13004=AXIS2_PLACEMENT_3D('',#18207,#14602,#14603);
#13005=AXIS2_PLACEMENT_3D('',#18208,#14604,#14605);
#13006=AXIS2_PLACEMENT_3D('',#18209,#14606,#14607);
#13007=AXIS2_PLACEMENT_3D('',#18210,#14608,#14609);
#13008=AXIS2_PLACEMENT_3D('',#18211,#14610,#14611);
#13009=AXIS2_PLACEMENT_3D('',#18212,#14612,#14613);
#13010=AXIS2_PLACEMENT_3D('',#18213,#14614,#14615);
#13011=AXIS2_PLACEMENT_3D('',#18214,#14616,#14617);
#13012=AXIS2_PLACEMENT_3D('',#18215,#14618,#14619);
#13013=AXIS2_PLACEMENT_3D('',#18216,#14620,#14621);
#13014=AXIS2_PLACEMENT_3D('',#18217,#14622,#14623);
#13015=AXIS2_PLACEMENT_3D('',#18218,#14624,#14625);
#13016=AXIS2_PLACEMENT_3D('',#18219,#14626,#14627);
#13017=AXIS2_PLACEMENT_3D('',#18220,#14628,#14629);
#13018=AXIS2_PLACEMENT_3D('',#18221,#14630,#14631);
#13019=AXIS2_PLACEMENT_3D('',#18222,#14632,#14633);
#13020=AXIS2_PLACEMENT_3D('',#18223,#14634,#14635);
#13021=AXIS2_PLACEMENT_3D('',#18224,#14636,#14637);
#13022=AXIS2_PLACEMENT_3D('',#18225,#14638,#14639);
#13023=AXIS2_PLACEMENT_3D('',#18226,#14640,#14641);
#13024=AXIS2_PLACEMENT_3D('',#18227,#14642,#14643);
#13025=AXIS2_PLACEMENT_3D('',#18228,#14644,#14645);
#13026=AXIS2_PLACEMENT_3D('',#18229,#14646,#14647);
#13027=AXIS2_PLACEMENT_3D('',#18230,#14648,#14649);
#13028=AXIS2_PLACEMENT_3D('',#18231,#14650,#14651);
#13029=AXIS2_PLACEMENT_3D('',#18232,#14652,#14653);
#13030=AXIS2_PLACEMENT_3D('',#18233,#14654,#14655);
#13031=AXIS2_PLACEMENT_3D('',#18234,#14656,#14657);
#13032=AXIS2_PLACEMENT_3D('',#18235,#14658,#14659);
#13033=AXIS2_PLACEMENT_3D('',#18236,#14660,#14661);
#13034=AXIS2_PLACEMENT_3D('',#18237,#14662,#14663);
#13035=AXIS2_PLACEMENT_3D('',#18238,#14664,#14665);
#13036=AXIS2_PLACEMENT_3D('',#18239,#14666,#14667);
#13037=AXIS2_PLACEMENT_3D('',#18240,#14668,#14669);
#13038=AXIS2_PLACEMENT_3D('',#18241,#14670,#14671);
#13039=AXIS2_PLACEMENT_3D('',#18245,#14674,#14675);
#13040=AXIS2_PLACEMENT_3D('',#18249,#14678,#14679);
#13041=AXIS2_PLACEMENT_3D('',#18251,#14681,#14682);
#13042=AXIS2_PLACEMENT_3D('',#18252,#14683,#14684);
#13043=AXIS2_PLACEMENT_3D('',#18256,#14687,#14688);
#13044=AXIS2_PLACEMENT_3D('',#18260,#14691,#14692);
#13045=AXIS2_PLACEMENT_3D('',#18262,#14694,#14695);
#13046=AXIS2_PLACEMENT_3D('',#18263,#14696,#14697);
#13047=AXIS2_PLACEMENT_3D('',#18267,#14700,#14701);
#13048=AXIS2_PLACEMENT_3D('',#18271,#14704,#14705);
#13049=AXIS2_PLACEMENT_3D('',#18273,#14707,#14708);
#13050=AXIS2_PLACEMENT_3D('',#18274,#14709,#14710);
#13051=AXIS2_PLACEMENT_3D('',#18278,#14713,#14714);
#13052=AXIS2_PLACEMENT_3D('',#18282,#14717,#14718);
#13053=AXIS2_PLACEMENT_3D('',#18284,#14720,#14721);
#13054=AXIS2_PLACEMENT_3D('',#18285,#14722,#14723);
#13055=AXIS2_PLACEMENT_3D('',#18289,#14726,#14727);
#13056=AXIS2_PLACEMENT_3D('',#18293,#14730,#14731);
#13057=AXIS2_PLACEMENT_3D('',#18295,#14733,#14734);
#13058=AXIS2_PLACEMENT_3D('',#18296,#14735,#14736);
#13059=AXIS2_PLACEMENT_3D('',#18300,#14739,#14740);
#13060=AXIS2_PLACEMENT_3D('',#18304,#14743,#14744);
#13061=AXIS2_PLACEMENT_3D('',#18306,#14746,#14747);
#13062=AXIS2_PLACEMENT_3D('',#18307,#14748,#14749);
#13063=AXIS2_PLACEMENT_3D('',#18311,#14752,#14753);
#13064=AXIS2_PLACEMENT_3D('',#18315,#14756,#14757);
#13065=AXIS2_PLACEMENT_3D('',#18317,#14759,#14760);
#13066=AXIS2_PLACEMENT_3D('',#18318,#14761,#14762);
#13067=AXIS2_PLACEMENT_3D('',#18322,#14765,#14766);
#13068=AXIS2_PLACEMENT_3D('',#18326,#14769,#14770);
#13069=AXIS2_PLACEMENT_3D('',#18328,#14772,#14773);
#13070=AXIS2_PLACEMENT_3D('',#18329,#14774,#14775);
#13071=AXIS2_PLACEMENT_3D('',#18333,#14778,#14779);
#13072=AXIS2_PLACEMENT_3D('',#18337,#14782,#14783);
#13073=AXIS2_PLACEMENT_3D('',#18339,#14785,#14786);
#13074=AXIS2_PLACEMENT_3D('',#18340,#14787,#14788);
#13075=AXIS2_PLACEMENT_3D('',#18344,#14791,#14792);
#13076=AXIS2_PLACEMENT_3D('',#18348,#14795,#14796);
#13077=AXIS2_PLACEMENT_3D('',#18350,#14798,#14799);
#13078=AXIS2_PLACEMENT_3D('',#18351,#14800,#14801);
#13079=AXIS2_PLACEMENT_3D('',#18355,#14804,#14805);
#13080=AXIS2_PLACEMENT_3D('',#18359,#14808,#14809);
#13081=AXIS2_PLACEMENT_3D('',#18361,#14811,#14812);
#13082=AXIS2_PLACEMENT_3D('',#18362,#14813,#14814);
#13083=AXIS2_PLACEMENT_3D('',#18366,#14817,#14818);
#13084=AXIS2_PLACEMENT_3D('',#18370,#14821,#14822);
#13085=AXIS2_PLACEMENT_3D('',#18372,#14824,#14825);
#13086=AXIS2_PLACEMENT_3D('',#18373,#14826,#14827);
#13087=AXIS2_PLACEMENT_3D('',#18382,#14832,#14833);
#13088=AXIS2_PLACEMENT_3D('',#18388,#14837,#14838);
#13089=AXIS2_PLACEMENT_3D('',#18394,#14842,#14843);
#13090=AXIS2_PLACEMENT_3D('',#18397,#14846,#14847);
#13091=AXIS2_PLACEMENT_3D('',#18398,#14848,#14849);
#13092=AXIS2_PLACEMENT_3D('',#18399,#14850,#14851);
#13093=AXIS2_PLACEMENT_3D('',#18408,#14856,#14857);
#13094=AXIS2_PLACEMENT_3D('',#18414,#14861,#14862);
#13095=AXIS2_PLACEMENT_3D('',#18420,#14866,#14867);
#13096=AXIS2_PLACEMENT_3D('',#18423,#14870,#14871);
#13097=AXIS2_PLACEMENT_3D('',#18424,#14872,#14873);
#13098=AXIS2_PLACEMENT_3D('',#18425,#14874,#14875);
#13099=AXIS2_PLACEMENT_3D('',#18434,#14880,#14881);
#13100=AXIS2_PLACEMENT_3D('',#18440,#14885,#14886);
#13101=AXIS2_PLACEMENT_3D('',#18446,#14890,#14891);
#13102=AXIS2_PLACEMENT_3D('',#18449,#14894,#14895);
#13103=AXIS2_PLACEMENT_3D('',#18450,#14896,#14897);
#13104=AXIS2_PLACEMENT_3D('',#18451,#14898,#14899);
#13105=AXIS2_PLACEMENT_3D('',#18460,#14904,#14905);
#13106=AXIS2_PLACEMENT_3D('',#18466,#14909,#14910);
#13107=AXIS2_PLACEMENT_3D('',#18472,#14914,#14915);
#13108=AXIS2_PLACEMENT_3D('',#18475,#14918,#14919);
#13109=AXIS2_PLACEMENT_3D('',#18476,#14920,#14921);
#13110=AXIS2_PLACEMENT_3D('',#18477,#14922,#14923);
#13111=AXIS2_PLACEMENT_3D('',#18486,#14928,#14929);
#13112=AXIS2_PLACEMENT_3D('',#18492,#14933,#14934);
#13113=AXIS2_PLACEMENT_3D('',#18498,#14938,#14939);
#13114=AXIS2_PLACEMENT_3D('',#18501,#14942,#14943);
#13115=AXIS2_PLACEMENT_3D('',#18502,#14944,#14945);
#13116=AXIS2_PLACEMENT_3D('',#18503,#14946,#14947);
#13117=AXIS2_PLACEMENT_3D('',#18512,#14952,#14953);
#13118=AXIS2_PLACEMENT_3D('',#18518,#14957,#14958);
#13119=AXIS2_PLACEMENT_3D('',#18524,#14962,#14963);
#13120=AXIS2_PLACEMENT_3D('',#18527,#14966,#14967);
#13121=AXIS2_PLACEMENT_3D('',#18528,#14968,#14969);
#13122=AXIS2_PLACEMENT_3D('',#18529,#14970,#14971);
#13123=AXIS2_PLACEMENT_3D('',#18538,#14976,#14977);
#13124=AXIS2_PLACEMENT_3D('',#18544,#14981,#14982);
#13125=AXIS2_PLACEMENT_3D('',#18550,#14986,#14987);
#13126=AXIS2_PLACEMENT_3D('',#18553,#14990,#14991);
#13127=AXIS2_PLACEMENT_3D('',#18554,#14992,#14993);
#13128=AXIS2_PLACEMENT_3D('',#18555,#14994,#14995);
#13129=AXIS2_PLACEMENT_3D('',#18564,#15000,#15001);
#13130=AXIS2_PLACEMENT_3D('',#18570,#15005,#15006);
#13131=AXIS2_PLACEMENT_3D('',#18576,#15010,#15011);
#13132=AXIS2_PLACEMENT_3D('',#18579,#15014,#15015);
#13133=AXIS2_PLACEMENT_3D('',#18580,#15016,#15017);
#13134=AXIS2_PLACEMENT_3D('',#18581,#15018,#15019);
#13135=AXIS2_PLACEMENT_3D('',#18590,#15024,#15025);
#13136=AXIS2_PLACEMENT_3D('',#18596,#15029,#15030);
#13137=AXIS2_PLACEMENT_3D('',#18602,#15034,#15035);
#13138=AXIS2_PLACEMENT_3D('',#18605,#15038,#15039);
#13139=AXIS2_PLACEMENT_3D('',#18606,#15040,#15041);
#13140=AXIS2_PLACEMENT_3D('',#18607,#15042,#15043);
#13141=AXIS2_PLACEMENT_3D('',#18616,#15048,#15049);
#13142=AXIS2_PLACEMENT_3D('',#18622,#15053,#15054);
#13143=AXIS2_PLACEMENT_3D('',#18628,#15058,#15059);
#13144=AXIS2_PLACEMENT_3D('',#18631,#15062,#15063);
#13145=AXIS2_PLACEMENT_3D('',#18632,#15064,#15065);
#13146=AXIS2_PLACEMENT_3D('',#18633,#15066,#15067);
#13147=AXIS2_PLACEMENT_3D('',#18642,#15072,#15073);
#13148=AXIS2_PLACEMENT_3D('',#18648,#15077,#15078);
#13149=AXIS2_PLACEMENT_3D('',#18654,#15082,#15083);
#13150=AXIS2_PLACEMENT_3D('',#18657,#15086,#15087);
#13151=AXIS2_PLACEMENT_3D('',#18658,#15088,#15089);
#13152=AXIS2_PLACEMENT_3D('',#18659,#15090,#15091);
#13153=AXIS2_PLACEMENT_3D('',#18668,#15096,#15097);
#13154=AXIS2_PLACEMENT_3D('',#18674,#15101,#15102);
#13155=AXIS2_PLACEMENT_3D('',#18680,#15106,#15107);
#13156=AXIS2_PLACEMENT_3D('',#18683,#15110,#15111);
#13157=AXIS2_PLACEMENT_3D('',#18684,#15112,#15113);
#13158=AXIS2_PLACEMENT_3D('',#18685,#15114,#15115);
#13159=AXIS2_PLACEMENT_3D('',#18690,#15117,#15118);
#13160=AXIS2_PLACEMENT_3D('',#18692,#15119,#15120);
#13161=AXIS2_PLACEMENT_3D('',#18696,#15122,#15123);
#13162=AXIS2_PLACEMENT_3D('',#18700,#15125,#15126);
#13163=AXIS2_PLACEMENT_3D('',#18704,#15128,#15129);
#13164=AXIS2_PLACEMENT_3D('',#18716,#15135,#15136);
#13165=AXIS2_PLACEMENT_3D('',#18720,#15138,#15139);
#13166=AXIS2_PLACEMENT_3D('',#18724,#15141,#15142);
#13167=AXIS2_PLACEMENT_3D('',#18731,#15146,#15147);
#13168=AXIS2_PLACEMENT_3D('',#18732,#15148,#15149);
#13169=AXIS2_PLACEMENT_3D('',#18737,#15151,#15152);
#13170=AXIS2_PLACEMENT_3D('',#18739,#15153,#15154);
#13171=AXIS2_PLACEMENT_3D('',#18743,#15156,#15157);
#13172=AXIS2_PLACEMENT_3D('',#18751,#15161,#15162);
#13173=AXIS2_PLACEMENT_3D('',#18755,#15164,#15165);
#13174=AXIS2_PLACEMENT_3D('',#18759,#15167,#15168);
#13175=AXIS2_PLACEMENT_3D('',#18771,#15174,#15175);
#13176=AXIS2_PLACEMENT_3D('',#18775,#15177,#15178);
#13177=AXIS2_PLACEMENT_3D('',#18778,#15180,#15181);
#13178=AXIS2_PLACEMENT_3D('',#18779,#15182,#15183);
#13179=AXIS2_PLACEMENT_3D('',#18782,#15186,#15187);
#13180=AXIS2_PLACEMENT_3D('',#18785,#15190,#15191);
#13181=AXIS2_PLACEMENT_3D('',#18834,#15216,#15217);
#13182=AXIS2_PLACEMENT_3D('',#18837,#15219,#15220);
#13183=AXIS2_PLACEMENT_3D('',#18841,#15222,#15223);
#13184=AXIS2_PLACEMENT_3D('',#18849,#15227,#15228);
#13185=AXIS2_PLACEMENT_3D('',#18852,#15230,#15231);
#13186=AXIS2_PLACEMENT_3D('',#18853,#15232,#15233);
#13187=AXIS2_PLACEMENT_3D('',#18854,#15234,#15235);
#13188=AXIS2_PLACEMENT_3D('',#18855,#15236,#15237);
#13189=AXIS2_PLACEMENT_3D('',#18856,#15238,#15239);
#13190=AXIS2_PLACEMENT_3D('',#18857,#15240,#15241);
#13191=AXIS2_PLACEMENT_3D('',#18858,#15242,#15243);
#13192=AXIS2_PLACEMENT_3D('',#18859,#15244,#15245);
#13193=AXIS2_PLACEMENT_3D('',#18908,#15270,#15271);
#13194=AXIS2_PLACEMENT_3D('',#18909,#15272,#15273);
#13195=AXIS2_PLACEMENT_3D('',#18910,#15274,#15275);
#13196=AXIS2_PLACEMENT_3D('',#18911,#15276,#15277);
#13197=AXIS2_PLACEMENT_3D('',#18912,#15278,#15279);
#13198=AXIS2_PLACEMENT_3D('',#18913,#15280,#15281);
#13199=AXIS2_PLACEMENT_3D('',#18914,#15282,#15283);
#13200=AXIS2_PLACEMENT_3D('',#18916,#15284,#15285);
#13201=AXIS2_PLACEMENT_3D('',#18919,#15287,#15288);
#13202=AXIS2_PLACEMENT_3D('',#18920,#15289,#15290);
#13203=AXIS2_PLACEMENT_3D('',#18924,#15292,#15293);
#13204=AXIS2_PLACEMENT_3D('',#18925,#15294,#15295);
#13205=AXIS2_PLACEMENT_3D('',#18926,#15296,#15297);
#13206=AXIS2_PLACEMENT_3D('',#18931,#15299,#15300);
#13207=AXIS2_PLACEMENT_3D('',#18933,#15301,#15302);
#13208=AXIS2_PLACEMENT_3D('',#18937,#15304,#15305);
#13209=AXIS2_PLACEMENT_3D('',#18945,#15309,#15310);
#13210=AXIS2_PLACEMENT_3D('',#18949,#15312,#15313);
#13211=AXIS2_PLACEMENT_3D('',#18952,#15315,#15316);
#13212=AXIS2_PLACEMENT_3D('',#18959,#15320,#15321);
#13213=AXIS2_PLACEMENT_3D('',#18963,#15323,#15324);
#13214=AXIS2_PLACEMENT_3D('',#18966,#15326,#15327);
#13215=AXIS2_PLACEMENT_3D('',#18967,#15328,#15329);
#13216=AXIS2_PLACEMENT_3D('',#18989,#15341,#15342);
#13217=AXIS2_PLACEMENT_3D('',#18990,#15343,#15344);
#13218=AXIS2_PLACEMENT_3D('',#18991,#15345,#15346);
#13219=AXIS2_PLACEMENT_3D('',#18994,#15347,#15348);
#13220=AXIS2_PLACEMENT_3D('',#18998,#15350,#15351);
#13221=AXIS2_PLACEMENT_3D('',#19002,#15353,#15354);
#13222=AXIS2_PLACEMENT_3D('',#19006,#15356,#15357);
#13223=AXIS2_PLACEMENT_3D('',#19008,#15359,#15360);
#13224=AXIS2_PLACEMENT_3D('',#19009,#15361,#15362);
#13225=AXIS2_PLACEMENT_3D('',#19010,#15363,#15364);
#13226=AXIS2_PLACEMENT_3D('',#19011,#15365,#15366);
#13227=AXIS2_PLACEMENT_3D('',#19012,#15367,#15368);
#13228=AXIS2_PLACEMENT_3D('',#19013,#15369,#15370);
#13229=AXIS2_PLACEMENT_3D('',#19018,#15372,#15373);
#13230=AXIS2_PLACEMENT_3D('',#19020,#15374,#15375);
#13231=AXIS2_PLACEMENT_3D('',#19024,#15377,#15378);
#13232=AXIS2_PLACEMENT_3D('',#19028,#15380,#15381);
#13233=AXIS2_PLACEMENT_3D('',#19032,#15383,#15384);
#13234=AXIS2_PLACEMENT_3D('',#19038,#15388,#15389);
#13235=AXIS2_PLACEMENT_3D('',#19042,#15391,#15392);
#13236=AXIS2_PLACEMENT_3D('',#19046,#15394,#15395);
#13237=AXIS2_PLACEMENT_3D('',#19053,#15399,#15400);
#13238=AXIS2_PLACEMENT_3D('',#19054,#15401,#15402);
#13239=AXIS2_PLACEMENT_3D('',#19055,#15403,#15404);
#13240=AXIS2_PLACEMENT_3D('',#19056,#15405,#15406);
#13241=AXIS2_PLACEMENT_3D('',#19057,#15407,#15408);
#13242=AXIS2_PLACEMENT_3D('',#19060,#15410,#15411);
#13243=AXIS2_PLACEMENT_3D('',#19061,#15412,#15413);
#13244=AXIS2_PLACEMENT_3D('',#19081,#15424,#15425);
#13245=AXIS2_PLACEMENT_3D('',#19082,#15426,#15427);
#13246=AXIS2_PLACEMENT_3D('',#19083,#15428,#15429);
#13247=AXIS2_PLACEMENT_3D('',#19086,#15432,#15433);
#13248=AXIS2_PLACEMENT_3D('',#19088,#15435,#15436);
#13249=AXIS2_PLACEMENT_3D('',#19090,#15438,#15439);
#13250=AXIS2_PLACEMENT_3D('',#19092,#15441,#15442);
#13251=AXIS2_PLACEMENT_3D('',#19094,#15444,#15445);
#13252=AXIS2_PLACEMENT_3D('',#19096,#15447,#15448);
#13253=AXIS2_PLACEMENT_3D('',#19098,#15450,#15451);
#13254=AXIS2_PLACEMENT_3D('',#19099,#15452,#15453);
#13255=AXIS2_PLACEMENT_3D('',#19102,#15456,#15457);
#13256=AXIS2_PLACEMENT_3D('',#19104,#15459,#15460);
#13257=AXIS2_PLACEMENT_3D('',#19107,#15463,#15464);
#13258=AXIS2_PLACEMENT_3D('',#19110,#15467,#15468);
#13259=AXIS2_PLACEMENT_3D('',#19111,#15469,#15470);
#13260=AXIS2_PLACEMENT_3D('',#19114,#15473,#15474);
#13261=AXIS2_PLACEMENT_3D('',#19117,#15477,#15478);
#13262=AXIS2_PLACEMENT_3D('',#19120,#15481,#15482);
#13263=AXIS2_PLACEMENT_3D('',#19123,#15485,#15486);
#13264=AXIS2_PLACEMENT_3D('',#19126,#15489,#15490);
#13265=AXIS2_PLACEMENT_3D('',#19129,#15493,#15494);
#13266=AXIS2_PLACEMENT_3D('',#19130,#15495,#15496);
#13267=AXIS2_PLACEMENT_3D('',#19131,#15497,#15498);
#13268=AXIS2_PLACEMENT_3D('',#19132,#15499,#15500);
#13269=AXIS2_PLACEMENT_3D('',#19134,#15502,#15503);
#13270=AXIS2_PLACEMENT_3D('',#19135,#15504,#15505);
#13271=AXIS2_PLACEMENT_3D('',#19136,#15506,#15507);
#13272=AXIS2_PLACEMENT_3D('',#19137,#15508,#15509);
#13273=AXIS2_PLACEMENT_3D('',#19138,#15510,#15511);
#13274=AXIS2_PLACEMENT_3D('',#19139,#15512,#15513);
#13275=AXIS2_PLACEMENT_3D('',#19142,#15516,#15517);
#13276=AXIS2_PLACEMENT_3D('',#19144,#15519,#15520);
#13277=AXIS2_PLACEMENT_3D('',#19147,#15523,#15524);
#13278=AXIS2_PLACEMENT_3D('',#19149,#15526,#15527);
#13279=AXIS2_PLACEMENT_3D('',#19151,#15529,#15530);
#13280=AXIS2_PLACEMENT_3D('',#19154,#15533,#15534);
#13281=AXIS2_PLACEMENT_3D('',#19157,#15537,#15538);
#13282=AXIS2_PLACEMENT_3D('',#19160,#15541,#15542);
#13283=AXIS2_PLACEMENT_3D('',#19163,#15545,#15546);
#13284=AXIS2_PLACEMENT_3D('',#19164,#15547,#15548);
#13285=AXIS2_PLACEMENT_3D('',#19165,#15549,#15550);
#13286=AXIS2_PLACEMENT_3D('',#19166,#15551,#15552);
#13287=AXIS2_PLACEMENT_3D('',#19168,#15554,#15555);
#13288=AXIS2_PLACEMENT_3D('',#19169,#15556,#15557);
#13289=AXIS2_PLACEMENT_3D('',#19170,#15558,#15559);
#13290=AXIS2_PLACEMENT_3D('',#19171,#15560,#15561);
#13291=AXIS2_PLACEMENT_3D('',#19172,#15562,#15563);
#13292=AXIS2_PLACEMENT_3D('',#19173,#15564,#15565);
#13293=AXIS2_PLACEMENT_3D('',#19174,#15566,#15567);
#13294=AXIS2_PLACEMENT_3D('',#19180,#15571,#15572);
#13295=AXIS2_PLACEMENT_3D('',#19184,#15575,#15576);
#13296=AXIS2_PLACEMENT_3D('',#19188,#15579,#15580);
#13297=AXIS2_PLACEMENT_3D('',#19190,#15582,#15583);
#13298=AXIS2_PLACEMENT_3D('',#19196,#15587,#15588);
#13299=AXIS2_PLACEMENT_3D('',#19200,#15591,#15592);
#13300=AXIS2_PLACEMENT_3D('',#19204,#15595,#15596);
#13301=AXIS2_PLACEMENT_3D('',#19206,#15598,#15599);
#13302=AXIS2_PLACEMENT_3D('',#19212,#15603,#15604);
#13303=AXIS2_PLACEMENT_3D('',#19216,#15607,#15608);
#13304=AXIS2_PLACEMENT_3D('',#19220,#15611,#15612);
#13305=AXIS2_PLACEMENT_3D('',#19222,#15614,#15615);
#13306=AXIS2_PLACEMENT_3D('',#19228,#15619,#15620);
#13307=AXIS2_PLACEMENT_3D('',#19232,#15623,#15624);
#13308=AXIS2_PLACEMENT_3D('',#19236,#15627,#15628);
#13309=AXIS2_PLACEMENT_3D('',#19238,#15630,#15631);
#13310=AXIS2_PLACEMENT_3D('',#19241,#15634,#15635);
#13311=AXIS2_PLACEMENT_3D('',#19243,#15637,#15638);
#13312=AXIS2_PLACEMENT_3D('',#19245,#15640,#15641);
#13313=AXIS2_PLACEMENT_3D('',#19246,#15642,#15643);
#13314=AXIS2_PLACEMENT_3D('',#19249,#15646,#15647);
#13315=AXIS2_PLACEMENT_3D('',#19251,#15649,#15650);
#13316=AXIS2_PLACEMENT_3D('',#19253,#15652,#15653);
#13317=AXIS2_PLACEMENT_3D('',#19254,#15654,#15655);
#13318=AXIS2_PLACEMENT_3D('',#19257,#15658,#15659);
#13319=AXIS2_PLACEMENT_3D('',#19259,#15661,#15662);
#13320=AXIS2_PLACEMENT_3D('',#19261,#15664,#15665);
#13321=AXIS2_PLACEMENT_3D('',#19262,#15666,#15667);
#13322=AXIS2_PLACEMENT_3D('',#19265,#15670,#15671);
#13323=AXIS2_PLACEMENT_3D('',#19267,#15673,#15674);
#13324=AXIS2_PLACEMENT_3D('',#19269,#15676,#15677);
#13325=AXIS2_PLACEMENT_3D('',#19270,#15678,#15679);
#13326=AXIS2_PLACEMENT_3D('',#19271,#15680,#15681);
#13327=AXIS2_PLACEMENT_3D('',#19274,#15682,#15683);
#13328=AXIS2_PLACEMENT_3D('',#19278,#15685,#15686);
#13329=AXIS2_PLACEMENT_3D('',#19280,#15688,#15689);
#13330=AXIS2_PLACEMENT_3D('',#19286,#15693,#15694);
#13331=AXIS2_PLACEMENT_3D('',#19288,#15695,#15696);
#13332=AXIS2_PLACEMENT_3D('',#19291,#15698,#15699);
#13333=AXIS2_PLACEMENT_3D('',#19292,#15700,#15701);
#13334=AXIS2_PLACEMENT_3D('',#19298,#15705,#15706);
#13335=AXIS2_PLACEMENT_3D('',#19304,#15710,#15711);
#13336=AXIS2_PLACEMENT_3D('',#19310,#15715,#15716);
#13337=AXIS2_PLACEMENT_3D('',#19316,#15720,#15721);
#13338=AXIS2_PLACEMENT_3D('',#19318,#15722,#15723);
#13339=AXIS2_PLACEMENT_3D('',#19321,#15725,#15726);
#13340=AXIS2_PLACEMENT_3D('',#19322,#15727,#15728);
#13341=AXIS2_PLACEMENT_3D('',#19328,#15732,#15733);
#13342=AXIS2_PLACEMENT_3D('',#19330,#15734,#15735);
#13343=AXIS2_PLACEMENT_3D('',#19333,#15737,#15738);
#13344=AXIS2_PLACEMENT_3D('',#19334,#15739,#15740);
#13345=AXIS2_PLACEMENT_3D('',#19337,#15743,#15744);
#13346=AXIS2_PLACEMENT_3D('',#19338,#15745,#15746);
#13347=AXIS2_PLACEMENT_3D('',#19339,#15747,#15748);
#13348=AXIS2_PLACEMENT_3D('',#19342,#15749,#15750);
#13349=AXIS2_PLACEMENT_3D('',#19346,#15752,#15753);
#13350=AXIS2_PLACEMENT_3D('',#19348,#15755,#15756);
#13351=AXIS2_PLACEMENT_3D('',#19354,#15760,#15761);
#13352=AXIS2_PLACEMENT_3D('',#19356,#15762,#15763);
#13353=AXIS2_PLACEMENT_3D('',#19359,#15765,#15766);
#13354=AXIS2_PLACEMENT_3D('',#19360,#15767,#15768);
#13355=AXIS2_PLACEMENT_3D('',#19366,#15772,#15773);
#13356=AXIS2_PLACEMENT_3D('',#19372,#15777,#15778);
#13357=AXIS2_PLACEMENT_3D('',#19378,#15782,#15783);
#13358=AXIS2_PLACEMENT_3D('',#19384,#15787,#15788);
#13359=AXIS2_PLACEMENT_3D('',#19386,#15789,#15790);
#13360=AXIS2_PLACEMENT_3D('',#19389,#15792,#15793);
#13361=AXIS2_PLACEMENT_3D('',#19390,#15794,#15795);
#13362=AXIS2_PLACEMENT_3D('',#19396,#15799,#15800);
#13363=AXIS2_PLACEMENT_3D('',#19398,#15801,#15802);
#13364=AXIS2_PLACEMENT_3D('',#19401,#15804,#15805);
#13365=AXIS2_PLACEMENT_3D('',#19402,#15806,#15807);
#13366=AXIS2_PLACEMENT_3D('',#19405,#15810,#15811);
#13367=AXIS2_PLACEMENT_3D('',#19406,#15812,#15813);
#13368=AXIS2_PLACEMENT_3D('',#19407,#15814,#15815);
#13369=AXIS2_PLACEMENT_3D('',#19410,#15816,#15817);
#13370=AXIS2_PLACEMENT_3D('',#19414,#15819,#15820);
#13371=AXIS2_PLACEMENT_3D('',#19416,#15822,#15823);
#13372=AXIS2_PLACEMENT_3D('',#19422,#15827,#15828);
#13373=AXIS2_PLACEMENT_3D('',#19424,#15829,#15830);
#13374=AXIS2_PLACEMENT_3D('',#19427,#15832,#15833);
#13375=AXIS2_PLACEMENT_3D('',#19428,#15834,#15835);
#13376=AXIS2_PLACEMENT_3D('',#19434,#15839,#15840);
#13377=AXIS2_PLACEMENT_3D('',#19440,#15844,#15845);
#13378=AXIS2_PLACEMENT_3D('',#19446,#15849,#15850);
#13379=AXIS2_PLACEMENT_3D('',#19452,#15854,#15855);
#13380=AXIS2_PLACEMENT_3D('',#19454,#15856,#15857);
#13381=AXIS2_PLACEMENT_3D('',#19457,#15859,#15860);
#13382=AXIS2_PLACEMENT_3D('',#19458,#15861,#15862);
#13383=AXIS2_PLACEMENT_3D('',#19464,#15866,#15867);
#13384=AXIS2_PLACEMENT_3D('',#19466,#15868,#15869);
#13385=AXIS2_PLACEMENT_3D('',#19469,#15871,#15872);
#13386=AXIS2_PLACEMENT_3D('',#19470,#15873,#15874);
#13387=AXIS2_PLACEMENT_3D('',#19473,#15877,#15878);
#13388=AXIS2_PLACEMENT_3D('',#19474,#15879,#15880);
#13389=AXIS2_PLACEMENT_3D('',#19475,#15881,#15882);
#13390=AXIS2_PLACEMENT_3D('',#19478,#15883,#15884);
#13391=AXIS2_PLACEMENT_3D('',#19482,#15886,#15887);
#13392=AXIS2_PLACEMENT_3D('',#19484,#15889,#15890);
#13393=AXIS2_PLACEMENT_3D('',#19490,#15894,#15895);
#13394=AXIS2_PLACEMENT_3D('',#19492,#15896,#15897);
#13395=AXIS2_PLACEMENT_3D('',#19495,#15899,#15900);
#13396=AXIS2_PLACEMENT_3D('',#19496,#15901,#15902);
#13397=AXIS2_PLACEMENT_3D('',#19502,#15906,#15907);
#13398=AXIS2_PLACEMENT_3D('',#19508,#15911,#15912);
#13399=AXIS2_PLACEMENT_3D('',#19514,#15916,#15917);
#13400=AXIS2_PLACEMENT_3D('',#19520,#15921,#15922);
#13401=AXIS2_PLACEMENT_3D('',#19522,#15923,#15924);
#13402=AXIS2_PLACEMENT_3D('',#19525,#15926,#15927);
#13403=AXIS2_PLACEMENT_3D('',#19526,#15928,#15929);
#13404=AXIS2_PLACEMENT_3D('',#19532,#15933,#15934);
#13405=AXIS2_PLACEMENT_3D('',#19534,#15935,#15936);
#13406=AXIS2_PLACEMENT_3D('',#19537,#15938,#15939);
#13407=AXIS2_PLACEMENT_3D('',#19538,#15940,#15941);
#13408=AXIS2_PLACEMENT_3D('',#19541,#15944,#15945);
#13409=AXIS2_PLACEMENT_3D('',#19542,#15946,#15947);
#13410=AXIS2_PLACEMENT_3D('',#19543,#15948,#15949);
#13411=AXIS2_PLACEMENT_3D('',#19545,#15950,#15951);
#13412=AXIS2_PLACEMENT_3D('',#19549,#15953,#15954);
#13413=AXIS2_PLACEMENT_3D('',#19550,#15955,#15956);
#13414=AXIS2_PLACEMENT_3D('',#19615,#15957,#15958);
#13415=AXIS2_PLACEMENT_3D('',#19616,#15959,#15960);
#13416=AXIS2_PLACEMENT_3D('',#19617,#15961,#15962);
#13417=AXIS2_PLACEMENT_3D('',#19618,#15963,#15964);
#13418=AXIS2_PLACEMENT_3D('',#19619,#15965,#15966);
#13419=AXIS2_PLACEMENT_3D('',#19636,#15975,#15976);
#13420=AXIS2_PLACEMENT_3D('',#19643,#15980,#15981);
#13421=AXIS2_PLACEMENT_3D('',#19644,#15982,#15983);
#13422=AXIS2_PLACEMENT_3D('',#19648,#15986,#15987);
#13423=AXIS2_PLACEMENT_3D('',#19668,#15998,#15999);
#13424=AXIS2_PLACEMENT_3D('',#19672,#16002,#16003);
#13425=AXIS2_PLACEMENT_3D('',#19674,#16004,#16005);
#13426=AXIS2_PLACEMENT_3D('',#19678,#16008,#16009);
#13427=AXIS2_PLACEMENT_3D('',#19680,#16010,#16011);
#13428=AXIS2_PLACEMENT_3D('',#19682,#16013,#16014);
#13429=AXIS2_PLACEMENT_3D('',#19684,#16015,#16016);
#13430=AXIS2_PLACEMENT_3D('',#19688,#16018,#16019);
#13431=AXIS2_PLACEMENT_3D('',#19692,#16021,#16022);
#13432=AXIS2_PLACEMENT_3D('',#19694,#16024,#16025);
#13433=AXIS2_PLACEMENT_3D('',#19696,#16027,#16028);
#13434=AXIS2_PLACEMENT_3D('',#19698,#16030,#16031);
#13435=AXIS2_PLACEMENT_3D('',#19704,#16035,#16036);
#13436=AXIS2_PLACEMENT_3D('',#19706,#16038,#16039);
#13437=AXIS2_PLACEMENT_3D('',#19712,#16043,#16044);
#13438=AXIS2_PLACEMENT_3D('',#19716,#16047,#16048);
#13439=AXIS2_PLACEMENT_3D('',#19720,#16051,#16052);
#13440=AXIS2_PLACEMENT_3D('',#19729,#16058,#16059);
#13441=AXIS2_PLACEMENT_3D('',#19733,#16062,#16063);
#13442=AXIS2_PLACEMENT_3D('',#19735,#16065,#16066);
#13443=AXIS2_PLACEMENT_3D('',#19736,#16067,#16068);
#13444=AXIS2_PLACEMENT_3D('',#19737,#16069,#16070);
#13445=AXIS2_PLACEMENT_3D('',#19738,#16071,#16072);
#13446=AXIS2_PLACEMENT_3D('',#19739,#16073,#16074);
#13447=AXIS2_PLACEMENT_3D('',#19740,#16075,#16076);
#13448=AXIS2_PLACEMENT_3D('',#19741,#16077,#16078);
#13449=AXIS2_PLACEMENT_3D('',#19750,#16083,#16084);
#13450=AXIS2_PLACEMENT_3D('',#19752,#16085,#16086);
#13451=AXIS2_PLACEMENT_3D('',#19754,#16087,#16088);
#13452=AXIS2_PLACEMENT_3D('',#19756,#16090,#16091);
#13453=AXIS2_PLACEMENT_3D('',#19762,#16095,#16096);
#13454=AXIS2_PLACEMENT_3D('',#19768,#16100,#16101);
#13455=AXIS2_PLACEMENT_3D('',#19774,#16105,#16106);
#13456=AXIS2_PLACEMENT_3D('',#19780,#16110,#16111);
#13457=AXIS2_PLACEMENT_3D('',#19786,#16115,#16116);
#13458=AXIS2_PLACEMENT_3D('',#19788,#16117,#16118);
#13459=AXIS2_PLACEMENT_3D('',#19790,#16119,#16120);
#13460=AXIS2_PLACEMENT_3D('',#19792,#16122,#16123);
#13461=AXIS2_PLACEMENT_3D('',#19798,#16127,#16128);
#13462=AXIS2_PLACEMENT_3D('',#19804,#16132,#16133);
#13463=AXIS2_PLACEMENT_3D('',#19810,#16137,#16138);
#13464=AXIS2_PLACEMENT_3D('',#19816,#16142,#16143);
#13465=AXIS2_PLACEMENT_3D('',#19822,#16147,#16148);
#13466=AXIS2_PLACEMENT_3D('',#19824,#16149,#16150);
#13467=AXIS2_PLACEMENT_3D('',#19826,#16151,#16152);
#13468=AXIS2_PLACEMENT_3D('',#19828,#16154,#16155);
#13469=AXIS2_PLACEMENT_3D('',#19834,#16159,#16160);
#13470=AXIS2_PLACEMENT_3D('',#19840,#16164,#16165);
#13471=AXIS2_PLACEMENT_3D('',#19846,#16169,#16170);
#13472=AXIS2_PLACEMENT_3D('',#19852,#16174,#16175);
#13473=AXIS2_PLACEMENT_3D('',#19858,#16179,#16180);
#13474=AXIS2_PLACEMENT_3D('',#19860,#16181,#16182);
#13475=AXIS2_PLACEMENT_3D('',#19862,#16183,#16184);
#13476=AXIS2_PLACEMENT_3D('',#19864,#16186,#16187);
#13477=AXIS2_PLACEMENT_3D('',#19870,#16191,#16192);
#13478=AXIS2_PLACEMENT_3D('',#19876,#16196,#16197);
#13479=AXIS2_PLACEMENT_3D('',#19882,#16201,#16202);
#13480=AXIS2_PLACEMENT_3D('',#19885,#16205,#16206);
#13481=AXIS2_PLACEMENT_3D('',#19887,#16207,#16208);
#13482=AXIS2_PLACEMENT_3D('',#19890,#16210,#16211);
#13483=AXIS2_PLACEMENT_3D('',#19891,#16212,#16213);
#13484=AXIS2_PLACEMENT_3D('',#19892,#16214,#16215);
#13485=AXIS2_PLACEMENT_3D('',#19893,#16216,#16217);
#13486=AXIS2_PLACEMENT_3D('',#19895,#16218,#16219);
#13487=AXIS2_PLACEMENT_3D('',#19898,#16221,#16222);
#13488=AXIS2_PLACEMENT_3D('',#19899,#16223,#16224);
#13489=AXIS2_PLACEMENT_3D('',#19901,#16225,#16226);
#13490=AXIS2_PLACEMENT_3D('',#19902,#16227,#16228);
#13491=AXIS2_PLACEMENT_3D('',#19903,#16229,#16230);
#13492=AXIS2_PLACEMENT_3D('',#19904,#16231,#16232);
#13493=AXIS2_PLACEMENT_3D('',#19905,#16233,#16234);
#13494=AXIS2_PLACEMENT_3D('',#19907,#16235,#16236);
#13495=AXIS2_PLACEMENT_3D('',#19911,#16238,#16239);
#13496=AXIS2_PLACEMENT_3D('',#19912,#16240,#16241);
#13497=AXIS2_PLACEMENT_3D('',#19977,#16242,#16243);
#13498=AXIS2_PLACEMENT_3D('',#19978,#16244,#16245);
#13499=AXIS2_PLACEMENT_3D('',#19979,#16246,#16247);
#13500=AXIS2_PLACEMENT_3D('',#19980,#16248,#16249);
#13501=AXIS2_PLACEMENT_3D('',#19981,#16250,#16251);
#13502=AXIS2_PLACEMENT_3D('',#19983,#16252,#16253);
#13503=AXIS2_PLACEMENT_3D('',#19987,#16255,#16256);
#13504=AXIS2_PLACEMENT_3D('',#19988,#16257,#16258);
#13505=AXIS2_PLACEMENT_3D('',#20053,#16259,#16260);
#13506=AXIS2_PLACEMENT_3D('',#20054,#16261,#16262);
#13507=AXIS2_PLACEMENT_3D('',#20055,#16263,#16264);
#13508=AXIS2_PLACEMENT_3D('',#20056,#16265,#16266);
#13509=AXIS2_PLACEMENT_3D('',#20057,#16267,#16268);
#13510=AXIS2_PLACEMENT_3D('',#20059,#16269,#16270);
#13511=AXIS2_PLACEMENT_3D('',#20063,#16272,#16273);
#13512=AXIS2_PLACEMENT_3D('',#20064,#16274,#16275);
#13513=AXIS2_PLACEMENT_3D('',#20129,#16276,#16277);
#13514=AXIS2_PLACEMENT_3D('',#20130,#16278,#16279);
#13515=AXIS2_PLACEMENT_3D('',#20131,#16280,#16281);
#13516=AXIS2_PLACEMENT_3D('',#20132,#16282,#16283);
#13517=AXIS2_PLACEMENT_3D('',#20133,#16284,#16285);
#13518=AXIS2_PLACEMENT_3D('',#20134,#16286,#16287);
#13519=AXIS2_PLACEMENT_3D('',#20139,#16289,#16290);
#13520=AXIS2_PLACEMENT_3D('',#20142,#16292,#16293);
#13521=AXIS2_PLACEMENT_3D('',#20143,#16294,#16295);
#13522=AXIS2_PLACEMENT_3D('',#20149,#16299,#16300);
#13523=AXIS2_PLACEMENT_3D('',#20155,#16304,#16305);
#13524=AXIS2_PLACEMENT_3D('',#20157,#16306,#16307);
#13525=AXIS2_PLACEMENT_3D('',#20161,#16309,#16310);
#13526=AXIS2_PLACEMENT_3D('',#20164,#16312,#16313);
#13527=AXIS2_PLACEMENT_3D('',#20178,#16320,#16321);
#13528=AXIS2_PLACEMENT_3D('',#20180,#16322,#16323);
#13529=AXIS2_PLACEMENT_3D('',#20183,#16324,#16325);
#13530=AXIS2_PLACEMENT_3D('',#20187,#16327,#16328);
#13531=AXIS2_PLACEMENT_3D('',#20191,#16330,#16331);
#13532=AXIS2_PLACEMENT_3D('',#20195,#16333,#16334);
#13533=AXIS2_PLACEMENT_3D('',#20198,#16336,#16337);
#13534=AXIS2_PLACEMENT_3D('',#20200,#16338,#16339);
#13535=AXIS2_PLACEMENT_3D('',#20203,#16340,#16341);
#13536=AXIS2_PLACEMENT_3D('',#20207,#16343,#16344);
#13537=AXIS2_PLACEMENT_3D('',#20211,#16346,#16347);
#13538=AXIS2_PLACEMENT_3D('',#20215,#16349,#16350);
#13539=AXIS2_PLACEMENT_3D('',#20229,#16358,#16359);
#13540=AXIS2_PLACEMENT_3D('',#20231,#16360,#16361);
#13541=AXIS2_PLACEMENT_3D('',#20235,#16363,#16364);
#13542=AXIS2_PLACEMENT_3D('',#20238,#16366,#16367);
#13543=AXIS2_PLACEMENT_3D('',#20252,#16374,#16375);
#13544=AXIS2_PLACEMENT_3D('',#20254,#16376,#16377);
#13545=AXIS2_PLACEMENT_3D('',#20257,#16378,#16379);
#13546=AXIS2_PLACEMENT_3D('',#20261,#16381,#16382);
#13547=AXIS2_PLACEMENT_3D('',#20265,#16384,#16385);
#13548=AXIS2_PLACEMENT_3D('',#20269,#16387,#16388);
#13549=AXIS2_PLACEMENT_3D('',#20272,#16390,#16391);
#13550=AXIS2_PLACEMENT_3D('',#20274,#16392,#16393);
#13551=AXIS2_PLACEMENT_3D('',#20277,#16394,#16395);
#13552=AXIS2_PLACEMENT_3D('',#20281,#16397,#16398);
#13553=AXIS2_PLACEMENT_3D('',#20285,#16400,#16401);
#13554=AXIS2_PLACEMENT_3D('',#20289,#16403,#16404);
#13555=AXIS2_PLACEMENT_3D('',#20303,#16412,#16413);
#13556=AXIS2_PLACEMENT_3D('',#20305,#16415,#16416);
#13557=AXIS2_PLACEMENT_3D('',#20307,#16418,#16419);
#13558=AXIS2_PLACEMENT_3D('',#20309,#16421,#16422);
#13559=AXIS2_PLACEMENT_3D('',#20311,#16424,#16425);
#13560=AXIS2_PLACEMENT_3D('',#20312,#16426,#16427);
#13561=AXIS2_PLACEMENT_3D('',#20315,#16430,#16431);
#13562=AXIS2_PLACEMENT_3D('',#20317,#16433,#16434);
#13563=AXIS2_PLACEMENT_3D('',#20319,#16436,#16437);
#13564=AXIS2_PLACEMENT_3D('',#20321,#16439,#16440);
#13565=AXIS2_PLACEMENT_3D('',#20323,#16442,#16443);
#13566=AXIS2_PLACEMENT_3D('',#20324,#16444,#16445);
#13567=AXIS2_PLACEMENT_3D('',#20326,#16447,#16448);
#13568=AXIS2_PLACEMENT_3D('',#20328,#16450,#16451);
#13569=AXIS2_PLACEMENT_3D('',#20331,#16454,#16455);
#13570=AXIS2_PLACEMENT_3D('',#20333,#16457,#16458);
#13571=AXIS2_PLACEMENT_3D('',#20335,#16460,#16461);
#13572=AXIS2_PLACEMENT_3D('',#20336,#16462,#16463);
#13573=AXIS2_PLACEMENT_3D('',#20339,#16466,#16467);
#13574=AXIS2_PLACEMENT_3D('',#20341,#16469,#16470);
#13575=AXIS2_PLACEMENT_3D('',#20343,#16472,#16473);
#13576=AXIS2_PLACEMENT_3D('',#20344,#16474,#16475);
#13577=AXIS2_PLACEMENT_3D('',#20346,#16477,#16478);
#13578=AXIS2_PLACEMENT_3D('',#20348,#16480,#16481);
#13579=AXIS2_PLACEMENT_3D('',#20351,#16484,#16485);
#13580=AXIS2_PLACEMENT_3D('',#20353,#16487,#16488);
#13581=AXIS2_PLACEMENT_3D('',#20355,#16490,#16491);
#13582=AXIS2_PLACEMENT_3D('',#20356,#16492,#16493);
#13583=AXIS2_PLACEMENT_3D('',#20359,#16496,#16497);
#13584=AXIS2_PLACEMENT_3D('',#20361,#16499,#16500);
#13585=AXIS2_PLACEMENT_3D('',#20363,#16502,#16503);
#13586=AXIS2_PLACEMENT_3D('',#20364,#16504,#16505);
#13587=AXIS2_PLACEMENT_3D('',#20367,#16508,#16509);
#13588=AXIS2_PLACEMENT_3D('',#20369,#16511,#16512);
#13589=AXIS2_PLACEMENT_3D('',#20371,#16514,#16515);
#13590=AXIS2_PLACEMENT_3D('',#20373,#16517,#16518);
#13591=AXIS2_PLACEMENT_3D('',#20375,#16520,#16521);
#13592=AXIS2_PLACEMENT_3D('',#20376,#16522,#16523);
#13593=AXIS2_PLACEMENT_3D('',#20377,#16524,#16525);
#13594=AXIS2_PLACEMENT_3D('',#20378,#16526,#16527);
#13595=AXIS2_PLACEMENT_3D('',#20379,#16528,#16529);
#13596=AXIS2_PLACEMENT_3D('',#20380,#16530,#16531);
#13597=AXIS2_PLACEMENT_3D('',#20385,#16533,#16534);
#13598=AXIS2_PLACEMENT_3D('',#20389,#16536,#16537);
#13599=AXIS2_PLACEMENT_3D('',#20393,#16539,#16540);
#13600=AXIS2_PLACEMENT_3D('',#20396,#16542,#16543);
#13601=AXIS2_PLACEMENT_3D('',#20397,#16544,#16545);
#13602=AXIS2_PLACEMENT_3D('',#20401,#16547,#16548);
#13603=AXIS2_PLACEMENT_3D('',#20403,#16550,#16551);
#13604=AXIS2_PLACEMENT_3D('',#20407,#16554,#16555);
#13605=AXIS2_PLACEMENT_3D('',#20410,#16557,#16558);
#13606=AXIS2_PLACEMENT_3D('',#20411,#16559,#16560);
#13607=AXIS2_PLACEMENT_3D('',#20447,#16579,#16580);
#13608=AXIS2_PLACEMENT_3D('',#20449,#16581,#16582);
#13609=AXIS2_PLACEMENT_3D('',#20452,#16584,#16585);
#13610=AXIS2_PLACEMENT_3D('',#20453,#16586,#16587);
#13611=AXIS2_PLACEMENT_3D('',#20454,#16588,#16589);
#13612=AXIS2_PLACEMENT_3D('',#20456,#16590,#16591);
#13613=AXIS2_PLACEMENT_3D('',#20459,#16593,#16594);
#13614=AXIS2_PLACEMENT_3D('',#20460,#16595,#16596);
#13615=AXIS2_PLACEMENT_3D('',#20461,#16597,#16598);
#13616=AXIS2_PLACEMENT_3D('',#20467,#16602,#16603);
#13617=AXIS2_PLACEMENT_3D('',#20471,#16606,#16607);
#13618=AXIS2_PLACEMENT_3D('',#20475,#16610,#16611);
#13619=AXIS2_PLACEMENT_3D('',#20477,#16613,#16614);
#13620=AXIS2_PLACEMENT_3D('',#20483,#16618,#16619);
#13621=AXIS2_PLACEMENT_3D('',#20487,#16622,#16623);
#13622=AXIS2_PLACEMENT_3D('',#20491,#16626,#16627);
#13623=AXIS2_PLACEMENT_3D('',#20493,#16629,#16630);
#13624=AXIS2_PLACEMENT_3D('',#20499,#16634,#16635);
#13625=AXIS2_PLACEMENT_3D('',#20503,#16638,#16639);
#13626=AXIS2_PLACEMENT_3D('',#20507,#16642,#16643);
#13627=AXIS2_PLACEMENT_3D('',#20509,#16645,#16646);
#13628=AXIS2_PLACEMENT_3D('',#20515,#16650,#16651);
#13629=AXIS2_PLACEMENT_3D('',#20519,#16654,#16655);
#13630=AXIS2_PLACEMENT_3D('',#20523,#16658,#16659);
#13631=AXIS2_PLACEMENT_3D('',#20525,#16661,#16662);
#13632=AXIS2_PLACEMENT_3D('',#20534,#16667,#16668);
#13633=AXIS2_PLACEMENT_3D('',#20540,#16672,#16673);
#13634=AXIS2_PLACEMENT_3D('',#20546,#16677,#16678);
#13635=AXIS2_PLACEMENT_3D('',#20549,#16681,#16682);
#13636=AXIS2_PLACEMENT_3D('',#20558,#16687,#16688);
#13637=AXIS2_PLACEMENT_3D('',#20564,#16692,#16693);
#13638=AXIS2_PLACEMENT_3D('',#20570,#16697,#16698);
#13639=AXIS2_PLACEMENT_3D('',#20573,#16701,#16702);
#13640=AXIS2_PLACEMENT_3D('',#20574,#16703,#16704);
#13641=AXIS2_PLACEMENT_3D('',#20583,#16709,#16710);
#13642=AXIS2_PLACEMENT_3D('',#20589,#16714,#16715);
#13643=AXIS2_PLACEMENT_3D('',#20595,#16719,#16720);
#13644=AXIS2_PLACEMENT_3D('',#20598,#16723,#16724);
#13645=AXIS2_PLACEMENT_3D('',#20607,#16729,#16730);
#13646=AXIS2_PLACEMENT_3D('',#20613,#16734,#16735);
#13647=AXIS2_PLACEMENT_3D('',#20619,#16739,#16740);
#13648=AXIS2_PLACEMENT_3D('',#20622,#16743,#16744);
#13649=AXIS2_PLACEMENT_3D('',#20631,#16749,#16750);
#13650=AXIS2_PLACEMENT_3D('',#20637,#16754,#16755);
#13651=AXIS2_PLACEMENT_3D('',#20643,#16759,#16760);
#13652=AXIS2_PLACEMENT_3D('',#20646,#16763,#16764);
#13653=AXIS2_PLACEMENT_3D('',#20655,#16769,#16770);
#13654=AXIS2_PLACEMENT_3D('',#20661,#16774,#16775);
#13655=AXIS2_PLACEMENT_3D('',#20667,#16779,#16780);
#13656=AXIS2_PLACEMENT_3D('',#20670,#16783,#16784);
#13657=AXIS2_PLACEMENT_3D('',#20679,#16789,#16790);
#13658=AXIS2_PLACEMENT_3D('',#20685,#16794,#16795);
#13659=AXIS2_PLACEMENT_3D('',#20691,#16799,#16800);
#13660=AXIS2_PLACEMENT_3D('',#20694,#16803,#16804);
#13661=AXIS2_PLACEMENT_3D('',#20703,#16809,#16810);
#13662=AXIS2_PLACEMENT_3D('',#20709,#16814,#16815);
#13663=AXIS2_PLACEMENT_3D('',#20715,#16819,#16820);
#13664=AXIS2_PLACEMENT_3D('',#20718,#16823,#16824);
#13665=AXIS2_PLACEMENT_3D('',#20727,#16829,#16830);
#13666=AXIS2_PLACEMENT_3D('',#20733,#16834,#16835);
#13667=AXIS2_PLACEMENT_3D('',#20739,#16839,#16840);
#13668=AXIS2_PLACEMENT_3D('',#20742,#16843,#16844);
#13669=AXIS2_PLACEMENT_3D('',#20751,#16849,#16850);
#13670=AXIS2_PLACEMENT_3D('',#20757,#16854,#16855);
#13671=AXIS2_PLACEMENT_3D('',#20763,#16859,#16860);
#13672=AXIS2_PLACEMENT_3D('',#20766,#16863,#16864);
#13673=AXIS2_PLACEMENT_3D('',#20775,#16869,#16870);
#13674=AXIS2_PLACEMENT_3D('',#20781,#16874,#16875);
#13675=AXIS2_PLACEMENT_3D('',#20787,#16879,#16880);
#13676=AXIS2_PLACEMENT_3D('',#20790,#16883,#16884);
#13677=AXIS2_PLACEMENT_3D('',#20799,#16889,#16890);
#13678=AXIS2_PLACEMENT_3D('',#20805,#16894,#16895);
#13679=AXIS2_PLACEMENT_3D('',#20811,#16899,#16900);
#13680=AXIS2_PLACEMENT_3D('',#20814,#16903,#16904);
#13681=AXIS2_PLACEMENT_3D('',#20823,#16909,#16910);
#13682=AXIS2_PLACEMENT_3D('',#20829,#16914,#16915);
#13683=AXIS2_PLACEMENT_3D('',#20835,#16919,#16920);
#13684=AXIS2_PLACEMENT_3D('',#20838,#16923,#16924);
#13685=AXIS2_PLACEMENT_3D('',#20847,#16929,#16930);
#13686=AXIS2_PLACEMENT_3D('',#20853,#16934,#16935);
#13687=AXIS2_PLACEMENT_3D('',#20859,#16939,#16940);
#13688=AXIS2_PLACEMENT_3D('',#20862,#16943,#16944);
#13689=AXIS2_PLACEMENT_3D('',#20871,#16949,#16950);
#13690=AXIS2_PLACEMENT_3D('',#20873,#16951,#16952);
#13691=AXIS2_PLACEMENT_3D('',#20876,#16954,#16955);
#13692=AXIS2_PLACEMENT_3D('',#20877,#16956,#16957);
#13693=AXIS2_PLACEMENT_3D('',#20883,#16961,#16962);
#13694=AXIS2_PLACEMENT_3D('',#20885,#16963,#16964);
#13695=AXIS2_PLACEMENT_3D('',#20888,#16966,#16967);
#13696=AXIS2_PLACEMENT_3D('',#20889,#16968,#16969);
#13697=AXIS2_PLACEMENT_3D('',#20895,#16973,#16974);
#13698=AXIS2_PLACEMENT_3D('',#20897,#16975,#16976);
#13699=AXIS2_PLACEMENT_3D('',#20900,#16978,#16979);
#13700=AXIS2_PLACEMENT_3D('',#20901,#16980,#16981);
#13701=AXIS2_PLACEMENT_3D('',#20907,#16985,#16986);
#13702=AXIS2_PLACEMENT_3D('',#20908,#16987,#16988);
#13703=AXIS2_PLACEMENT_3D('',#20909,#16989,#16990);
#13704=AXIS2_PLACEMENT_3D('',#20910,#16991,#16992);
#13705=AXIS2_PLACEMENT_3D('',#20913,#16993,#16994);
#13706=AXIS2_PLACEMENT_3D('',#20917,#16996,#16997);
#13707=AXIS2_PLACEMENT_3D('',#20921,#16999,#17000);
#13708=AXIS2_PLACEMENT_3D('',#20925,#17002,#17003);
#13709=AXIS2_PLACEMENT_3D('',#20927,#17005,#17006);
#13710=AXIS2_PLACEMENT_3D('',#20933,#17010,#17011);
#13711=AXIS2_PLACEMENT_3D('',#20936,#17013,#17014);
#13712=AXIS2_PLACEMENT_3D('',#20937,#17015,#17016);
#13713=AXIS2_PLACEMENT_3D('',#20941,#17019,#17020);
#13714=AXIS2_PLACEMENT_3D('',#20944,#17022,#17023);
#13715=AXIS2_PLACEMENT_3D('',#20945,#17024,#17025);
#13716=AXIS2_PLACEMENT_3D('',#20947,#17026,#17027);
#13717=AXIS2_PLACEMENT_3D('',#20951,#17029,#17030);
#13718=AXIS2_PLACEMENT_3D('',#20959,#17034,#17035);
#13719=AXIS2_PLACEMENT_3D('',#20963,#17037,#17038);
#13720=AXIS2_PLACEMENT_3D('',#20967,#17040,#17041);
#13721=AXIS2_PLACEMENT_3D('',#20971,#17043,#17044);
#13722=AXIS2_PLACEMENT_3D('',#20977,#17048,#17049);
#13723=AXIS2_PLACEMENT_3D('',#20993,#17058,#17059);
#13724=AXIS2_PLACEMENT_3D('',#20997,#17062,#17063);
#13725=AXIS2_PLACEMENT_3D('',#21000,#17065,#17066);
#13726=AXIS2_PLACEMENT_3D('',#21001,#17067,#17068);
#13727=AXIS2_PLACEMENT_3D('',#21005,#17071,#17072);
#13728=AXIS2_PLACEMENT_3D('',#21006,#17073,#17074);
#13729=AXIS2_PLACEMENT_3D('',#21007,#17075,#17076);
#13730=AXIS2_PLACEMENT_3D('',#21011,#17079,#17080);
#13731=AXIS2_PLACEMENT_3D('',#21017,#17084,#17085);
#13732=AXIS2_PLACEMENT_3D('',#21028,#17092,#17093);
#13733=AXIS2_PLACEMENT_3D('',#21031,#17096,#17097);
#13734=AXIS2_PLACEMENT_3D('',#21032,#17098,#17099);
#13735=AXIS2_PLACEMENT_3D('',#21034,#17101,#17102);
#13736=AXIS2_PLACEMENT_3D('',#21035,#17103,#17104);
#13737=AXIS2_PLACEMENT_3D('',#21039,#17107,#17108);
#13738=AXIS2_PLACEMENT_3D('',#21043,#17111,#17112);
#13739=AXIS2_PLACEMENT_3D('',#21052,#17117,#17118);
#13740=AXIS2_PLACEMENT_3D('',#21061,#17123,#17124);
#13741=AXIS2_PLACEMENT_3D('',#21072,#17131,#17132);
#13742=AXIS2_PLACEMENT_3D('',#21083,#17139,#17140);
#13743=AXIS2_PLACEMENT_3D('',#21086,#17143,#17144);
#13744=AXIS2_PLACEMENT_3D('',#21087,#17145,#17146);
#13745=AXIS2_PLACEMENT_3D('',#21089,#17148,#17149);
#13746=AXIS2_PLACEMENT_3D('',#21090,#17150,#17151);
#13747=AXIS2_PLACEMENT_3D('',#21097,#17156,#17157);
#13748=AXIS2_PLACEMENT_3D('',#21099,#17158,#17159);
#13749=AXIS2_PLACEMENT_3D('',#21101,#17161,#17162);
#13750=AXIS2_PLACEMENT_3D('',#21105,#17165,#17166);
#13751=AXIS2_PLACEMENT_3D('',#21106,#17167,#17168);
#13752=AXIS2_PLACEMENT_3D('',#21107,#17169,#17170);
#13753=AXIS2_PLACEMENT_3D('',#21109,#17171,#17172);
#13754=AXIS2_PLACEMENT_3D('',#21111,#17174,#17175);
#13755=AXIS2_PLACEMENT_3D('',#21115,#17178,#17179);
#13756=AXIS2_PLACEMENT_3D('',#21116,#17180,#17181);
#13757=AXIS2_PLACEMENT_3D('',#21117,#17182,#17183);
#13758=AXIS2_PLACEMENT_3D('',#21119,#17185,#17186);
#13759=AXIS2_PLACEMENT_3D('',#21121,#17188,#17189);
#13760=AXIS2_PLACEMENT_3D('',#21123,#17191,#17192);
#13761=AXIS2_PLACEMENT_3D('',#21124,#17193,#17194);
#13762=AXIS2_PLACEMENT_3D('',#21125,#17195,#17196);
#13763=DIRECTION('axis',(0.,0.,1.));
#13764=DIRECTION('refdir',(1.,0.,0.));
#13765=DIRECTION('axis',(0.,0.,1.));
#13766=DIRECTION('refdir',(1.,0.,0.));
#13767=DIRECTION('axis',(0.,0.,1.));
#13768=DIRECTION('refdir',(1.,0.,0.));
#13769=DIRECTION('center_axis',(0.707106781186548,-0.707106781186548,0.));
#13770=DIRECTION('ref_axis',(0.,0.,1.));
#13771=DIRECTION('',(0.,0.,-1.));
#13772=DIRECTION('',(-0.707106781186548,-0.707106781186548,0.));
#13773=DIRECTION('',(0.,0.,1.));
#13774=DIRECTION('',(-0.577350269189626,-0.577350269189626,-0.577350269189626));
#13775=DIRECTION('',(0.707106781186548,0.707106781186548,0.));
#13776=DIRECTION('center_axis',(-0.707106781186548,-0.707106781186548,0.));
#13777=DIRECTION('ref_axis',(0.,0.,-1.));
#13778=DIRECTION('',(0.,0.,-1.));
#13779=DIRECTION('',(0.707106781186548,-0.707106781186548,0.));
#13780=DIRECTION('',(0.,0.,1.));
#13781=DIRECTION('',(0.707106781186548,-0.707106781186548,0.));
#13782=DIRECTION('',(-0.577350269189626,0.577350269189626,0.577350269189626));
#13783=DIRECTION('center_axis',(-1.,0.,0.));
#13784=DIRECTION('ref_axis',(0.,0.,1.));
#13785=DIRECTION('',(0.,0.,-1.));
#13786=DIRECTION('',(0.,-1.,0.));
#13787=DIRECTION('',(0.,0.,1.));
#13788=DIRECTION('',(0.,-1.,0.));
#13789=DIRECTION('',(0.,0.,-1.));
#13790=DIRECTION('',(0.,-1.,0.));
#13791=DIRECTION('',(0.,-1.,0.));
#13792=DIRECTION('center_axis',(0.,0.,1.));
#13793=DIRECTION('ref_axis',(1.,0.,0.));
#13794=DIRECTION('',(1.,0.,0.));
#13795=DIRECTION('',(-1.,0.,0.));
#13796=DIRECTION('',(0.,-1.,0.));
#13797=DIRECTION('center_axis',(1.,0.,0.));
#13798=DIRECTION('ref_axis',(0.,0.,-1.));
#13799=DIRECTION('',(0.,0.,-1.));
#13800=DIRECTION('',(0.,-1.,0.));
#13801=DIRECTION('',(0.,0.,-1.));
#13802=DIRECTION('',(0.,-1.,0.));
#13803=DIRECTION('',(0.,0.,1.));
#13804=DIRECTION('',(0.,-1.,0.));
#13805=DIRECTION('center_axis',(0.,0.,-1.));
#13806=DIRECTION('ref_axis',(-1.,0.,0.));
#13807=DIRECTION('',(-0.707106781186548,0.707106781186548,0.));
#13808=DIRECTION('',(-1.,0.,0.));
#13809=DIRECTION('',(-0.707106781186548,-0.707106781186548,0.));
#13810=DIRECTION('',(1.,0.,0.));
#13811=DIRECTION('center_axis',(0.,-1.,0.));
#13812=DIRECTION('ref_axis',(0.,0.,-1.));
#13813=DIRECTION('',(0.,0.,-1.));
#13814=DIRECTION('',(-1.,0.,0.));
#13815=DIRECTION('',(0.,0.,1.));
#13816=DIRECTION('',(1.,0.,0.));
#13817=DIRECTION('',(0.,0.,-1.));
#13818=DIRECTION('',(1.,0.,0.));
#13819=DIRECTION('',(0.,0.,-1.));
#13820=DIRECTION('',(1.,0.,0.));
#13821=DIRECTION('',(-1.,0.,0.));
#13822=DIRECTION('',(-1.,0.,0.));
#13823=DIRECTION('center_axis',(0.,-1.,0.));
#13824=DIRECTION('ref_axis',(0.,0.,-1.));
#13825=DIRECTION('center_axis',(0.707106781186548,-0.707106781186548,0.));
#13826=DIRECTION('ref_axis',(0.,0.,1.));
#13827=DIRECTION('',(-0.707106781186548,-0.707106781186548,0.));
#13828=DIRECTION('',(0.577350269189626,0.577350269189626,-0.577350269189626));
#13829=DIRECTION('center_axis',(-0.707106781186548,-0.707106781186548,0.));
#13830=DIRECTION('ref_axis',(0.,0.,-1.));
#13831=DIRECTION('',(0.707106781186548,-0.707106781186548,0.));
#13832=DIRECTION('',(0.577350269189626,-0.577350269189626,0.577350269189626));
#13833=DIRECTION('center_axis',(0.,-0.707106781186548,-0.707106781186548));
#13834=DIRECTION('ref_axis',(1.,0.,0.));
#13835=DIRECTION('center_axis',(0.,-0.707106781186548,0.707106781186548));
#13836=DIRECTION('ref_axis',(-1.,0.,0.));
#13837=DIRECTION('center_axis',(1.,0.,0.));
#13838=DIRECTION('ref_axis',(0.,0.,-1.));
#13839=DIRECTION('',(0.,-1.,0.));
#13840=DIRECTION('',(0.,-1.,0.));
#13841=DIRECTION('',(0.,0.,-1.));
#13842=DIRECTION('center_axis',(0.,1.,0.));
#13843=DIRECTION('ref_axis',(0.,0.,1.));
#13844=DIRECTION('',(1.,0.,0.));
#13845=DIRECTION('',(0.,0.,-1.));
#13846=DIRECTION('',(1.,0.,0.));
#13847=DIRECTION('center_axis',(-1.,0.,0.));
#13848=DIRECTION('ref_axis',(0.,0.,1.));
#13849=DIRECTION('',(0.,1.,0.));
#13850=DIRECTION('',(0.,0.,-1.));
#13851=DIRECTION('',(0.,1.,0.));
#13852=DIRECTION('center_axis',(-0.707106781186548,-0.707106781186548,0.));
#13853=DIRECTION('ref_axis',(0.707106781186548,-0.707106781186548,0.));
#13854=DIRECTION('',(-0.707106781186548,0.707106781186548,0.));
#13855=DIRECTION('',(0.,0.,-1.));
#13856=DIRECTION('',(-0.707106781186548,0.707106781186548,0.));
#13857=DIRECTION('center_axis',(0.,-1.,0.));
#13858=DIRECTION('ref_axis',(0.,0.,-1.));
#13859=DIRECTION('',(-1.,0.,0.));
#13860=DIRECTION('',(-1.,0.,0.));
#13861=DIRECTION('center_axis',(0.,0.,1.));
#13862=DIRECTION('ref_axis',(1.,0.,0.));
#13863=DIRECTION('center_axis',(0.,0.,1.));
#13864=DIRECTION('ref_axis',(1.,0.,0.));
#13865=DIRECTION('center_axis',(1.,0.,0.));
#13866=DIRECTION('ref_axis',(0.,0.,-1.));
#13867=DIRECTION('',(0.,-1.,0.));
#13868=DIRECTION('',(0.,0.,-1.));
#13869=DIRECTION('',(0.,-1.,0.));
#13870=DIRECTION('center_axis',(0.,1.,0.));
#13871=DIRECTION('ref_axis',(0.,0.,1.));
#13872=DIRECTION('',(1.,0.,0.));
#13873=DIRECTION('',(0.,0.,-1.));
#13874=DIRECTION('',(1.,0.,0.));
#13875=DIRECTION('center_axis',(-0.707106781186548,0.707106781186548,0.));
#13876=DIRECTION('ref_axis',(-0.707106781186548,-0.707106781186548,0.));
#13877=DIRECTION('',(0.707106781186548,0.707106781186548,0.));
#13878=DIRECTION('',(0.,0.,-1.));
#13879=DIRECTION('',(0.707106781186548,0.707106781186548,0.));
#13880=DIRECTION('center_axis',(-1.,0.,0.));
#13881=DIRECTION('ref_axis',(0.,0.,1.));
#13882=DIRECTION('',(0.,1.,0.));
#13883=DIRECTION('',(0.,0.,-1.));
#13884=DIRECTION('',(0.,1.,0.));
#13885=DIRECTION('center_axis',(0.,-1.,0.));
#13886=DIRECTION('ref_axis',(0.,0.,-1.));
#13887=DIRECTION('',(-1.,0.,0.));
#13888=DIRECTION('',(-1.,0.,0.));
#13889=DIRECTION('center_axis',(0.,0.,1.));
#13890=DIRECTION('ref_axis',(-1.,0.,0.));
#13891=DIRECTION('center_axis',(0.,0.,1.));
#13892=DIRECTION('ref_axis',(-1.,0.,0.));
#13893=DIRECTION('center_axis',(0.,0.,1.));
#13894=DIRECTION('ref_axis',(1.,0.,0.));
#13895=DIRECTION('center_axis',(0.,0.,-1.));
#13896=DIRECTION('ref_axis',(-1.,0.,0.));
#13897=DIRECTION('',(0.,0.,1.));
#13898=DIRECTION('center_axis',(0.,0.,-1.));
#13899=DIRECTION('ref_axis',(-1.,0.,0.));
#13900=DIRECTION('',(0.,0.,1.));
#13901=DIRECTION('center_axis',(-1.,1.244625060509E-16,0.));
#13902=DIRECTION('ref_axis',(-1.244625060509E-16,-1.,0.));
#13903=DIRECTION('',(-1.244625060509E-16,-1.,0.));
#13904=DIRECTION('',(0.,0.,1.));
#13905=DIRECTION('',(-1.244625060509E-16,-1.,0.));
#13906=DIRECTION('center_axis',(0.,0.,1.));
#13907=DIRECTION('ref_axis',(1.,0.,0.));
#13908=DIRECTION('center_axis',(0.,0.,-1.));
#13909=DIRECTION('ref_axis',(-1.,0.,0.));
#13910=DIRECTION('',(0.,0.,1.));
#13911=DIRECTION('center_axis',(0.,0.,-1.));
#13912=DIRECTION('ref_axis',(-1.,0.,0.));
#13913=DIRECTION('center_axis',(1.,-1.244625060509E-16,0.));
#13914=DIRECTION('ref_axis',(1.244625060509E-16,1.,0.));
#13915=DIRECTION('',(1.244625060509E-16,1.,0.));
#13916=DIRECTION('',(1.244625060509E-16,1.,0.));
#13917=DIRECTION('center_axis',(0.,0.,-1.));
#13918=DIRECTION('ref_axis',(-1.,0.,0.));
#13919=DIRECTION('center_axis',(0.,0.,-1.));
#13920=DIRECTION('ref_axis',(-1.,0.,0.));
#13921=DIRECTION('center_axis',(0.,0.,1.));
#13922=DIRECTION('ref_axis',(1.,0.,0.));
#13923=DIRECTION('center_axis',(0.,0.,-1.));
#13924=DIRECTION('ref_axis',(-1.,0.,0.));
#13925=DIRECTION('',(0.,0.,1.));
#13926=DIRECTION('center_axis',(0.,0.,-1.));
#13927=DIRECTION('ref_axis',(-1.,0.,0.));
#13928=DIRECTION('',(0.,0.,1.));
#13929=DIRECTION('center_axis',(-1.,1.244625060509E-16,0.));
#13930=DIRECTION('ref_axis',(-1.244625060509E-16,-1.,0.));
#13931=DIRECTION('',(-1.244625060509E-16,-1.,0.));
#13932=DIRECTION('',(0.,0.,1.));
#13933=DIRECTION('',(-1.244625060509E-16,-1.,0.));
#13934=DIRECTION('center_axis',(0.,0.,1.));
#13935=DIRECTION('ref_axis',(1.,0.,0.));
#13936=DIRECTION('center_axis',(0.,0.,-1.));
#13937=DIRECTION('ref_axis',(-1.,0.,0.));
#13938=DIRECTION('',(0.,0.,1.));
#13939=DIRECTION('center_axis',(0.,0.,-1.));
#13940=DIRECTION('ref_axis',(-1.,0.,0.));
#13941=DIRECTION('center_axis',(1.,-1.244625060509E-16,0.));
#13942=DIRECTION('ref_axis',(1.244625060509E-16,1.,0.));
#13943=DIRECTION('',(1.244625060509E-16,1.,0.));
#13944=DIRECTION('',(1.244625060509E-16,1.,0.));
#13945=DIRECTION('center_axis',(0.,0.,-1.));
#13946=DIRECTION('ref_axis',(-1.,0.,0.));
#13947=DIRECTION('center_axis',(0.,0.,-1.));
#13948=DIRECTION('ref_axis',(-1.,0.,0.));
#13949=DIRECTION('center_axis',(0.,0.,1.));
#13950=DIRECTION('ref_axis',(1.,0.,0.));
#13951=DIRECTION('center_axis',(0.,0.,-1.));
#13952=DIRECTION('ref_axis',(-1.,0.,0.));
#13953=DIRECTION('',(0.,0.,1.));
#13954=DIRECTION('center_axis',(0.,0.,-1.));
#13955=DIRECTION('ref_axis',(-1.,0.,0.));
#13956=DIRECTION('',(0.,0.,1.));
#13957=DIRECTION('center_axis',(-1.,1.244625060509E-16,0.));
#13958=DIRECTION('ref_axis',(-1.244625060509E-16,-1.,0.));
#13959=DIRECTION('',(-1.244625060509E-16,-1.,0.));
#13960=DIRECTION('',(0.,0.,1.));
#13961=DIRECTION('',(-1.244625060509E-16,-1.,0.));
#13962=DIRECTION('center_axis',(0.,0.,1.));
#13963=DIRECTION('ref_axis',(1.,0.,0.));
#13964=DIRECTION('center_axis',(0.,0.,-1.));
#13965=DIRECTION('ref_axis',(-1.,0.,0.));
#13966=DIRECTION('',(0.,0.,1.));
#13967=DIRECTION('center_axis',(0.,0.,-1.));
#13968=DIRECTION('ref_axis',(-1.,0.,0.));
#13969=DIRECTION('center_axis',(1.,-1.244625060509E-16,0.));
#13970=DIRECTION('ref_axis',(1.244625060509E-16,1.,0.));
#13971=DIRECTION('',(1.244625060509E-16,1.,0.));
#13972=DIRECTION('',(1.244625060509E-16,1.,0.));
#13973=DIRECTION('center_axis',(0.,0.,-1.));
#13974=DIRECTION('ref_axis',(-1.,0.,0.));
#13975=DIRECTION('center_axis',(0.,0.,-1.));
#13976=DIRECTION('ref_axis',(-1.,0.,0.));
#13977=DIRECTION('center_axis',(0.,0.,1.));
#13978=DIRECTION('ref_axis',(1.,0.,0.));
#13979=DIRECTION('center_axis',(0.,0.,-1.));
#13980=DIRECTION('ref_axis',(-1.,0.,0.));
#13981=DIRECTION('',(0.,0.,1.));
#13982=DIRECTION('center_axis',(0.,0.,-1.));
#13983=DIRECTION('ref_axis',(-1.,0.,0.));
#13984=DIRECTION('',(0.,0.,1.));
#13985=DIRECTION('center_axis',(-1.,1.244625060509E-16,0.));
#13986=DIRECTION('ref_axis',(-1.244625060509E-16,-1.,0.));
#13987=DIRECTION('',(-1.244625060509E-16,-1.,0.));
#13988=DIRECTION('',(0.,0.,1.));
#13989=DIRECTION('',(-1.244625060509E-16,-1.,0.));
#13990=DIRECTION('center_axis',(0.,0.,1.));
#13991=DIRECTION('ref_axis',(1.,0.,0.));
#13992=DIRECTION('center_axis',(0.,0.,-1.));
#13993=DIRECTION('ref_axis',(-1.,0.,0.));
#13994=DIRECTION('',(0.,0.,1.));
#13995=DIRECTION('center_axis',(0.,0.,-1.));
#13996=DIRECTION('ref_axis',(-1.,0.,0.));
#13997=DIRECTION('center_axis',(1.,-1.244625060509E-16,0.));
#13998=DIRECTION('ref_axis',(1.244625060509E-16,1.,0.));
#13999=DIRECTION('',(1.244625060509E-16,1.,0.));
#14000=DIRECTION('',(1.244625060509E-16,1.,0.));
#14001=DIRECTION('center_axis',(0.,0.,-1.));
#14002=DIRECTION('ref_axis',(-1.,0.,0.));
#14003=DIRECTION('center_axis',(0.,0.,-1.));
#14004=DIRECTION('ref_axis',(-1.,0.,0.));
#14005=DIRECTION('center_axis',(0.,0.,1.));
#14006=DIRECTION('ref_axis',(1.,0.,0.));
#14007=DIRECTION('center_axis',(0.,0.,-1.));
#14008=DIRECTION('ref_axis',(-1.,0.,0.));
#14009=DIRECTION('',(0.,0.,1.));
#14010=DIRECTION('center_axis',(0.,0.,-1.));
#14011=DIRECTION('ref_axis',(-1.,0.,0.));
#14012=DIRECTION('',(0.,0.,1.));
#14013=DIRECTION('center_axis',(-1.,1.244625060509E-16,0.));
#14014=DIRECTION('ref_axis',(-1.244625060509E-16,-1.,0.));
#14015=DIRECTION('',(-1.244625060509E-16,-1.,0.));
#14016=DIRECTION('',(0.,0.,1.));
#14017=DIRECTION('',(-1.244625060509E-16,-1.,0.));
#14018=DIRECTION('center_axis',(0.,0.,1.));
#14019=DIRECTION('ref_axis',(1.,0.,0.));
#14020=DIRECTION('center_axis',(0.,0.,-1.));
#14021=DIRECTION('ref_axis',(-1.,0.,0.));
#14022=DIRECTION('',(0.,0.,1.));
#14023=DIRECTION('center_axis',(0.,0.,-1.));
#14024=DIRECTION('ref_axis',(-1.,0.,0.));
#14025=DIRECTION('center_axis',(1.,-1.244625060509E-16,0.));
#14026=DIRECTION('ref_axis',(1.244625060509E-16,1.,0.));
#14027=DIRECTION('',(1.244625060509E-16,1.,0.));
#14028=DIRECTION('',(1.244625060509E-16,1.,0.));
#14029=DIRECTION('center_axis',(0.,0.,-1.));
#14030=DIRECTION('ref_axis',(-1.,0.,0.));
#14031=DIRECTION('center_axis',(0.,0.,-1.));
#14032=DIRECTION('ref_axis',(-1.,0.,0.));
#14033=DIRECTION('center_axis',(0.,0.,1.));
#14034=DIRECTION('ref_axis',(1.,0.,0.));
#14035=DIRECTION('center_axis',(0.,0.,-1.));
#14036=DIRECTION('ref_axis',(-1.,0.,0.));
#14037=DIRECTION('',(0.,0.,1.));
#14038=DIRECTION('center_axis',(0.,0.,-1.));
#14039=DIRECTION('ref_axis',(-1.,0.,0.));
#14040=DIRECTION('',(0.,0.,1.));
#14041=DIRECTION('center_axis',(-1.,1.244625060509E-16,0.));
#14042=DIRECTION('ref_axis',(-1.244625060509E-16,-1.,0.));
#14043=DIRECTION('',(-1.244625060509E-16,-1.,0.));
#14044=DIRECTION('',(0.,0.,1.));
#14045=DIRECTION('',(-1.244625060509E-16,-1.,0.));
#14046=DIRECTION('center_axis',(0.,0.,1.));
#14047=DIRECTION('ref_axis',(1.,0.,0.));
#14048=DIRECTION('center_axis',(0.,0.,-1.));
#14049=DIRECTION('ref_axis',(-1.,0.,0.));
#14050=DIRECTION('',(0.,0.,1.));
#14051=DIRECTION('center_axis',(0.,0.,-1.));
#14052=DIRECTION('ref_axis',(-1.,0.,0.));
#14053=DIRECTION('center_axis',(1.,-1.244625060509E-16,0.));
#14054=DIRECTION('ref_axis',(1.244625060509E-16,1.,0.));
#14055=DIRECTION('',(1.244625060509E-16,1.,0.));
#14056=DIRECTION('',(1.244625060509E-16,1.,0.));
#14057=DIRECTION('center_axis',(0.,0.,-1.));
#14058=DIRECTION('ref_axis',(-1.,0.,0.));
#14059=DIRECTION('center_axis',(0.,0.,-1.));
#14060=DIRECTION('ref_axis',(-1.,0.,0.));
#14061=DIRECTION('center_axis',(0.,0.,1.));
#14062=DIRECTION('ref_axis',(1.,0.,0.));
#14063=DIRECTION('center_axis',(0.,0.,-1.));
#14064=DIRECTION('ref_axis',(-1.,0.,0.));
#14065=DIRECTION('',(0.,0.,1.));
#14066=DIRECTION('center_axis',(0.,0.,-1.));
#14067=DIRECTION('ref_axis',(-1.,0.,0.));
#14068=DIRECTION('',(0.,0.,1.));
#14069=DIRECTION('center_axis',(-1.,1.244625060509E-16,0.));
#14070=DIRECTION('ref_axis',(-1.244625060509E-16,-1.,0.));
#14071=DIRECTION('',(-1.244625060509E-16,-1.,0.));
#14072=DIRECTION('',(0.,0.,1.));
#14073=DIRECTION('',(-1.244625060509E-16,-1.,0.));
#14074=DIRECTION('center_axis',(0.,0.,1.));
#14075=DIRECTION('ref_axis',(1.,0.,0.));
#14076=DIRECTION('center_axis',(0.,0.,-1.));
#14077=DIRECTION('ref_axis',(-1.,0.,0.));
#14078=DIRECTION('',(0.,0.,1.));
#14079=DIRECTION('center_axis',(0.,0.,-1.));
#14080=DIRECTION('ref_axis',(-1.,0.,0.));
#14081=DIRECTION('center_axis',(1.,-1.244625060509E-16,0.));
#14082=DIRECTION('ref_axis',(1.244625060509E-16,1.,0.));
#14083=DIRECTION('',(1.244625060509E-16,1.,0.));
#14084=DIRECTION('',(1.244625060509E-16,1.,0.));
#14085=DIRECTION('center_axis',(0.,0.,-1.));
#14086=DIRECTION('ref_axis',(-1.,0.,0.));
#14087=DIRECTION('center_axis',(0.,0.,-1.));
#14088=DIRECTION('ref_axis',(-1.,0.,0.));
#14089=DIRECTION('center_axis',(0.,0.,1.));
#14090=DIRECTION('ref_axis',(1.,0.,0.));
#14091=DIRECTION('center_axis',(0.,0.,-1.));
#14092=DIRECTION('ref_axis',(-1.,0.,0.));
#14093=DIRECTION('',(0.,0.,1.));
#14094=DIRECTION('center_axis',(0.,0.,-1.));
#14095=DIRECTION('ref_axis',(-1.,0.,0.));
#14096=DIRECTION('',(0.,0.,1.));
#14097=DIRECTION('center_axis',(-1.,1.244625060509E-16,0.));
#14098=DIRECTION('ref_axis',(-1.244625060509E-16,-1.,0.));
#14099=DIRECTION('',(-1.244625060509E-16,-1.,0.));
#14100=DIRECTION('',(0.,0.,1.));
#14101=DIRECTION('',(-1.244625060509E-16,-1.,0.));
#14102=DIRECTION('center_axis',(0.,0.,1.));
#14103=DIRECTION('ref_axis',(1.,0.,0.));
#14104=DIRECTION('center_axis',(0.,0.,-1.));
#14105=DIRECTION('ref_axis',(-1.,0.,0.));
#14106=DIRECTION('',(0.,0.,1.));
#14107=DIRECTION('center_axis',(0.,0.,-1.));
#14108=DIRECTION('ref_axis',(-1.,0.,0.));
#14109=DIRECTION('center_axis',(1.,-1.244625060509E-16,0.));
#14110=DIRECTION('ref_axis',(1.244625060509E-16,1.,0.));
#14111=DIRECTION('',(1.244625060509E-16,1.,0.));
#14112=DIRECTION('',(1.244625060509E-16,1.,0.));
#14113=DIRECTION('center_axis',(0.,0.,-1.));
#14114=DIRECTION('ref_axis',(-1.,0.,0.));
#14115=DIRECTION('center_axis',(0.,0.,-1.));
#14116=DIRECTION('ref_axis',(-1.,0.,0.));
#14117=DIRECTION('center_axis',(0.,0.,1.));
#14118=DIRECTION('ref_axis',(1.,0.,0.));
#14119=DIRECTION('center_axis',(0.,0.,-1.));
#14120=DIRECTION('ref_axis',(-1.,0.,0.));
#14121=DIRECTION('',(0.,0.,1.));
#14122=DIRECTION('center_axis',(0.,0.,-1.));
#14123=DIRECTION('ref_axis',(-1.,0.,0.));
#14124=DIRECTION('',(0.,0.,1.));
#14125=DIRECTION('center_axis',(-1.,1.244625060509E-16,0.));
#14126=DIRECTION('ref_axis',(-1.244625060509E-16,-1.,0.));
#14127=DIRECTION('',(-1.244625060509E-16,-1.,0.));
#14128=DIRECTION('',(0.,0.,1.));
#14129=DIRECTION('',(-1.244625060509E-16,-1.,0.));
#14130=DIRECTION('center_axis',(0.,0.,1.));
#14131=DIRECTION('ref_axis',(1.,0.,0.));
#14132=DIRECTION('center_axis',(0.,0.,-1.));
#14133=DIRECTION('ref_axis',(-1.,0.,0.));
#14134=DIRECTION('',(0.,0.,1.));
#14135=DIRECTION('center_axis',(0.,0.,-1.));
#14136=DIRECTION('ref_axis',(-1.,0.,0.));
#14137=DIRECTION('center_axis',(1.,-1.244625060509E-16,0.));
#14138=DIRECTION('ref_axis',(1.244625060509E-16,1.,0.));
#14139=DIRECTION('',(1.244625060509E-16,1.,0.));
#14140=DIRECTION('',(1.244625060509E-16,1.,0.));
#14141=DIRECTION('center_axis',(0.,0.,-1.));
#14142=DIRECTION('ref_axis',(-1.,0.,0.));
#14143=DIRECTION('center_axis',(0.,0.,-1.));
#14144=DIRECTION('ref_axis',(-1.,0.,0.));
#14145=DIRECTION('center_axis',(0.,0.,-1.));
#14146=DIRECTION('ref_axis',(-1.,0.,0.));
#14147=DIRECTION('center_axis',(0.,0.,-1.));
#14148=DIRECTION('ref_axis',(-1.,0.,0.));
#14149=DIRECTION('',(-0.70710678118623,8.65956056235105E-17,0.707106781186865));
#14150=DIRECTION('center_axis',(0.,0.,1.));
#14151=DIRECTION('ref_axis',(-1.,0.,0.));
#14152=DIRECTION('center_axis',(0.,0.,-1.));
#14153=DIRECTION('ref_axis',(-1.,0.,0.));
#14154=DIRECTION('center_axis',(0.,0.,-1.));
#14155=DIRECTION('ref_axis',(1.,0.,0.));
#14156=DIRECTION('',(-0.70710678118623,8.65956056235105E-17,0.707106781186865));
#14157=DIRECTION('center_axis',(0.,0.,1.));
#14158=DIRECTION('ref_axis',(1.,0.,0.));
#14159=DIRECTION('center_axis',(0.,0.,-1.));
#14160=DIRECTION('ref_axis',(-1.,0.,0.));
#14161=DIRECTION('center_axis',(0.,0.,1.));
#14162=DIRECTION('ref_axis',(-1.,0.,0.));
#14163=DIRECTION('',(0.,0.,1.));
#14164=DIRECTION('center_axis',(0.,0.,1.));
#14165=DIRECTION('ref_axis',(-1.,0.,0.));
#14166=DIRECTION('center_axis',(0.,0.,1.));
#14167=DIRECTION('ref_axis',(-1.,0.,0.));
#14168=DIRECTION('center_axis',(0.,0.,-1.));
#14169=DIRECTION('ref_axis',(-1.,0.,0.));
#14170=DIRECTION('center_axis',(0.,0.,1.));
#14171=DIRECTION('ref_axis',(1.,0.,0.));
#14172=DIRECTION('',(0.,0.,1.));
#14173=DIRECTION('center_axis',(0.,0.,1.));
#14174=DIRECTION('ref_axis',(1.,0.,0.));
#14175=DIRECTION('center_axis',(0.,0.,1.));
#14176=DIRECTION('ref_axis',(1.,0.,0.));
#14177=DIRECTION('center_axis',(1.,0.,0.));
#14178=DIRECTION('ref_axis',(0.,0.,-1.));
#14179=DIRECTION('center_axis',(-1.,0.,0.));
#14180=DIRECTION('ref_axis',(0.,0.,-1.));
#14181=DIRECTION('',(-1.,0.,0.));
#14182=DIRECTION('center_axis',(1.,0.,0.));
#14183=DIRECTION('ref_axis',(0.,0.,1.));
#14184=DIRECTION('',(1.,0.,0.));
#14185=DIRECTION('center_axis',(1.,0.,0.));
#14186=DIRECTION('ref_axis',(0.,0.,-1.));
#14187=DIRECTION('center_axis',(-1.,0.,0.));
#14188=DIRECTION('ref_axis',(0.,0.,-1.));
#14189=DIRECTION('',(-1.,0.,0.));
#14190=DIRECTION('center_axis',(1.,0.,0.));
#14191=DIRECTION('ref_axis',(0.,0.,1.));
#14192=DIRECTION('',(1.,0.,0.));
#14193=DIRECTION('center_axis',(1.,0.,0.));
#14194=DIRECTION('ref_axis',(0.,0.,-1.));
#14195=DIRECTION('center_axis',(-1.,0.,0.));
#14196=DIRECTION('ref_axis',(0.,0.,-1.));
#14197=DIRECTION('',(-1.,0.,0.));
#14198=DIRECTION('center_axis',(1.,0.,0.));
#14199=DIRECTION('ref_axis',(0.,0.,1.));
#14200=DIRECTION('',(1.,0.,0.));
#14201=DIRECTION('center_axis',(1.,0.,0.));
#14202=DIRECTION('ref_axis',(0.,0.,-1.));
#14203=DIRECTION('center_axis',(-1.,0.,0.));
#14204=DIRECTION('ref_axis',(0.,0.,-1.));
#14205=DIRECTION('',(-1.,0.,0.));
#14206=DIRECTION('center_axis',(1.,0.,0.));
#14207=DIRECTION('ref_axis',(0.,0.,1.));
#14208=DIRECTION('',(1.,0.,0.));
#14209=DIRECTION('center_axis',(1.,0.,0.));
#14210=DIRECTION('ref_axis',(0.,0.,-1.));
#14211=DIRECTION('center_axis',(1.,0.,0.));
#14212=DIRECTION('ref_axis',(0.,0.,1.));
#14213=DIRECTION('',(1.,0.,0.));
#14214=DIRECTION('center_axis',(-1.,0.,0.));
#14215=DIRECTION('ref_axis',(0.,0.,-1.));
#14216=DIRECTION('',(-1.,0.,0.));
#14217=DIRECTION('center_axis',(1.,0.,0.));
#14218=DIRECTION('ref_axis',(0.,0.,-1.));
#14219=DIRECTION('center_axis',(-1.,0.,0.));
#14220=DIRECTION('ref_axis',(0.,0.,-1.));
#14221=DIRECTION('',(-1.,0.,0.));
#14222=DIRECTION('center_axis',(-1.,0.,0.));
#14223=DIRECTION('ref_axis',(0.,0.,-1.));
#14224=DIRECTION('',(1.,0.,0.));
#14225=DIRECTION('center_axis',(1.,0.,0.));
#14226=DIRECTION('ref_axis',(0.,0.,-1.));
#14227=DIRECTION('center_axis',(-1.,0.,0.));
#14228=DIRECTION('ref_axis',(0.,0.,-1.));
#14229=DIRECTION('',(-1.,0.,0.));
#14230=DIRECTION('center_axis',(1.,0.,0.));
#14231=DIRECTION('ref_axis',(0.,0.,1.));
#14232=DIRECTION('',(1.,0.,0.));
#14233=DIRECTION('center_axis',(1.,0.,0.));
#14234=DIRECTION('ref_axis',(0.,0.,-1.));
#14235=DIRECTION('center_axis',(-1.,0.,0.));
#14236=DIRECTION('ref_axis',(0.,0.,-1.));
#14237=DIRECTION('',(-1.,0.,0.));
#14238=DIRECTION('center_axis',(1.,0.,0.));
#14239=DIRECTION('ref_axis',(0.,0.,1.));
#14240=DIRECTION('',(1.,0.,0.));
#14241=DIRECTION('center_axis',(1.,0.,0.));
#14242=DIRECTION('ref_axis',(0.,0.,-1.));
#14243=DIRECTION('center_axis',(-1.,0.,0.));
#14244=DIRECTION('ref_axis',(0.,0.,-1.));
#14245=DIRECTION('',(-1.,0.,0.));
#14246=DIRECTION('center_axis',(1.,0.,0.));
#14247=DIRECTION('ref_axis',(0.,0.,1.));
#14248=DIRECTION('',(1.,0.,0.));
#14249=DIRECTION('center_axis',(1.,0.,0.));
#14250=DIRECTION('ref_axis',(0.,0.,-1.));
#14251=DIRECTION('center_axis',(-1.,0.,0.));
#14252=DIRECTION('ref_axis',(0.,0.,-1.));
#14253=DIRECTION('',(-1.,0.,0.));
#14254=DIRECTION('center_axis',(1.,0.,0.));
#14255=DIRECTION('ref_axis',(0.,0.,1.));
#14256=DIRECTION('',(1.,0.,0.));
#14257=DIRECTION('center_axis',(1.,0.,0.));
#14258=DIRECTION('ref_axis',(0.,0.,-1.));
#14259=DIRECTION('center_axis',(-1.,0.,0.));
#14260=DIRECTION('ref_axis',(0.,0.,-1.));
#14261=DIRECTION('',(-1.,0.,0.));
#14262=DIRECTION('center_axis',(1.,0.,0.));
#14263=DIRECTION('ref_axis',(0.,0.,1.));
#14264=DIRECTION('',(1.,0.,0.));
#14265=DIRECTION('center_axis',(1.,0.,0.));
#14266=DIRECTION('ref_axis',(0.,0.,-1.));
#14267=DIRECTION('center_axis',(1.,0.,0.));
#14268=DIRECTION('ref_axis',(0.,0.,1.));
#14269=DIRECTION('',(1.,0.,0.));
#14270=DIRECTION('center_axis',(-1.,0.,0.));
#14271=DIRECTION('ref_axis',(0.,0.,-1.));
#14272=DIRECTION('',(-1.,0.,0.));
#14273=DIRECTION('center_axis',(0.,-1.,0.));
#14274=DIRECTION('ref_axis',(0.,0.,-1.));
#14275=DIRECTION('',(0.,-1.,0.));
#14276=DIRECTION('center_axis',(0.,-1.,0.));
#14277=DIRECTION('ref_axis',(0.,0.,-1.));
#14278=DIRECTION('',(0.,-1.,0.));
#14279=DIRECTION('center_axis',(4.565061778886E-16,1.,0.));
#14280=DIRECTION('ref_axis',(1.,-4.565061778886E-16,0.));
#14281=DIRECTION('center_axis',(0.,0.,1.));
#14282=DIRECTION('ref_axis',(1.,0.,0.));
#14283=DIRECTION('',(0.,-1.,0.));
#14284=DIRECTION('',(-1.,0.,0.));
#14285=DIRECTION('',(1.,-4.565061778886E-16,0.));
#14286=DIRECTION('center_axis',(0.,0.,1.));
#14287=DIRECTION('ref_axis',(1.,0.,0.));
#14288=DIRECTION('',(0.,-1.,0.));
#14289=DIRECTION('',(-1.,5.503564327338E-17,0.));
#14290=DIRECTION('',(0.,1.,0.));
#14291=DIRECTION('center_axis',(0.,0.,1.));
#14292=DIRECTION('ref_axis',(1.,0.,0.));
#14293=DIRECTION('',(1.,-1.734723475977E-16,0.));
#14294=DIRECTION('center_axis',(0.,-1.,0.));
#14295=DIRECTION('ref_axis',(0.,0.,-1.));
#14296=DIRECTION('',(0.,-1.,0.));
#14297=DIRECTION('center_axis',(0.,-1.,0.));
#14298=DIRECTION('ref_axis',(0.,0.,-1.));
#14299=DIRECTION('center_axis',(1.734723475977E-16,1.,0.));
#14300=DIRECTION('ref_axis',(1.,-1.734723475977E-16,-9.130123557773E-16));
#14301=DIRECTION('center_axis',(0.,-1.,0.));
#14302=DIRECTION('ref_axis',(0.,0.,-1.));
#14303=DIRECTION('',(0.,-1.,0.));
#14304=DIRECTION('center_axis',(0.,-1.,0.));
#14305=DIRECTION('ref_axis',(0.,0.,-1.));
#14306=DIRECTION('',(0.,-1.,0.));
#14307=DIRECTION('center_axis',(0.,1.,0.));
#14308=DIRECTION('ref_axis',(9.130123557773E-16,0.,-1.));
#14309=DIRECTION('center_axis',(0.,0.,-1.));
#14310=DIRECTION('ref_axis',(-1.,0.,0.));
#14311=DIRECTION('',(0.,-1.,0.));
#14312=DIRECTION('',(1.,0.,0.));
#14313=DIRECTION('',(-1.,0.,0.));
#14314=DIRECTION('center_axis',(0.,-1.,0.));
#14315=DIRECTION('ref_axis',(0.,0.,-1.));
#14316=DIRECTION('',(0.,-1.,0.));
#14317=DIRECTION('center_axis',(0.,-1.,0.));
#14318=DIRECTION('ref_axis',(0.,0.,-1.));
#14319=DIRECTION('center_axis',(0.,1.,0.));
#14320=DIRECTION('ref_axis',(0.,0.,-1.));
#14321=DIRECTION('center_axis',(-1.,0.,0.));
#14322=DIRECTION('ref_axis',(0.,0.,1.));
#14323=DIRECTION('',(0.,0.,-1.));
#14324=DIRECTION('',(0.,0.,1.));
#14325=DIRECTION('',(0.,1.,0.));
#14326=DIRECTION('',(0.,0.,-1.));
#14327=DIRECTION('center_axis',(1.,0.,0.));
#14328=DIRECTION('ref_axis',(0.,0.,-1.));
#14329=DIRECTION('',(0.,0.,1.));
#14330=DIRECTION('',(0.,0.,1.));
#14331=DIRECTION('',(0.,-1.,0.));
#14332=DIRECTION('',(0.,0.,-1.));
#14333=DIRECTION('center_axis',(0.,-1.,0.));
#14334=DIRECTION('ref_axis',(0.,0.,-1.));
#14335=DIRECTION('center_axis',(0.,1.,0.));
#14336=DIRECTION('ref_axis',(1.020425574104E-15,0.,-1.));
#14337=DIRECTION('',(-1.,0.,0.));
#14338=DIRECTION('center_axis',(0.,1.,0.));
#14339=DIRECTION('ref_axis',(0.,0.,-1.));
#14340=DIRECTION('',(0.,0.,1.));
#14341=DIRECTION('center_axis',(0.,1.,0.));
#14342=DIRECTION('ref_axis',(0.,0.,-1.));
#14343=DIRECTION('',(1.,0.,0.));
#14344=DIRECTION('center_axis',(0.,1.,0.));
#14345=DIRECTION('ref_axis',(0.,0.,-1.));
#14346=DIRECTION('',(0.,0.,-1.));
#14347=DIRECTION('center_axis',(0.,-1.,0.));
#14348=DIRECTION('ref_axis',(0.,0.,-1.));
#14349=DIRECTION('',(0.,0.,1.));
#14350=DIRECTION('',(1.,0.,0.));
#14351=DIRECTION('',(0.,0.,-1.));
#14352=DIRECTION('',(0.,0.,1.));
#14353=DIRECTION('',(-1.,0.,0.));
#14354=DIRECTION('',(0.,0.,-1.));
#14355=DIRECTION('',(0.,0.,1.));
#14356=DIRECTION('',(-1.,0.,0.));
#14357=DIRECTION('',(0.,0.,-1.));
#14358=DIRECTION('',(0.,0.,1.));
#14359=DIRECTION('',(-1.,0.,0.));
#14360=DIRECTION('',(0.,0.,-1.));
#14361=DIRECTION('',(0.,0.,1.));
#14362=DIRECTION('',(-1.,0.,0.));
#14363=DIRECTION('',(0.,0.,-1.));
#14364=DIRECTION('',(0.,0.,1.));
#14365=DIRECTION('',(-1.,0.,0.));
#14366=DIRECTION('',(0.,0.,-1.));
#14367=DIRECTION('',(0.,0.,1.));
#14368=DIRECTION('',(-1.,0.,0.));
#14369=DIRECTION('',(0.,0.,-1.));
#14370=DIRECTION('',(-1.,0.,0.));
#14371=DIRECTION('',(0.,0.,-1.));
#14372=DIRECTION('center_axis',(0.,-1.,0.));
#14373=DIRECTION('ref_axis',(0.,0.,-1.));
#14374=DIRECTION('',(1.,0.,0.));
#14375=DIRECTION('center_axis',(0.,-1.,0.));
#14376=DIRECTION('ref_axis',(0.,0.,-1.));
#14377=DIRECTION('',(0.,0.,1.));
#14378=DIRECTION('',(0.,0.,1.));
#14379=DIRECTION('',(1.,0.,0.));
#14380=DIRECTION('',(0.,0.,-1.));
#14381=DIRECTION('',(0.,0.,1.));
#14382=DIRECTION('',(1.,0.,0.));
#14383=DIRECTION('',(0.,0.,-1.));
#14384=DIRECTION('',(0.,0.,1.));
#14385=DIRECTION('',(1.,0.,0.));
#14386=DIRECTION('',(0.,0.,-1.));
#14387=DIRECTION('',(0.,0.,1.));
#14388=DIRECTION('',(1.,0.,0.));
#14389=DIRECTION('',(0.,0.,-1.));
#14390=DIRECTION('',(0.,0.,1.));
#14391=DIRECTION('',(1.,0.,0.));
#14392=DIRECTION('',(0.,0.,-1.));
#14393=DIRECTION('center_axis',(-4.565061778886E-16,-1.,0.));
#14394=DIRECTION('ref_axis',(1.,-4.565061778886E-16,0.));
#14395=DIRECTION('',(-1.,4.565061778886E-16,0.));
#14396=DIRECTION('center_axis',(-4.565061778886E-16,-1.,0.));
#14397=DIRECTION('ref_axis',(1.,-4.565061778886E-16,0.));
#14398=DIRECTION('',(0.,0.,1.));
#14399=DIRECTION('',(1.,-4.565061778886E-16,0.));
#14400=DIRECTION('',(0.,0.,-1.));
#14401=DIRECTION('center_axis',(-1.,0.,0.));
#14402=DIRECTION('ref_axis',(0.,0.,1.));
#14403=DIRECTION('',(0.,0.,-1.));
#14404=DIRECTION('',(0.,1.,0.));
#14405=DIRECTION('',(0.,0.,1.));
#14406=DIRECTION('',(0.,-1.,0.));
#14407=DIRECTION('center_axis',(-5.503564327338E-17,-1.,0.));
#14408=DIRECTION('ref_axis',(1.,-5.503564327338E-17,0.));
#14409=DIRECTION('',(1.,-5.503564327338E-17,0.));
#14410=DIRECTION('',(0.,0.,-1.));
#14411=DIRECTION('',(0.,0.,1.));
#14412=DIRECTION('center_axis',(1.,0.,0.));
#14413=DIRECTION('ref_axis',(0.,0.,-1.));
#14414=DIRECTION('',(0.,0.,-1.));
#14415=DIRECTION('',(0.,-1.,0.));
#14416=DIRECTION('',(0.,0.,1.));
#14417=DIRECTION('',(0.,1.,0.));
#14418=DIRECTION('center_axis',(-1.734723475977E-16,-1.,0.));
#14419=DIRECTION('ref_axis',(1.,-1.734723475977E-16,0.));
#14420=DIRECTION('center_axis',(-1.734723475977E-16,-1.,0.));
#14421=DIRECTION('ref_axis',(1.,-1.734723475977E-16,0.));
#14422=DIRECTION('',(-1.,1.734723475977E-16,0.));
#14423=DIRECTION('',(0.,0.,1.));
#14424=DIRECTION('',(1.,-1.734723475977E-16,0.));
#14425=DIRECTION('',(0.,0.,-1.));
#14426=DIRECTION('center_axis',(0.,0.,-1.));
#14427=DIRECTION('ref_axis',(-1.,0.,0.));
#14428=DIRECTION('',(-1.,0.,0.));
#14429=DIRECTION('',(0.,1.,0.));
#14430=DIRECTION('',(0.,-1.,0.));
#14431=DIRECTION('',(-1.,0.,0.));
#14432=DIRECTION('',(0.,1.,0.));
#14433=DIRECTION('',(0.,-1.,0.));
#14434=DIRECTION('',(-1.,0.,0.));
#14435=DIRECTION('',(0.,1.,0.));
#14436=DIRECTION('',(0.,-1.,0.));
#14437=DIRECTION('',(-1.,0.,0.));
#14438=DIRECTION('',(0.,1.,0.));
#14439=DIRECTION('',(0.,-1.,0.));
#14440=DIRECTION('',(-1.,0.,0.));
#14441=DIRECTION('',(0.,1.,0.));
#14442=DIRECTION('',(0.,-1.,0.));
#14443=DIRECTION('',(-1.,0.,0.));
#14444=DIRECTION('',(0.,1.,0.));
#14445=DIRECTION('',(0.,1.,0.));
#14446=DIRECTION('',(-1.,1.734723475977E-16,0.));
#14447=DIRECTION('',(-1.,1.734723475977E-16,0.));
#14448=DIRECTION('',(0.,-1.,0.));
#14449=DIRECTION('center_axis',(0.,0.,1.));
#14450=DIRECTION('ref_axis',(-1.,0.,0.));
#14451=DIRECTION('',(-1.,5.503564327338E-17,0.));
#14452=DIRECTION('center_axis',(0.,0.,1.));
#14453=DIRECTION('ref_axis',(-1.,0.,0.));
#14454=DIRECTION('',(0.,1.,0.));
#14455=DIRECTION('',(-1.,4.565061778886E-16,0.));
#14456=DIRECTION('',(-1.,4.565061778886E-16,0.));
#14457=DIRECTION('',(0.,-1.,0.));
#14458=DIRECTION('',(1.,0.,0.));
#14459=DIRECTION('',(0.,-1.,0.));
#14460=DIRECTION('',(-1.,0.,0.));
#14461=DIRECTION('',(0.,1.,0.));
#14462=DIRECTION('',(0.,-1.,0.));
#14463=DIRECTION('',(-1.,0.,0.));
#14464=DIRECTION('',(0.,1.,0.));
#14465=DIRECTION('',(0.,-1.,0.));
#14466=DIRECTION('',(-1.,0.,0.));
#14467=DIRECTION('',(0.,1.,0.));
#14468=DIRECTION('',(0.,-1.,0.));
#14469=DIRECTION('',(-1.,0.,0.));
#14470=DIRECTION('',(0.,1.,0.));
#14471=DIRECTION('',(0.,-1.,0.));
#14472=DIRECTION('',(-1.,0.,0.));
#14473=DIRECTION('',(0.,1.,0.));
#14474=DIRECTION('',(0.,-1.,0.));
#14475=DIRECTION('',(-1.,0.,0.));
#14476=DIRECTION('',(0.,1.,0.));
#14477=DIRECTION('',(0.,-1.,0.));
#14478=DIRECTION('center_axis',(0.,-1.,0.));
#14479=DIRECTION('ref_axis',(0.,0.,-1.));
#14480=DIRECTION('center_axis',(-1.,0.,0.));
#14481=DIRECTION('ref_axis',(0.,0.,1.));
#14482=DIRECTION('center_axis',(0.,0.,1.));
#14483=DIRECTION('ref_axis',(1.,0.,0.));
#14484=DIRECTION('center_axis',(0.,0.,1.));
#14485=DIRECTION('ref_axis',(1.,0.,0.));
#14486=DIRECTION('center_axis',(0.,0.,1.));
#14487=DIRECTION('ref_axis',(1.,0.,0.));
#14488=DIRECTION('center_axis',(0.,0.,1.));
#14489=DIRECTION('ref_axis',(1.,0.,0.));
#14490=DIRECTION('center_axis',(1.,0.,0.));
#14491=DIRECTION('ref_axis',(0.,0.,-1.));
#14492=DIRECTION('center_axis',(-1.,0.,0.));
#14493=DIRECTION('ref_axis',(0.,0.,1.));
#14494=DIRECTION('center_axis',(-1.734723475977E-16,-1.,0.));
#14495=DIRECTION('ref_axis',(1.,-1.93082265152201E-16,0.));
#14496=DIRECTION('center_axis',(1.,0.,0.));
#14497=DIRECTION('ref_axis',(0.,0.,-1.));
#14498=DIRECTION('center_axis',(0.,0.,1.));
#14499=DIRECTION('ref_axis',(1.,0.,0.));
#14500=DIRECTION('center_axis',(0.,0.,1.));
#14501=DIRECTION('ref_axis',(1.,0.,0.));
#14502=DIRECTION('center_axis',(0.,1.,0.));
#14503=DIRECTION('ref_axis',(0.,0.,1.));
#14504=DIRECTION('center_axis',(0.,-1.,0.));
#14505=DIRECTION('ref_axis',(0.,0.,-1.));
#14506=DIRECTION('center_axis',(0.,1.,0.));
#14507=DIRECTION('ref_axis',(0.,0.,1.));
#14508=DIRECTION('center_axis',(0.,1.,0.));
#14509=DIRECTION('ref_axis',(1.,0.,0.));
#14510=DIRECTION('center_axis',(0.,-1.,0.));
#14511=DIRECTION('ref_axis',(0.,0.,-1.));
#14512=DIRECTION('center_axis',(0.,0.,1.));
#14513=DIRECTION('ref_axis',(1.,0.,0.));
#14514=DIRECTION('center_axis',(-1.,1.734723475977E-16,0.));
#14515=DIRECTION('ref_axis',(-1.734723475977E-16,-1.,0.));
#14516=DIRECTION('center_axis',(1.,0.,0.));
#14517=DIRECTION('ref_axis',(0.,0.,-1.));
#14518=DIRECTION('center_axis',(0.,1.,0.));
#14519=DIRECTION('ref_axis',(1.,0.,0.));
#14520=DIRECTION('center_axis',(-1.,0.,0.));
#14521=DIRECTION('ref_axis',(0.,0.,-1.));
#14522=DIRECTION('center_axis',(1.,0.,0.));
#14523=DIRECTION('ref_axis',(0.,0.,-1.));
#14524=DIRECTION('center_axis',(1.,0.,0.));
#14525=DIRECTION('ref_axis',(0.,0.,1.));
#14526=DIRECTION('center_axis',(-1.,0.,0.));
#14527=DIRECTION('ref_axis',(0.,0.,1.));
#14528=DIRECTION('center_axis',(0.,0.,-1.));
#14529=DIRECTION('ref_axis',(-1.,0.,0.));
#14530=DIRECTION('center_axis',(0.,0.,1.));
#14531=DIRECTION('ref_axis',(1.,0.,0.));
#14532=DIRECTION('center_axis',(0.,0.,1.));
#14533=DIRECTION('ref_axis',(1.,0.,0.));
#14534=DIRECTION('center_axis',(0.,1.,0.));
#14535=DIRECTION('ref_axis',(2.168404344971E-15,0.,-1.));
#14536=DIRECTION('center_axis',(0.,0.,1.));
#14537=DIRECTION('ref_axis',(1.,0.,0.));
#14538=DIRECTION('center_axis',(0.,0.,-1.));
#14539=DIRECTION('ref_axis',(-1.,0.,0.));
#14540=DIRECTION('center_axis',(0.,0.,1.));
#14541=DIRECTION('ref_axis',(1.,0.,0.));
#14542=DIRECTION('center_axis',(1.,-1.734723475977E-16,0.));
#14543=DIRECTION('ref_axis',(1.734723475977E-16,1.,0.));
#14544=DIRECTION('center_axis',(-1.,0.,0.));
#14545=DIRECTION('ref_axis',(0.,0.,1.));
#14546=DIRECTION('',(-1.,1.734723475977E-16,0.));
#14547=DIRECTION('center_axis',(0.,1.,0.));
#14548=DIRECTION('ref_axis',(1.,0.,0.));
#14549=DIRECTION('center_axis',(0.,1.,0.));
#14550=DIRECTION('ref_axis',(0.,0.,-1.));
#14551=DIRECTION('center_axis',(0.,-1.,0.));
#14552=DIRECTION('ref_axis',(0.,0.,-1.));
#14553=DIRECTION('center_axis',(4.10337830234644E-15,0.707106781186546,
-0.707106781186549));
#14554=DIRECTION('ref_axis',(-2.51552219675576E-11,0.707106781186549,0.707106781186546));
#14555=DIRECTION('center_axis',(0.,1.,0.));
#14556=DIRECTION('ref_axis',(1.,0.,0.));
#14557=DIRECTION('center_axis',(0.,-1.,0.));
#14558=DIRECTION('ref_axis',(0.,0.,1.));
#14559=DIRECTION('center_axis',(0.,-1.,0.));
#14560=DIRECTION('ref_axis',(0.,0.,-1.));
#14561=DIRECTION('center_axis',(0.,1.,0.));
#14562=DIRECTION('ref_axis',(0.,0.,1.));
#14563=DIRECTION('center_axis',(0.,0.,1.));
#14564=DIRECTION('ref_axis',(1.,0.,0.));
#14565=DIRECTION('center_axis',(0.,0.,-1.));
#14566=DIRECTION('ref_axis',(-1.,0.,0.));
#14567=DIRECTION('center_axis',(0.,1.,0.));
#14568=DIRECTION('ref_axis',(0.,0.,1.));
#14569=DIRECTION('center_axis',(0.,-1.,0.));
#14570=DIRECTION('ref_axis',(0.,0.,-1.));
#14571=DIRECTION('center_axis',(0.,1.,0.));
#14572=DIRECTION('ref_axis',(1.,0.,0.));
#14573=DIRECTION('center_axis',(1.,0.,0.));
#14574=DIRECTION('ref_axis',(0.,0.,1.));
#14575=DIRECTION('center_axis',(0.,0.,-1.));
#14576=DIRECTION('ref_axis',(1.,0.,0.));
#14577=DIRECTION('center_axis',(0.,0.,1.));
#14578=DIRECTION('ref_axis',(1.,0.,0.));
#14579=DIRECTION('center_axis',(0.,0.,-1.));
#14580=DIRECTION('ref_axis',(-1.,0.,0.));
#14581=DIRECTION('center_axis',(0.,0.,-1.));
#14582=DIRECTION('ref_axis',(-1.,0.,0.));
#14583=DIRECTION('center_axis',(-1.,0.,0.));
#14584=DIRECTION('ref_axis',(0.,0.,-1.));
#14585=DIRECTION('center_axis',(1.,-4.565061778886E-16,0.));
#14586=DIRECTION('ref_axis',(4.565061778886E-16,1.,0.));
#14587=DIRECTION('',(-1.,4.565061778886E-16,0.));
#14588=DIRECTION('center_axis',(1.,0.,0.));
#14589=DIRECTION('ref_axis',(0.,0.,-1.));
#14590=DIRECTION('center_axis',(1.,-5.503564327338E-17,0.));
#14591=DIRECTION('ref_axis',(5.503564327338E-17,1.,0.));
#14592=DIRECTION('center_axis',(-1.,0.,0.));
#14593=DIRECTION('ref_axis',(0.,0.,1.));
#14594=DIRECTION('center_axis',(0.,-1.,0.));
#14595=DIRECTION('ref_axis',(0.,0.,-1.));
#14596=DIRECTION('center_axis',(0.,1.,0.));
#14597=DIRECTION('ref_axis',(0.,0.,1.));
#14598=DIRECTION('center_axis',(0.,-1.,0.));
#14599=DIRECTION('ref_axis',(0.,0.,-1.));
#14600=DIRECTION('center_axis',(0.,1.,0.));
#14601=DIRECTION('ref_axis',(1.,0.,0.));
#14602=DIRECTION('center_axis',(0.,0.,-1.));
#14603=DIRECTION('ref_axis',(1.,0.,0.));
#14604=DIRECTION('center_axis',(-4.565061778886E-16,-1.,0.));
#14605=DIRECTION('ref_axis',(1.,-3.86164530304402E-16,0.));
#14606=DIRECTION('center_axis',(-1.,0.,0.));
#14607=DIRECTION('ref_axis',(0.,0.,1.));
#14608=DIRECTION('center_axis',(0.,0.,-1.));
#14609=DIRECTION('ref_axis',(-1.,0.,0.));
#14610=DIRECTION('center_axis',(0.,0.,1.));
#14611=DIRECTION('ref_axis',(-1.,0.,0.));
#14612=DIRECTION('center_axis',(0.,0.,-1.));
#14613=DIRECTION('ref_axis',(-1.,0.,0.));
#14614=DIRECTION('center_axis',(0.,0.,-1.));
#14615=DIRECTION('ref_axis',(1.,0.,0.));
#14616=DIRECTION('center_axis',(-1.,4.565061778886E-16,0.));
#14617=DIRECTION('ref_axis',(-4.565061778886E-16,-1.,0.));
#14618=DIRECTION('center_axis',(-1.,0.,0.));
#14619=DIRECTION('ref_axis',(0.,0.,1.));
#14620=DIRECTION('center_axis',(0.,0.,1.));
#14621=DIRECTION('ref_axis',(1.,0.,0.));
#14622=DIRECTION('center_axis',(1.79522800727656E-15,-0.707106781186547,
0.707106781186548));
#14623=DIRECTION('ref_axis',(-2.5306976020656E-11,-0.707106781186548,-0.707106781186547));
#14624=DIRECTION('center_axis',(0.,0.,1.));
#14625=DIRECTION('ref_axis',(1.,0.,0.));
#14626=DIRECTION('center_axis',(0.,1.,0.));
#14627=DIRECTION('ref_axis',(0.,0.,-1.));
#14628=DIRECTION('center_axis',(0.,1.,0.));
#14629=DIRECTION('ref_axis',(0.,0.,1.));
#14630=DIRECTION('center_axis',(0.,-1.,0.));
#14631=DIRECTION('ref_axis',(0.,0.,-1.));
#14632=DIRECTION('center_axis',(1.,0.,0.));
#14633=DIRECTION('ref_axis',(0.,0.,-1.));
#14634=DIRECTION('center_axis',(-5.421010862428E-16,0.,-1.));
#14635=DIRECTION('ref_axis',(-1.,0.,5.421010862428E-16));
#14636=DIRECTION('center_axis',(0.,0.,1.));
#14637=DIRECTION('ref_axis',(1.,0.,0.));
#14638=DIRECTION('center_axis',(0.,0.,-1.));
#14639=DIRECTION('ref_axis',(-1.,0.,0.));
#14640=DIRECTION('center_axis',(1.,0.,0.));
#14641=DIRECTION('ref_axis',(0.,0.,-1.));
#14642=DIRECTION('center_axis',(1.,0.,0.));
#14643=DIRECTION('ref_axis',(0.,0.,-1.));
#14644=DIRECTION('center_axis',(0.,-1.,0.));
#14645=DIRECTION('ref_axis',(0.,0.,-1.));
#14646=DIRECTION('center_axis',(1.,0.,0.));
#14647=DIRECTION('ref_axis',(0.,0.,-1.));
#14648=DIRECTION('center_axis',(0.,-1.,0.));
#14649=DIRECTION('ref_axis',(0.,0.,-1.));
#14650=DIRECTION('center_axis',(0.,0.,-1.));
#14651=DIRECTION('ref_axis',(-1.,0.,0.));
#14652=DIRECTION('center_axis',(-1.,0.,0.));
#14653=DIRECTION('ref_axis',(0.,0.,1.));
#14654=DIRECTION('center_axis',(1.,0.,0.));
#14655=DIRECTION('ref_axis',(0.,0.,-1.));
#14656=DIRECTION('center_axis',(0.,0.,-1.));
#14657=DIRECTION('ref_axis',(-1.,0.,0.));
#14658=DIRECTION('center_axis',(1.084202172486E-15,0.,-1.));
#14659=DIRECTION('ref_axis',(-1.,0.,-1.084202172486E-15));
#14660=DIRECTION('center_axis',(0.,-1.,0.));
#14661=DIRECTION('ref_axis',(0.,0.,-1.));
#14662=DIRECTION('center_axis',(0.,0.,1.));
#14663=DIRECTION('ref_axis',(1.,0.,0.));
#14664=DIRECTION('center_axis',(0.,0.,1.));
#14665=DIRECTION('ref_axis',(1.,0.,0.));
#14666=DIRECTION('center_axis',(0.,0.,-1.));
#14667=DIRECTION('ref_axis',(-1.,0.,0.));
#14668=DIRECTION('center_axis',(0.,0.,-1.));
#14669=DIRECTION('ref_axis',(-1.,0.,0.));
#14670=DIRECTION('center_axis',(1.,0.,0.));
#14671=DIRECTION('ref_axis',(0.,0.,-1.));
#14672=DIRECTION('',(0.,0.,1.));
#14673=DIRECTION('',(0.,1.,0.));
#14674=DIRECTION('center_axis',(-1.,0.,0.));
#14675=DIRECTION('ref_axis',(0.,0.,1.));
#14676=DIRECTION('',(0.,-1.,0.));
#14677=DIRECTION('',(0.,0.,1.));
#14678=DIRECTION('center_axis',(0.,1.,0.));
#14679=DIRECTION('ref_axis',(0.,0.,1.));
#14680=DIRECTION('',(-1.,0.,0.));
#14681=DIRECTION('center_axis',(0.,0.,1.));
#14682=DIRECTION('ref_axis',(1.,0.,0.));
#14683=DIRECTION('center_axis',(1.,0.,0.));
#14684=DIRECTION('ref_axis',(0.,0.,-1.));
#14685=DIRECTION('',(0.,0.,1.));
#14686=DIRECTION('',(0.,1.,0.));
#14687=DIRECTION('center_axis',(-1.,0.,0.));
#14688=DIRECTION('ref_axis',(0.,0.,1.));
#14689=DIRECTION('',(0.,-1.,0.));
#14690=DIRECTION('',(0.,0.,1.));
#14691=DIRECTION('center_axis',(0.,1.,0.));
#14692=DIRECTION('ref_axis',(0.,0.,1.));
#14693=DIRECTION('',(-1.,0.,0.));
#14694=DIRECTION('center_axis',(0.,0.,1.));
#14695=DIRECTION('ref_axis',(1.,0.,0.));
#14696=DIRECTION('center_axis',(1.,0.,0.));
#14697=DIRECTION('ref_axis',(0.,0.,-1.));
#14698=DIRECTION('',(0.,0.,1.));
#14699=DIRECTION('',(0.,1.,0.));
#14700=DIRECTION('center_axis',(-1.,0.,0.));
#14701=DIRECTION('ref_axis',(0.,0.,1.));
#14702=DIRECTION('',(0.,-1.,0.));
#14703=DIRECTION('',(0.,0.,1.));
#14704=DIRECTION('center_axis',(0.,1.,0.));
#14705=DIRECTION('ref_axis',(0.,0.,1.));
#14706=DIRECTION('',(-1.,0.,0.));
#14707=DIRECTION('center_axis',(0.,0.,1.));
#14708=DIRECTION('ref_axis',(1.,0.,0.));
#14709=DIRECTION('center_axis',(1.,0.,0.));
#14710=DIRECTION('ref_axis',(0.,0.,-1.));
#14711=DIRECTION('',(0.,0.,1.));
#14712=DIRECTION('',(0.,1.,0.));
#14713=DIRECTION('center_axis',(-1.,0.,0.));
#14714=DIRECTION('ref_axis',(0.,0.,1.));
#14715=DIRECTION('',(0.,-1.,0.));
#14716=DIRECTION('',(0.,0.,1.));
#14717=DIRECTION('center_axis',(0.,1.,0.));
#14718=DIRECTION('ref_axis',(0.,0.,1.));
#14719=DIRECTION('',(-1.,0.,0.));
#14720=DIRECTION('center_axis',(0.,0.,1.));
#14721=DIRECTION('ref_axis',(1.,0.,0.));
#14722=DIRECTION('center_axis',(1.,0.,0.));
#14723=DIRECTION('ref_axis',(0.,0.,-1.));
#14724=DIRECTION('',(0.,0.,1.));
#14725=DIRECTION('',(0.,1.,0.));
#14726=DIRECTION('center_axis',(-1.,0.,0.));
#14727=DIRECTION('ref_axis',(0.,0.,1.));
#14728=DIRECTION('',(0.,-1.,0.));
#14729=DIRECTION('',(0.,0.,1.));
#14730=DIRECTION('center_axis',(0.,1.,0.));
#14731=DIRECTION('ref_axis',(0.,0.,1.));
#14732=DIRECTION('',(-1.,0.,0.));
#14733=DIRECTION('center_axis',(0.,0.,1.));
#14734=DIRECTION('ref_axis',(1.,0.,0.));
#14735=DIRECTION('center_axis',(1.,0.,0.));
#14736=DIRECTION('ref_axis',(0.,0.,-1.));
#14737=DIRECTION('',(0.,0.,1.));
#14738=DIRECTION('',(0.,1.,0.));
#14739=DIRECTION('center_axis',(-1.,0.,0.));
#14740=DIRECTION('ref_axis',(0.,0.,1.));
#14741=DIRECTION('',(0.,-1.,0.));
#14742=DIRECTION('',(0.,0.,1.));
#14743=DIRECTION('center_axis',(0.,1.,0.));
#14744=DIRECTION('ref_axis',(0.,0.,1.));
#14745=DIRECTION('',(-1.,0.,0.));
#14746=DIRECTION('center_axis',(0.,0.,1.));
#14747=DIRECTION('ref_axis',(1.,0.,0.));
#14748=DIRECTION('center_axis',(1.,0.,0.));
#14749=DIRECTION('ref_axis',(0.,0.,-1.));
#14750=DIRECTION('',(0.,0.,1.));
#14751=DIRECTION('',(0.,1.,0.));
#14752=DIRECTION('center_axis',(-1.,0.,0.));
#14753=DIRECTION('ref_axis',(0.,0.,1.));
#14754=DIRECTION('',(0.,-1.,0.));
#14755=DIRECTION('',(0.,0.,1.));
#14756=DIRECTION('center_axis',(0.,1.,0.));
#14757=DIRECTION('ref_axis',(0.,0.,1.));
#14758=DIRECTION('',(-1.,0.,0.));
#14759=DIRECTION('center_axis',(0.,0.,-1.));
#14760=DIRECTION('ref_axis',(-1.,0.,0.));
#14761=DIRECTION('center_axis',(1.,0.,0.));
#14762=DIRECTION('ref_axis',(0.,0.,-1.));
#14763=DIRECTION('',(0.,0.,1.));
#14764=DIRECTION('',(0.,1.,0.));
#14765=DIRECTION('center_axis',(-1.,0.,0.));
#14766=DIRECTION('ref_axis',(0.,0.,1.));
#14767=DIRECTION('',(0.,-1.,0.));
#14768=DIRECTION('',(0.,0.,1.));
#14769=DIRECTION('center_axis',(0.,1.,0.));
#14770=DIRECTION('ref_axis',(0.,0.,1.));
#14771=DIRECTION('',(-1.,0.,0.));
#14772=DIRECTION('center_axis',(0.,0.,-1.));
#14773=DIRECTION('ref_axis',(-1.,0.,0.));
#14774=DIRECTION('center_axis',(1.,0.,0.));
#14775=DIRECTION('ref_axis',(0.,0.,-1.));
#14776=DIRECTION('',(0.,0.,1.));
#14777=DIRECTION('',(0.,1.,0.));
#14778=DIRECTION('center_axis',(-1.,0.,0.));
#14779=DIRECTION('ref_axis',(0.,0.,1.));
#14780=DIRECTION('',(0.,-1.,0.));
#14781=DIRECTION('',(0.,0.,1.));
#14782=DIRECTION('center_axis',(0.,1.,0.));
#14783=DIRECTION('ref_axis',(0.,0.,1.));
#14784=DIRECTION('',(-1.,0.,0.));
#14785=DIRECTION('center_axis',(0.,0.,-1.));
#14786=DIRECTION('ref_axis',(-1.,0.,0.));
#14787=DIRECTION('center_axis',(1.,0.,0.));
#14788=DIRECTION('ref_axis',(0.,0.,-1.));
#14789=DIRECTION('',(0.,0.,1.));
#14790=DIRECTION('',(0.,1.,0.));
#14791=DIRECTION('center_axis',(-1.,0.,0.));
#14792=DIRECTION('ref_axis',(0.,0.,1.));
#14793=DIRECTION('',(0.,-1.,0.));
#14794=DIRECTION('',(0.,0.,1.));
#14795=DIRECTION('center_axis',(0.,1.,0.));
#14796=DIRECTION('ref_axis',(0.,0.,1.));
#14797=DIRECTION('',(-1.,0.,0.));
#14798=DIRECTION('center_axis',(0.,0.,-1.));
#14799=DIRECTION('ref_axis',(-1.,0.,0.));
#14800=DIRECTION('center_axis',(1.,0.,0.));
#14801=DIRECTION('ref_axis',(0.,0.,-1.));
#14802=DIRECTION('',(0.,0.,1.));
#14803=DIRECTION('',(0.,1.,0.));
#14804=DIRECTION('center_axis',(-1.,0.,0.));
#14805=DIRECTION('ref_axis',(0.,0.,1.));
#14806=DIRECTION('',(0.,-1.,0.));
#14807=DIRECTION('',(0.,0.,1.));
#14808=DIRECTION('center_axis',(0.,1.,0.));
#14809=DIRECTION('ref_axis',(0.,0.,1.));
#14810=DIRECTION('',(-1.,0.,0.));
#14811=DIRECTION('center_axis',(0.,0.,-1.));
#14812=DIRECTION('ref_axis',(-1.,0.,0.));
#14813=DIRECTION('center_axis',(1.,0.,0.));
#14814=DIRECTION('ref_axis',(0.,0.,-1.));
#14815=DIRECTION('',(0.,0.,1.));
#14816=DIRECTION('',(0.,1.,0.));
#14817=DIRECTION('center_axis',(-1.,0.,0.));
#14818=DIRECTION('ref_axis',(0.,0.,1.));
#14819=DIRECTION('',(0.,-1.,0.));
#14820=DIRECTION('',(0.,0.,1.));
#14821=DIRECTION('center_axis',(0.,1.,0.));
#14822=DIRECTION('ref_axis',(0.,0.,1.));
#14823=DIRECTION('',(-1.,0.,0.));
#14824=DIRECTION('center_axis',(0.,0.,-1.));
#14825=DIRECTION('ref_axis',(-1.,0.,0.));
#14826=DIRECTION('center_axis',(1.,0.,0.));
#14827=DIRECTION('ref_axis',(0.,0.,-1.));
#14828=DIRECTION('',(0.,1.,0.));
#14829=DIRECTION('',(0.,0.,1.));
#14830=DIRECTION('',(0.,1.,0.));
#14831=DIRECTION('',(0.,0.,1.));
#14832=DIRECTION('center_axis',(0.,-1.,0.));
#14833=DIRECTION('ref_axis',(0.,0.,-1.));
#14834=DIRECTION('',(1.,0.,0.));
#14835=DIRECTION('',(0.,0.,1.));
#14836=DIRECTION('',(1.,0.,0.));
#14837=DIRECTION('center_axis',(-1.,0.,0.));
#14838=DIRECTION('ref_axis',(0.,0.,1.));
#14839=DIRECTION('',(0.,-1.,0.));
#14840=DIRECTION('',(0.,0.,1.));
#14841=DIRECTION('',(0.,-1.,0.));
#14842=DIRECTION('center_axis',(0.,1.,0.));
#14843=DIRECTION('ref_axis',(0.,0.,1.));
#14844=DIRECTION('',(-1.,0.,0.));
#14845=DIRECTION('',(-1.,0.,0.));
#14846=DIRECTION('center_axis',(0.,0.,-1.));
#14847=DIRECTION('ref_axis',(-1.,0.,0.));
#14848=DIRECTION('center_axis',(0.,0.,-1.));
#14849=DIRECTION('ref_axis',(-1.,0.,0.));
#14850=DIRECTION('center_axis',(1.,0.,0.));
#14851=DIRECTION('ref_axis',(0.,0.,-1.));
#14852=DIRECTION('',(0.,1.,0.));
#14853=DIRECTION('',(0.,0.,1.));
#14854=DIRECTION('',(0.,1.,0.));
#14855=DIRECTION('',(0.,0.,1.));
#14856=DIRECTION('center_axis',(0.,-1.,0.));
#14857=DIRECTION('ref_axis',(0.,0.,-1.));
#14858=DIRECTION('',(1.,0.,0.));
#14859=DIRECTION('',(0.,0.,1.));
#14860=DIRECTION('',(1.,0.,0.));
#14861=DIRECTION('center_axis',(-1.,0.,0.));
#14862=DIRECTION('ref_axis',(0.,0.,1.));
#14863=DIRECTION('',(0.,-1.,0.));
#14864=DIRECTION('',(0.,0.,1.));
#14865=DIRECTION('',(0.,-1.,0.));
#14866=DIRECTION('center_axis',(0.,1.,0.));
#14867=DIRECTION('ref_axis',(0.,0.,1.));
#14868=DIRECTION('',(-1.,0.,0.));
#14869=DIRECTION('',(-1.,0.,0.));
#14870=DIRECTION('center_axis',(0.,0.,-1.));
#14871=DIRECTION('ref_axis',(-1.,0.,0.));
#14872=DIRECTION('center_axis',(0.,0.,-1.));
#14873=DIRECTION('ref_axis',(-1.,0.,0.));
#14874=DIRECTION('center_axis',(1.,0.,0.));
#14875=DIRECTION('ref_axis',(0.,0.,-1.));
#14876=DIRECTION('',(0.,1.,0.));
#14877=DIRECTION('',(0.,0.,1.));
#14878=DIRECTION('',(0.,1.,0.));
#14879=DIRECTION('',(0.,0.,1.));
#14880=DIRECTION('center_axis',(0.,-1.,0.));
#14881=DIRECTION('ref_axis',(0.,0.,-1.));
#14882=DIRECTION('',(1.,0.,0.));
#14883=DIRECTION('',(0.,0.,1.));
#14884=DIRECTION('',(1.,0.,0.));
#14885=DIRECTION('center_axis',(-1.,0.,0.));
#14886=DIRECTION('ref_axis',(0.,0.,1.));
#14887=DIRECTION('',(0.,-1.,0.));
#14888=DIRECTION('',(0.,0.,1.));
#14889=DIRECTION('',(0.,-1.,0.));
#14890=DIRECTION('center_axis',(0.,1.,0.));
#14891=DIRECTION('ref_axis',(0.,0.,1.));
#14892=DIRECTION('',(-1.,0.,0.));
#14893=DIRECTION('',(-1.,0.,0.));
#14894=DIRECTION('center_axis',(0.,0.,-1.));
#14895=DIRECTION('ref_axis',(-1.,0.,0.));
#14896=DIRECTION('center_axis',(0.,0.,-1.));
#14897=DIRECTION('ref_axis',(-1.,0.,0.));
#14898=DIRECTION('center_axis',(1.,0.,0.));
#14899=DIRECTION('ref_axis',(0.,0.,-1.));
#14900=DIRECTION('',(0.,1.,0.));
#14901=DIRECTION('',(0.,0.,1.));
#14902=DIRECTION('',(0.,1.,0.));
#14903=DIRECTION('',(0.,0.,1.));
#14904=DIRECTION('center_axis',(0.,-1.,0.));
#14905=DIRECTION('ref_axis',(0.,0.,-1.));
#14906=DIRECTION('',(1.,0.,0.));
#14907=DIRECTION('',(0.,0.,1.));
#14908=DIRECTION('',(1.,0.,0.));
#14909=DIRECTION('center_axis',(-1.,0.,0.));
#14910=DIRECTION('ref_axis',(0.,0.,1.));
#14911=DIRECTION('',(0.,-1.,0.));
#14912=DIRECTION('',(0.,0.,1.));
#14913=DIRECTION('',(0.,-1.,0.));
#14914=DIRECTION('center_axis',(0.,1.,0.));
#14915=DIRECTION('ref_axis',(0.,0.,1.));
#14916=DIRECTION('',(-1.,0.,0.));
#14917=DIRECTION('',(-1.,0.,0.));
#14918=DIRECTION('center_axis',(0.,0.,-1.));
#14919=DIRECTION('ref_axis',(-1.,0.,0.));
#14920=DIRECTION('center_axis',(0.,0.,-1.));
#14921=DIRECTION('ref_axis',(-1.,0.,0.));
#14922=DIRECTION('center_axis',(1.,0.,0.));
#14923=DIRECTION('ref_axis',(0.,0.,-1.));
#14924=DIRECTION('',(0.,1.,0.));
#14925=DIRECTION('',(0.,0.,1.));
#14926=DIRECTION('',(0.,1.,0.));
#14927=DIRECTION('',(0.,0.,1.));
#14928=DIRECTION('center_axis',(0.,-1.,0.));
#14929=DIRECTION('ref_axis',(0.,0.,-1.));
#14930=DIRECTION('',(1.,0.,0.));
#14931=DIRECTION('',(0.,0.,1.));
#14932=DIRECTION('',(1.,0.,0.));
#14933=DIRECTION('center_axis',(-1.,0.,0.));
#14934=DIRECTION('ref_axis',(0.,0.,1.));
#14935=DIRECTION('',(0.,-1.,0.));
#14936=DIRECTION('',(0.,0.,1.));
#14937=DIRECTION('',(0.,-1.,0.));
#14938=DIRECTION('center_axis',(0.,1.,0.));
#14939=DIRECTION('ref_axis',(0.,0.,1.));
#14940=DIRECTION('',(-1.,0.,0.));
#14941=DIRECTION('',(-1.,0.,0.));
#14942=DIRECTION('center_axis',(0.,0.,-1.));
#14943=DIRECTION('ref_axis',(-1.,0.,0.));
#14944=DIRECTION('center_axis',(0.,0.,-1.));
#14945=DIRECTION('ref_axis',(-1.,0.,0.));
#14946=DIRECTION('center_axis',(1.,0.,0.));
#14947=DIRECTION('ref_axis',(0.,0.,-1.));
#14948=DIRECTION('',(0.,1.,0.));
#14949=DIRECTION('',(0.,0.,1.));
#14950=DIRECTION('',(0.,1.,0.));
#14951=DIRECTION('',(0.,0.,1.));
#14952=DIRECTION('center_axis',(0.,-1.,0.));
#14953=DIRECTION('ref_axis',(0.,0.,-1.));
#14954=DIRECTION('',(1.,0.,0.));
#14955=DIRECTION('',(0.,0.,1.));
#14956=DIRECTION('',(1.,0.,0.));
#14957=DIRECTION('center_axis',(-1.,0.,0.));
#14958=DIRECTION('ref_axis',(0.,0.,1.));
#14959=DIRECTION('',(0.,-1.,0.));
#14960=DIRECTION('',(0.,0.,1.));
#14961=DIRECTION('',(0.,-1.,0.));
#14962=DIRECTION('center_axis',(0.,1.,0.));
#14963=DIRECTION('ref_axis',(0.,0.,1.));
#14964=DIRECTION('',(-1.,0.,0.));
#14965=DIRECTION('',(-1.,0.,0.));
#14966=DIRECTION('center_axis',(0.,0.,-1.));
#14967=DIRECTION('ref_axis',(-1.,0.,0.));
#14968=DIRECTION('center_axis',(0.,0.,-1.));
#14969=DIRECTION('ref_axis',(-1.,0.,0.));
#14970=DIRECTION('center_axis',(1.,0.,0.));
#14971=DIRECTION('ref_axis',(0.,0.,-1.));
#14972=DIRECTION('',(0.,1.,0.));
#14973=DIRECTION('',(0.,0.,1.));
#14974=DIRECTION('',(0.,1.,0.));
#14975=DIRECTION('',(0.,0.,1.));
#14976=DIRECTION('center_axis',(0.,-1.,0.));
#14977=DIRECTION('ref_axis',(0.,0.,-1.));
#14978=DIRECTION('',(1.,0.,0.));
#14979=DIRECTION('',(0.,0.,1.));
#14980=DIRECTION('',(1.,0.,0.));
#14981=DIRECTION('center_axis',(-1.,0.,0.));
#14982=DIRECTION('ref_axis',(0.,0.,1.));
#14983=DIRECTION('',(0.,-1.,0.));
#14984=DIRECTION('',(0.,0.,1.));
#14985=DIRECTION('',(0.,-1.,0.));
#14986=DIRECTION('center_axis',(0.,1.,0.));
#14987=DIRECTION('ref_axis',(0.,0.,1.));
#14988=DIRECTION('',(-1.,0.,0.));
#14989=DIRECTION('',(-1.,0.,0.));
#14990=DIRECTION('center_axis',(0.,0.,1.));
#14991=DIRECTION('ref_axis',(1.,0.,0.));
#14992=DIRECTION('center_axis',(0.,0.,1.));
#14993=DIRECTION('ref_axis',(1.,0.,0.));
#14994=DIRECTION('center_axis',(1.,0.,0.));
#14995=DIRECTION('ref_axis',(0.,0.,-1.));
#14996=DIRECTION('',(0.,1.,0.));
#14997=DIRECTION('',(0.,0.,1.));
#14998=DIRECTION('',(0.,1.,0.));
#14999=DIRECTION('',(0.,0.,1.));
#15000=DIRECTION('center_axis',(0.,-1.,0.));
#15001=DIRECTION('ref_axis',(0.,0.,-1.));
#15002=DIRECTION('',(1.,0.,0.));
#15003=DIRECTION('',(0.,0.,1.));
#15004=DIRECTION('',(1.,0.,0.));
#15005=DIRECTION('center_axis',(-1.,0.,0.));
#15006=DIRECTION('ref_axis',(0.,0.,1.));
#15007=DIRECTION('',(0.,-1.,0.));
#15008=DIRECTION('',(0.,0.,1.));
#15009=DIRECTION('',(0.,-1.,0.));
#15010=DIRECTION('center_axis',(0.,1.,0.));
#15011=DIRECTION('ref_axis',(0.,0.,1.));
#15012=DIRECTION('',(-1.,0.,0.));
#15013=DIRECTION('',(-1.,0.,0.));
#15014=DIRECTION('center_axis',(0.,0.,1.));
#15015=DIRECTION('ref_axis',(1.,0.,0.));
#15016=DIRECTION('center_axis',(0.,0.,1.));
#15017=DIRECTION('ref_axis',(1.,0.,0.));
#15018=DIRECTION('center_axis',(1.,0.,0.));
#15019=DIRECTION('ref_axis',(0.,0.,-1.));
#15020=DIRECTION('',(0.,1.,0.));
#15021=DIRECTION('',(0.,0.,1.));
#15022=DIRECTION('',(0.,1.,0.));
#15023=DIRECTION('',(0.,0.,1.));
#15024=DIRECTION('center_axis',(0.,-1.,0.));
#15025=DIRECTION('ref_axis',(0.,0.,-1.));
#15026=DIRECTION('',(1.,0.,0.));
#15027=DIRECTION('',(0.,0.,1.));
#15028=DIRECTION('',(1.,0.,0.));
#15029=DIRECTION('center_axis',(-1.,0.,0.));
#15030=DIRECTION('ref_axis',(0.,0.,1.));
#15031=DIRECTION('',(0.,-1.,0.));
#15032=DIRECTION('',(0.,0.,1.));
#15033=DIRECTION('',(0.,-1.,0.));
#15034=DIRECTION('center_axis',(0.,1.,0.));
#15035=DIRECTION('ref_axis',(0.,0.,1.));
#15036=DIRECTION('',(-1.,0.,0.));
#15037=DIRECTION('',(-1.,0.,0.));
#15038=DIRECTION('center_axis',(0.,0.,1.));
#15039=DIRECTION('ref_axis',(1.,0.,0.));
#15040=DIRECTION('center_axis',(0.,0.,1.));
#15041=DIRECTION('ref_axis',(1.,0.,0.));
#15042=DIRECTION('center_axis',(1.,0.,0.));
#15043=DIRECTION('ref_axis',(0.,0.,-1.));
#15044=DIRECTION('',(0.,1.,0.));
#15045=DIRECTION('',(0.,0.,1.));
#15046=DIRECTION('',(0.,1.,0.));
#15047=DIRECTION('',(0.,0.,1.));
#15048=DIRECTION('center_axis',(0.,-1.,0.));
#15049=DIRECTION('ref_axis',(0.,0.,-1.));
#15050=DIRECTION('',(1.,0.,0.));
#15051=DIRECTION('',(0.,0.,1.));
#15052=DIRECTION('',(1.,0.,0.));
#15053=DIRECTION('center_axis',(-1.,0.,0.));
#15054=DIRECTION('ref_axis',(0.,0.,1.));
#15055=DIRECTION('',(0.,-1.,0.));
#15056=DIRECTION('',(0.,0.,1.));
#15057=DIRECTION('',(0.,-1.,0.));
#15058=DIRECTION('center_axis',(0.,1.,0.));
#15059=DIRECTION('ref_axis',(0.,0.,1.));
#15060=DIRECTION('',(-1.,0.,0.));
#15061=DIRECTION('',(-1.,0.,0.));
#15062=DIRECTION('center_axis',(0.,0.,1.));
#15063=DIRECTION('ref_axis',(1.,0.,0.));
#15064=DIRECTION('center_axis',(0.,0.,1.));
#15065=DIRECTION('ref_axis',(1.,0.,0.));
#15066=DIRECTION('center_axis',(1.,0.,0.));
#15067=DIRECTION('ref_axis',(0.,0.,-1.));
#15068=DIRECTION('',(0.,1.,0.));
#15069=DIRECTION('',(0.,0.,1.));
#15070=DIRECTION('',(0.,1.,0.));
#15071=DIRECTION('',(0.,0.,1.));
#15072=DIRECTION('center_axis',(0.,-1.,0.));
#15073=DIRECTION('ref_axis',(0.,0.,-1.));
#15074=DIRECTION('',(1.,0.,0.));
#15075=DIRECTION('',(0.,0.,1.));
#15076=DIRECTION('',(1.,0.,0.));
#15077=DIRECTION('center_axis',(-1.,0.,0.));
#15078=DIRECTION('ref_axis',(0.,0.,1.));
#15079=DIRECTION('',(0.,-1.,0.));
#15080=DIRECTION('',(0.,0.,1.));
#15081=DIRECTION('',(0.,-1.,0.));
#15082=DIRECTION('center_axis',(0.,1.,0.));
#15083=DIRECTION('ref_axis',(0.,0.,1.));
#15084=DIRECTION('',(-1.,0.,0.));
#15085=DIRECTION('',(-1.,0.,0.));
#15086=DIRECTION('center_axis',(0.,0.,1.));
#15087=DIRECTION('ref_axis',(1.,0.,0.));
#15088=DIRECTION('center_axis',(0.,0.,1.));
#15089=DIRECTION('ref_axis',(1.,0.,0.));
#15090=DIRECTION('center_axis',(1.,0.,0.));
#15091=DIRECTION('ref_axis',(0.,0.,-1.));
#15092=DIRECTION('',(0.,1.,0.));
#15093=DIRECTION('',(0.,0.,1.));
#15094=DIRECTION('',(0.,1.,0.));
#15095=DIRECTION('',(0.,0.,1.));
#15096=DIRECTION('center_axis',(0.,-1.,0.));
#15097=DIRECTION('ref_axis',(0.,0.,-1.));
#15098=DIRECTION('',(1.,0.,0.));
#15099=DIRECTION('',(0.,0.,1.));
#15100=DIRECTION('',(1.,0.,0.));
#15101=DIRECTION('center_axis',(-1.,0.,0.));
#15102=DIRECTION('ref_axis',(0.,0.,1.));
#15103=DIRECTION('',(0.,-1.,0.));
#15104=DIRECTION('',(0.,0.,1.));
#15105=DIRECTION('',(0.,-1.,0.));
#15106=DIRECTION('center_axis',(0.,1.,0.));
#15107=DIRECTION('ref_axis',(0.,0.,1.));
#15108=DIRECTION('',(-1.,0.,0.));
#15109=DIRECTION('',(-1.,0.,0.));
#15110=DIRECTION('center_axis',(0.,0.,1.));
#15111=DIRECTION('ref_axis',(1.,0.,0.));
#15112=DIRECTION('center_axis',(0.,0.,1.));
#15113=DIRECTION('ref_axis',(1.,0.,0.));
#15114=DIRECTION('center_axis',(1.,0.,0.));
#15115=DIRECTION('ref_axis',(0.,0.,-1.));
#15116=DIRECTION('',(0.,0.,-1.));
#15117=DIRECTION('center_axis',(-1.,0.,0.));
#15118=DIRECTION('ref_axis',(0.,0.,-1.));
#15119=DIRECTION('center_axis',(1.,0.,0.));
#15120=DIRECTION('ref_axis',(0.,0.,-1.));
#15121=DIRECTION('',(0.,0.,1.));
#15122=DIRECTION('center_axis',(-1.,0.,0.));
#15123=DIRECTION('ref_axis',(0.,0.,-1.));
#15124=DIRECTION('',(0.,-1.,0.));
#15125=DIRECTION('center_axis',(-1.,0.,0.));
#15126=DIRECTION('ref_axis',(0.,0.,-1.));
#15127=DIRECTION('',(0.,0.,-1.));
#15128=DIRECTION('center_axis',(1.,0.,0.));
#15129=DIRECTION('ref_axis',(0.,0.,-1.));
#15130=DIRECTION('',(0.,0.,-1.));
#15131=DIRECTION('',(0.,1.,0.));
#15132=DIRECTION('',(0.,0.,1.));
#15133=DIRECTION('',(0.,-1.,0.));
#15134=DIRECTION('',(0.,0.,1.));
#15135=DIRECTION('center_axis',(-1.,0.,0.));
#15136=DIRECTION('ref_axis',(0.,0.,-1.));
#15137=DIRECTION('',(0.,-1.,0.));
#15138=DIRECTION('center_axis',(-1.,0.,0.));
#15139=DIRECTION('ref_axis',(0.,0.,-1.));
#15140=DIRECTION('',(0.,-8.356086107788E-17,1.));
#15141=DIRECTION('center_axis',(1.,0.,0.));
#15142=DIRECTION('ref_axis',(0.,0.,-1.));
#15143=DIRECTION('',(0.,-8.356086107788E-17,1.));
#15144=DIRECTION('',(0.,1.,0.));
#15145=DIRECTION('',(0.,0.,-1.));
#15146=DIRECTION('center_axis',(1.,0.,0.));
#15147=DIRECTION('ref_axis',(0.,0.,-1.));
#15148=DIRECTION('center_axis',(-1.,0.,0.));
#15149=DIRECTION('ref_axis',(0.,0.,1.));
#15150=DIRECTION('',(0.,0.,-1.));
#15151=DIRECTION('center_axis',(-1.,0.,0.));
#15152=DIRECTION('ref_axis',(0.,0.,1.));
#15153=DIRECTION('center_axis',(1.,0.,0.));
#15154=DIRECTION('ref_axis',(0.,0.,1.));
#15155=DIRECTION('',(0.,0.,-1.));
#15156=DIRECTION('center_axis',(-1.,0.,0.));
#15157=DIRECTION('ref_axis',(0.,0.,1.));
#15158=DIRECTION('',(0.,0.,-1.));
#15159=DIRECTION('',(0.,1.,0.));
#15160=DIRECTION('',(0.,-8.356086107788E-17,1.));
#15161=DIRECTION('center_axis',(-1.,0.,0.));
#15162=DIRECTION('ref_axis',(0.,0.,1.));
#15163=DIRECTION('',(0.,-8.356086107788E-17,1.));
#15164=DIRECTION('center_axis',(1.,0.,0.));
#15165=DIRECTION('ref_axis',(0.,0.,1.));
#15166=DIRECTION('',(0.,-1.,0.));
#15167=DIRECTION('center_axis',(1.,0.,0.));
#15168=DIRECTION('ref_axis',(0.,0.,1.));
#15169=DIRECTION('',(0.,0.,1.));
#15170=DIRECTION('',(0.,1.,0.));
#15171=DIRECTION('',(0.,0.,1.));
#15172=DIRECTION('',(0.,1.,0.));
#15173=DIRECTION('',(0.,0.,-1.));
#15174=DIRECTION('center_axis',(-1.,0.,0.));
#15175=DIRECTION('ref_axis',(0.,0.,1.));
#15176=DIRECTION('',(0.,0.,-1.));
#15177=DIRECTION('center_axis',(1.,0.,0.));
#15178=DIRECTION('ref_axis',(0.,0.,1.));
#15179=DIRECTION('',(0.,-1.,0.));
#15180=DIRECTION('center_axis',(1.,0.,0.));
#15181=DIRECTION('ref_axis',(0.,0.,1.));
#15182=DIRECTION('center_axis',(0.,0.,-1.));
#15183=DIRECTION('ref_axis',(-1.,0.,0.));
#15184=DIRECTION('',(-1.,0.,0.));
#15185=DIRECTION('',(1.,0.,0.));
#15186=DIRECTION('center_axis',(0.,1.,0.));
#15187=DIRECTION('ref_axis',(0.,0.,1.));
#15188=DIRECTION('',(-1.,0.,0.));
#15189=DIRECTION('',(1.,0.,0.));
#15190=DIRECTION('center_axis',(0.,0.,-1.));
#15191=DIRECTION('ref_axis',(-1.,0.,0.));
#15192=DIRECTION('',(0.,1.,0.));
#15193=DIRECTION('',(-1.,-1.100712865468E-16,0.));
#15194=DIRECTION('',(0.,-1.,0.));
#15195=DIRECTION('',(1.,0.,0.));
#15196=DIRECTION('',(0.,1.,0.));
#15197=DIRECTION('',(-1.,0.,0.));
#15198=DIRECTION('',(0.,-1.,0.));
#15199=DIRECTION('',(-1.,0.,0.));
#15200=DIRECTION('',(0.,1.,0.));
#15201=DIRECTION('',(1.,0.,0.));
#15202=DIRECTION('',(0.,-1.,0.));
#15203=DIRECTION('',(1.,0.,0.));
#15204=DIRECTION('',(0.,1.,0.));
#15205=DIRECTION('',(1.,0.,0.));
#15206=DIRECTION('',(0.,-1.,0.));
#15207=DIRECTION('',(-1.,0.,0.));
#15208=DIRECTION('',(0.,-1.,0.));
#15209=DIRECTION('',(-1.,0.,0.));
#15210=DIRECTION('',(0.,1.,0.));
#15211=DIRECTION('',(1.,0.,0.));
#15212=DIRECTION('',(1.,0.,0.));
#15213=DIRECTION('',(0.,-1.,0.));
#15214=DIRECTION('',(-1.,0.,0.));
#15215=DIRECTION('',(0.,1.,0.));
#15216=DIRECTION('center_axis',(0.,-1.,0.));
#15217=DIRECTION('ref_axis',(0.,0.,-1.));
#15218=DIRECTION('',(-1.,0.,0.));
#15219=DIRECTION('center_axis',(0.,-1.,0.));
#15220=DIRECTION('ref_axis',(0.,0.,-1.));
#15221=DIRECTION('',(-1.,0.,0.));
#15222=DIRECTION('center_axis',(0.,-1.,0.));
#15223=DIRECTION('ref_axis',(0.,0.,-1.));
#15224=DIRECTION('',(0.,0.,-1.));
#15225=DIRECTION('',(-1.,0.,0.));
#15226=DIRECTION('',(0.,0.,-1.));
#15227=DIRECTION('center_axis',(0.,1.,0.));
#15228=DIRECTION('ref_axis',(0.,0.,1.));
#15229=DIRECTION('',(-1.,0.,3.367087492191E-17));
#15230=DIRECTION('center_axis',(0.,1.,0.));
#15231=DIRECTION('ref_axis',(0.,0.,1.));
#15232=DIRECTION('center_axis',(0.,-1.,0.));
#15233=DIRECTION('ref_axis',(0.,0.,-1.));
#15234=DIRECTION('center_axis',(0.,-1.,0.));
#15235=DIRECTION('ref_axis',(0.,0.,1.));
#15236=DIRECTION('center_axis',(0.,1.,8.356086107788E-17));
#15237=DIRECTION('ref_axis',(0.,8.356086107788E-17,-1.));
#15238=DIRECTION('center_axis',(0.,-1.,0.));
#15239=DIRECTION('ref_axis',(0.,0.,-1.));
#15240=DIRECTION('center_axis',(0.,-1.,0.));
#15241=DIRECTION('ref_axis',(0.,0.,1.));
#15242=DIRECTION('center_axis',(0.,1.,0.));
#15243=DIRECTION('ref_axis',(0.,0.,-1.));
#15244=DIRECTION('center_axis',(3.367087492191E-17,0.,1.));
#15245=DIRECTION('ref_axis',(1.,0.,-3.367087492191E-17));
#15246=DIRECTION('',(0.,1.,0.));
#15247=DIRECTION('',(-1.,-1.100712865468E-16,0.));
#15248=DIRECTION('',(0.,-1.,0.));
#15249=DIRECTION('',(1.,2.81356730172E-33,-3.367087492191E-17));
#15250=DIRECTION('',(0.,1.,0.));
#15251=DIRECTION('',(-1.,0.,3.367087492191E-17));
#15252=DIRECTION('',(0.,-1.,0.));
#15253=DIRECTION('',(-1.,0.,3.367087492191E-17));
#15254=DIRECTION('',(0.,1.,0.));
#15255=DIRECTION('',(1.,0.,-3.367087492191E-17));
#15256=DIRECTION('',(0.,1.,0.));
#15257=DIRECTION('',(1.,0.,-3.367087492191E-17));
#15258=DIRECTION('',(0.,1.,0.));
#15259=DIRECTION('',(1.,0.,-3.367087492191E-17));
#15260=DIRECTION('',(0.,1.,0.));
#15261=DIRECTION('',(-1.,-2.81356730172E-33,3.367087492191E-17));
#15262=DIRECTION('',(-1.,0.,3.367087492191E-17));
#15263=DIRECTION('',(0.,-1.,0.));
#15264=DIRECTION('',(1.,0.,-3.367087492191E-17));
#15265=DIRECTION('',(0.,1.,0.));
#15266=DIRECTION('',(-1.,0.,3.367087492191E-17));
#15267=DIRECTION('',(0.,-1.,0.));
#15268=DIRECTION('',(1.,0.,-3.367087492191E-17));
#15269=DIRECTION('',(0.,1.,0.));
#15270=DIRECTION('center_axis',(0.,1.,0.));
#15271=DIRECTION('ref_axis',(0.,0.,1.));
#15272=DIRECTION('center_axis',(0.,-1.,0.));
#15273=DIRECTION('ref_axis',(0.,0.,1.));
#15274=DIRECTION('center_axis',(0.,1.,8.356086107788E-17));
#15275=DIRECTION('ref_axis',(0.,8.356086107788E-17,-1.));
#15276=DIRECTION('center_axis',(0.,1.,0.));
#15277=DIRECTION('ref_axis',(0.,0.,1.));
#15278=DIRECTION('center_axis',(0.,1.,0.));
#15279=DIRECTION('ref_axis',(0.,0.,-1.));
#15280=DIRECTION('center_axis',(0.,-1.,0.));
#15281=DIRECTION('ref_axis',(0.,0.,1.));
#15282=DIRECTION('center_axis',(0.,-1.,0.));
#15283=DIRECTION('ref_axis',(0.,0.,-1.));
#15284=DIRECTION('center_axis',(0.,1.,0.));
#15285=DIRECTION('ref_axis',(0.,0.,-1.));
#15286=DIRECTION('',(0.,-1.,0.));
#15287=DIRECTION('center_axis',(0.,1.,0.));
#15288=DIRECTION('ref_axis',(-1.040834085586E-15,0.,-1.));
#15289=DIRECTION('center_axis',(0.,1.,0.));
#15290=DIRECTION('ref_axis',(0.,0.,1.));
#15291=DIRECTION('',(0.,1.,0.));
#15292=DIRECTION('center_axis',(0.,1.,0.));
#15293=DIRECTION('ref_axis',(0.,0.,-1.));
#15294=DIRECTION('center_axis',(0.,1.,0.));
#15295=DIRECTION('ref_axis',(0.,0.,-1.));
#15296=DIRECTION('center_axis',(-1.,0.,0.));
#15297=DIRECTION('ref_axis',(0.,0.,1.));
#15298=DIRECTION('',(0.,0.,1.));
#15299=DIRECTION('center_axis',(-1.,0.,0.));
#15300=DIRECTION('ref_axis',(0.,0.,1.));
#15301=DIRECTION('center_axis',(1.,0.,0.));
#15302=DIRECTION('ref_axis',(0.,0.,1.));
#15303=DIRECTION('',(0.,0.,-1.));
#15304=DIRECTION('center_axis',(-1.,0.,0.));
#15305=DIRECTION('ref_axis',(0.,0.,1.));
#15306=DIRECTION('',(0.,0.,-1.));
#15307=DIRECTION('',(0.,-1.,0.));
#15308=DIRECTION('',(0.,-8.356086107788E-17,1.));
#15309=DIRECTION('center_axis',(-1.,0.,0.));
#15310=DIRECTION('ref_axis',(0.,0.,1.));
#15311=DIRECTION('',(0.,-8.356086107788E-17,1.));
#15312=DIRECTION('center_axis',(1.,0.,0.));
#15313=DIRECTION('ref_axis',(0.,0.,1.));
#15314=DIRECTION('',(0.,-1.,0.));
#15315=DIRECTION('center_axis',(1.,0.,0.));
#15316=DIRECTION('ref_axis',(0.,0.,1.));
#15317=DIRECTION('',(0.,1.,0.));
#15318=DIRECTION('',(0.,0.,-1.));
#15319=DIRECTION('',(0.,0.,-1.));
#15320=DIRECTION('center_axis',(-1.,0.,0.));
#15321=DIRECTION('ref_axis',(0.,0.,1.));
#15322=DIRECTION('',(0.,0.,-1.));
#15323=DIRECTION('center_axis',(1.,0.,0.));
#15324=DIRECTION('ref_axis',(0.,0.,1.));
#15325=DIRECTION('',(0.,-1.,0.));
#15326=DIRECTION('center_axis',(1.,0.,0.));
#15327=DIRECTION('ref_axis',(0.,0.,1.));
#15328=DIRECTION('center_axis',(0.,0.,1.));
#15329=DIRECTION('ref_axis',(1.,0.,0.));
#15330=DIRECTION('',(0.,1.,0.));
#15331=DIRECTION('',(-1.,0.,0.));
#15332=DIRECTION('',(0.,-1.,0.));
#15333=DIRECTION('',(1.,0.,0.));
#15334=DIRECTION('',(0.,1.,0.));
#15335=DIRECTION('',(-1.,0.,0.));
#15336=DIRECTION('',(0.,-1.,0.));
#15337=DIRECTION('',(1.,0.,0.));
#15338=DIRECTION('',(0.,1.,0.));
#15339=DIRECTION('',(-1.,0.,0.));
#15340=DIRECTION('',(0.,-1.,0.));
#15341=DIRECTION('center_axis',(0.,-1.,0.));
#15342=DIRECTION('ref_axis',(0.,0.,-1.));
#15343=DIRECTION('center_axis',(0.,1.,0.));
#15344=DIRECTION('ref_axis',(0.,0.,-1.));
#15345=DIRECTION('center_axis',(0.,1.,0.));
#15346=DIRECTION('ref_axis',(0.,0.,-1.));
#15347=DIRECTION('center_axis',(0.,-1.,0.));
#15348=DIRECTION('ref_axis',(0.,0.,-1.));
#15349=DIRECTION('',(0.,0.,1.));
#15350=DIRECTION('center_axis',(0.,-1.,0.));
#15351=DIRECTION('ref_axis',(0.,0.,-1.));
#15352=DIRECTION('',(-1.,0.,3.367087492191E-17));
#15353=DIRECTION('center_axis',(0.,-1.,0.));
#15354=DIRECTION('ref_axis',(0.,0.,-1.));
#15355=DIRECTION('',(0.,0.,-1.));
#15356=DIRECTION('center_axis',(0.,-1.,0.));
#15357=DIRECTION('ref_axis',(0.,0.,-1.));
#15358=DIRECTION('',(1.,0.,-3.367087492191E-17));
#15359=DIRECTION('center_axis',(0.,-1.,0.));
#15360=DIRECTION('ref_axis',(0.,0.,-1.));
#15361=DIRECTION('center_axis',(0.,-1.,0.));
#15362=DIRECTION('ref_axis',(0.,0.,-1.));
#15363=DIRECTION('center_axis',(0.,-1.,0.));
#15364=DIRECTION('ref_axis',(0.,0.,-1.));
#15365=DIRECTION('center_axis',(0.,1.,0.));
#15366=DIRECTION('ref_axis',(0.,0.,-1.));
#15367=DIRECTION('center_axis',(0.,-1.,-8.356086107788E-17));
#15368=DIRECTION('ref_axis',(0.,-8.356086107788E-17,1.));
#15369=DIRECTION('center_axis',(1.,0.,0.));
#15370=DIRECTION('ref_axis',(0.,0.,-1.));
#15371=DIRECTION('',(0.,0.,-1.));
#15372=DIRECTION('center_axis',(-1.,0.,0.));
#15373=DIRECTION('ref_axis',(0.,0.,-1.));
#15374=DIRECTION('center_axis',(1.,0.,0.));
#15375=DIRECTION('ref_axis',(0.,0.,-1.));
#15376=DIRECTION('',(0.,0.,-1.));
#15377=DIRECTION('center_axis',(-1.,0.,0.));
#15378=DIRECTION('ref_axis',(0.,0.,-1.));
#15379=DIRECTION('',(0.,-1.,0.));
#15380=DIRECTION('center_axis',(-1.,0.,0.));
#15381=DIRECTION('ref_axis',(0.,0.,-1.));
#15382=DIRECTION('',(0.,0.,-1.));
#15383=DIRECTION('center_axis',(1.,0.,0.));
#15384=DIRECTION('ref_axis',(0.,0.,-1.));
#15385=DIRECTION('',(0.,0.,-1.));
#15386=DIRECTION('',(0.,0.,-1.));
#15387=DIRECTION('',(0.,1.,0.));
#15388=DIRECTION('center_axis',(-1.,0.,0.));
#15389=DIRECTION('ref_axis',(0.,0.,-1.));
#15390=DIRECTION('',(0.,-1.,0.));
#15391=DIRECTION('center_axis',(-1.,0.,0.));
#15392=DIRECTION('ref_axis',(0.,0.,-1.));
#15393=DIRECTION('',(0.,-8.356086107788E-17,1.));
#15394=DIRECTION('center_axis',(1.,0.,0.));
#15395=DIRECTION('ref_axis',(0.,0.,-1.));
#15396=DIRECTION('',(0.,-8.356086107788E-17,1.));
#15397=DIRECTION('',(0.,1.,0.));
#15398=DIRECTION('',(0.,0.,-1.));
#15399=DIRECTION('center_axis',(1.,0.,0.));
#15400=DIRECTION('ref_axis',(0.,0.,-1.));
#15401=DIRECTION('center_axis',(0.,1.,0.));
#15402=DIRECTION('ref_axis',(0.,0.,1.));
#15403=DIRECTION('center_axis',(0.,-1.,-8.356086107788E-17));
#15404=DIRECTION('ref_axis',(-9.130123557773E-16,-8.356086107788E-17,1.));
#15405=DIRECTION('center_axis',(0.,1.,0.));
#15406=DIRECTION('ref_axis',(0.,0.,-1.));
#15407=DIRECTION('center_axis',(0.,1.,0.));
#15408=DIRECTION('ref_axis',(0.,0.,1.));
#15409=DIRECTION('',(0.,1.,0.));
#15410=DIRECTION('center_axis',(0.,1.,0.));
#15411=DIRECTION('ref_axis',(0.,0.,-1.));
#15412=DIRECTION('center_axis',(-3.367087492191E-17,0.,-1.));
#15413=DIRECTION('ref_axis',(-1.,0.,3.367087492191E-17));
#15414=DIRECTION('',(0.,1.,0.));
#15415=DIRECTION('',(-1.,0.,3.367087492191E-17));
#15416=DIRECTION('',(-1.,0.,3.367087492191E-17));
#15417=DIRECTION('',(0.,1.,0.));
#15418=DIRECTION('',(1.,0.,-3.367087492191E-17));
#15419=DIRECTION('',(0.,-1.,0.));
#15420=DIRECTION('',(-1.,0.,3.367087492191E-17));
#15421=DIRECTION('',(0.,1.,0.));
#15422=DIRECTION('',(1.,0.,-3.367087492191E-17));
#15423=DIRECTION('',(0.,-1.,0.));
#15424=DIRECTION('center_axis',(0.,1.,0.));
#15425=DIRECTION('ref_axis',(0.,0.,1.));
#15426=DIRECTION('center_axis',(0.,1.,0.));
#15427=DIRECTION('ref_axis',(9.130123557773E-16,0.,-1.));
#15428=DIRECTION('center_axis',(-0.866025403784329,-0.50000000000019,0.));
#15429=DIRECTION('ref_axis',(0.,0.,1.));
#15430=DIRECTION('',(0.50000000000019,-0.866025403784329,-1.80700362080969E-16));
#15431=DIRECTION('',(-0.50000000000019,0.866025403784329,1.80700362080969E-16));
#15432=DIRECTION('center_axis',(0.,1.,0.));
#15433=DIRECTION('ref_axis',(0.,0.,1.));
#15434=DIRECTION('',(0.,0.866025403784329,0.50000000000019));
#15435=DIRECTION('center_axis',(0.,1.,0.));
#15436=DIRECTION('ref_axis',(0.,0.,1.));
#15437=DIRECTION('',(0.,-0.866025403784329,0.50000000000019));
#15438=DIRECTION('center_axis',(2.91598330500311E-17,-0.50000000000019,
0.866025403784329));
#15439=DIRECTION('ref_axis',(1.,6.16605730995018E-30,-3.36708749219207E-17));
#15440=DIRECTION('',(0.,0.866025403784329,0.50000000000019));
#15441=DIRECTION('center_axis',(-2.91598330500311E-17,-0.50000000000019,
-0.866025403784329));
#15442=DIRECTION('ref_axis',(-1.,6.16605730995018E-30,3.36708749219207E-17));
#15443=DIRECTION('',(0.,-0.866025403784329,0.50000000000019));
#15444=DIRECTION('center_axis',(0.,1.,0.));
#15445=DIRECTION('ref_axis',(0.,0.,1.));
#15446=DIRECTION('',(0.50000000000019,0.866025403784329,0.));
#15447=DIRECTION('center_axis',(0.,1.,0.));
#15448=DIRECTION('ref_axis',(0.,0.,1.));
#15449=DIRECTION('',(-0.50000000000019,-0.866025403784329,0.));
#15450=DIRECTION('center_axis',(0.866025403784329,-0.50000000000019,0.));
#15451=DIRECTION('ref_axis',(0.,0.,-1.));
#15452=DIRECTION('center_axis',(0.,1.,8.356086107788E-17));
#15453=DIRECTION('ref_axis',(0.,-8.356086107788E-17,1.));
#15454=DIRECTION('',(1.,0.,0.));
#15455=DIRECTION('',(0.,-8.356086107788E-17,1.));
#15456=DIRECTION('center_axis',(1.,0.,0.));
#15457=DIRECTION('ref_axis',(0.,0.,-1.));
#15458=DIRECTION('',(0.,0.,1.));
#15459=DIRECTION('center_axis',(0.,-1.,0.));
#15460=DIRECTION('ref_axis',(0.,0.,-1.));
#15461=DIRECTION('',(-1.,0.,0.));
#15462=DIRECTION('',(0.,0.,-1.));
#15463=DIRECTION('center_axis',(0.,-1.,0.));
#15464=DIRECTION('ref_axis',(0.,0.,-1.));
#15465=DIRECTION('',(1.,0.,0.));
#15466=DIRECTION('',(0.,0.,-1.));
#15467=DIRECTION('center_axis',(1.,0.,0.));
#15468=DIRECTION('ref_axis',(0.,0.,-1.));
#15469=DIRECTION('center_axis',(0.,-1.,0.));
#15470=DIRECTION('ref_axis',(0.,0.,-1.));
#15471=DIRECTION('',(1.,0.,0.));
#15472=DIRECTION('',(-1.,0.,0.));
#15473=DIRECTION('center_axis',(0.,-1.,0.));
#15474=DIRECTION('ref_axis',(0.,0.,-1.));
#15475=DIRECTION('',(-1.,0.,0.));
#15476=DIRECTION('',(1.,0.,0.));
#15477=DIRECTION('center_axis',(0.,0.,1.));
#15478=DIRECTION('ref_axis',(1.,0.,0.));
#15479=DIRECTION('',(-1.,0.,0.));
#15480=DIRECTION('',(1.,0.,0.));
#15481=DIRECTION('center_axis',(0.,0.,1.));
#15482=DIRECTION('ref_axis',(1.,0.,0.));
#15483=DIRECTION('',(-1.,0.,0.));
#15484=DIRECTION('',(1.,0.,0.));
#15485=DIRECTION('center_axis',(0.,1.,8.356086107788E-17));
#15486=DIRECTION('ref_axis',(0.,-8.356086107788E-17,1.));
#15487=DIRECTION('',(1.,0.,0.));
#15488=DIRECTION('',(-1.,0.,0.));
#15489=DIRECTION('center_axis',(0.,1.,0.));
#15490=DIRECTION('ref_axis',(0.,0.,1.));
#15491=DIRECTION('',(1.,0.,0.));
#15492=DIRECTION('',(-1.,0.,0.));
#15493=DIRECTION('center_axis',(1.,0.,0.));
#15494=DIRECTION('ref_axis',(0.,0.,-1.));
#15495=DIRECTION('center_axis',(1.,0.,0.));
#15496=DIRECTION('ref_axis',(0.,0.,-1.));
#15497=DIRECTION('center_axis',(1.,0.,0.));
#15498=DIRECTION('ref_axis',(0.,0.,-1.));
#15499=DIRECTION('center_axis',(-1.,0.,0.));
#15500=DIRECTION('ref_axis',(0.,0.,1.));
#15501=DIRECTION('',(-1.,0.,0.));
#15502=DIRECTION('center_axis',(-1.,0.,0.));
#15503=DIRECTION('ref_axis',(0.,0.,1.));
#15504=DIRECTION('center_axis',(-1.,0.,0.));
#15505=DIRECTION('ref_axis',(0.,0.,1.));
#15506=DIRECTION('center_axis',(-1.,0.,0.));
#15507=DIRECTION('ref_axis',(0.,0.,1.));
#15508=DIRECTION('center_axis',(1.,0.,0.));
#15509=DIRECTION('ref_axis',(0.,0.,-1.));
#15510=DIRECTION('center_axis',(1.,0.,0.));
#15511=DIRECTION('ref_axis',(0.,0.,-1.));
#15512=DIRECTION('center_axis',(-1.,0.,0.));
#15513=DIRECTION('ref_axis',(0.,0.,-1.));
#15514=DIRECTION('',(0.,0.,1.));
#15515=DIRECTION('',(0.,-8.356086107788E-17,1.));
#15516=DIRECTION('center_axis',(0.,-1.,-8.356086107788E-17));
#15517=DIRECTION('ref_axis',(0.,8.356086107788E-17,-1.));
#15518=DIRECTION('',(1.,0.,0.));
#15519=DIRECTION('center_axis',(-1.,0.,0.));
#15520=DIRECTION('ref_axis',(0.,0.,-1.));
#15521=DIRECTION('',(0.,0.,-1.));
#15522=DIRECTION('',(0.,0.,-1.));
#15523=DIRECTION('center_axis',(0.,1.,0.));
#15524=DIRECTION('ref_axis',(0.,0.,1.));
#15525=DIRECTION('',(-1.,0.,0.));
#15526=DIRECTION('center_axis',(0.,1.,0.));
#15527=DIRECTION('ref_axis',(0.,0.,1.));
#15528=DIRECTION('',(1.,0.,0.));
#15529=DIRECTION('center_axis',(0.,1.,0.));
#15530=DIRECTION('ref_axis',(0.,0.,1.));
#15531=DIRECTION('',(1.,0.,0.));
#15532=DIRECTION('',(-1.,0.,0.));
#15533=DIRECTION('center_axis',(0.,-1.,-8.356086107788E-17));
#15534=DIRECTION('ref_axis',(0.,8.356086107788E-17,-1.));
#15535=DIRECTION('',(1.,0.,0.));
#15536=DIRECTION('',(-1.,0.,0.));
#15537=DIRECTION('center_axis',(0.,0.,-1.));
#15538=DIRECTION('ref_axis',(-1.,0.,0.));
#15539=DIRECTION('',(-1.,0.,0.));
#15540=DIRECTION('',(1.,0.,0.));
#15541=DIRECTION('center_axis',(0.,-1.,0.));
#15542=DIRECTION('ref_axis',(0.,0.,-1.));
#15543=DIRECTION('',(1.,0.,0.));
#15544=DIRECTION('',(-1.,0.,0.));
#15545=DIRECTION('center_axis',(-1.,0.,0.));
#15546=DIRECTION('ref_axis',(0.,1.22464679914735E-16,-1.));
#15547=DIRECTION('center_axis',(-1.,0.,0.));
#15548=DIRECTION('ref_axis',(0.,1.22464679914735E-16,-1.));
#15549=DIRECTION('center_axis',(-1.,0.,0.));
#15550=DIRECTION('ref_axis',(0.,1.22464679914735E-16,-1.));
#15551=DIRECTION('center_axis',(1.,0.,0.));
#15552=DIRECTION('ref_axis',(0.,0.,-1.));
#15553=DIRECTION('',(-1.,0.,0.));
#15554=DIRECTION('center_axis',(1.,0.,0.));
#15555=DIRECTION('ref_axis',(0.,0.,-1.));
#15556=DIRECTION('center_axis',(1.,0.,0.));
#15557=DIRECTION('ref_axis',(0.,0.,-1.));
#15558=DIRECTION('center_axis',(1.,0.,0.));
#15559=DIRECTION('ref_axis',(0.,0.,-1.));
#15560=DIRECTION('center_axis',(-1.,0.,0.));
#15561=DIRECTION('ref_axis',(0.,0.,1.));
#15562=DIRECTION('center_axis',(1.,0.,0.));
#15563=DIRECTION('ref_axis',(0.,0.,-1.));
#15564=DIRECTION('center_axis',(-1.100712865468E-16,1.,0.));
#15565=DIRECTION('ref_axis',(-1.,-1.100712865468E-16,0.));
#15566=DIRECTION('center_axis',(0.,1.,0.));
#15567=DIRECTION('ref_axis',(0.,0.,1.));
#15568=DIRECTION('',(0.,0.,-1.));
#15569=DIRECTION('',(1.,0.,0.));
#15570=DIRECTION('',(0.,0.,-1.));
#15571=DIRECTION('center_axis',(1.,0.,0.));
#15572=DIRECTION('ref_axis',(0.,0.,-1.));
#15573=DIRECTION('',(0.,-1.,0.));
#15574=DIRECTION('',(0.,0.,-1.));
#15575=DIRECTION('center_axis',(0.,-1.,0.));
#15576=DIRECTION('ref_axis',(0.,0.,-1.));
#15577=DIRECTION('',(-1.,0.,0.));
#15578=DIRECTION('',(0.,0.,-1.));
#15579=DIRECTION('center_axis',(-1.,0.,0.));
#15580=DIRECTION('ref_axis',(0.,0.,1.));
#15581=DIRECTION('',(0.,1.,0.));
#15582=DIRECTION('center_axis',(0.,1.,0.));
#15583=DIRECTION('ref_axis',(0.,0.,1.));
#15584=DIRECTION('',(0.,0.,-1.));
#15585=DIRECTION('',(1.,0.,0.));
#15586=DIRECTION('',(0.,0.,-1.));
#15587=DIRECTION('center_axis',(1.,0.,0.));
#15588=DIRECTION('ref_axis',(0.,0.,-1.));
#15589=DIRECTION('',(0.,-1.,0.));
#15590=DIRECTION('',(0.,0.,-1.));
#15591=DIRECTION('center_axis',(0.,-1.,0.));
#15592=DIRECTION('ref_axis',(0.,0.,-1.));
#15593=DIRECTION('',(-1.,0.,0.));
#15594=DIRECTION('',(0.,0.,-1.));
#15595=DIRECTION('center_axis',(-1.,0.,0.));
#15596=DIRECTION('ref_axis',(0.,0.,1.));
#15597=DIRECTION('',(0.,1.,0.));
#15598=DIRECTION('center_axis',(-1.,0.,0.));
#15599=DIRECTION('ref_axis',(0.,0.,1.));
#15600=DIRECTION('',(0.,0.,-1.));
#15601=DIRECTION('',(0.,-1.,0.));
#15602=DIRECTION('',(0.,0.,-1.));
#15603=DIRECTION('center_axis',(0.,-1.,0.));
#15604=DIRECTION('ref_axis',(0.,0.,-1.));
#15605=DIRECTION('',(1.,0.,0.));
#15606=DIRECTION('',(0.,0.,-1.));
#15607=DIRECTION('center_axis',(1.,0.,0.));
#15608=DIRECTION('ref_axis',(0.,0.,-1.));
#15609=DIRECTION('',(0.,1.,0.));
#15610=DIRECTION('',(0.,0.,-1.));
#15611=DIRECTION('center_axis',(0.,1.,0.));
#15612=DIRECTION('ref_axis',(0.,0.,1.));
#15613=DIRECTION('',(-1.,0.,0.));
#15614=DIRECTION('center_axis',(-1.,0.,0.));
#15615=DIRECTION('ref_axis',(0.,0.,1.));
#15616=DIRECTION('',(0.,0.,-1.));
#15617=DIRECTION('',(0.,-1.,0.));
#15618=DIRECTION('',(0.,0.,-1.));
#15619=DIRECTION('center_axis',(0.,-1.,0.));
#15620=DIRECTION('ref_axis',(0.,0.,-1.));
#15621=DIRECTION('',(1.,0.,0.));
#15622=DIRECTION('',(0.,0.,-1.));
#15623=DIRECTION('center_axis',(1.,0.,0.));
#15624=DIRECTION('ref_axis',(0.,0.,-1.));
#15625=DIRECTION('',(0.,1.,0.));
#15626=DIRECTION('',(0.,0.,-1.));
#15627=DIRECTION('center_axis',(0.,1.,0.));
#15628=DIRECTION('ref_axis',(0.,0.,1.));
#15629=DIRECTION('',(-1.,0.,0.));
#15630=DIRECTION('center_axis',(0.,0.707106781186548,-0.707106781186548));
#15631=DIRECTION('ref_axis',(1.,0.,0.));
#15632=DIRECTION('',(-0.577350269189626,0.577350269189626,0.577350269189626));
#15633=DIRECTION('',(-0.577350269189626,-0.577350269189626,-0.577350269189626));
#15634=DIRECTION('center_axis',(0.707106781186548,0.,-0.707106781186548));
#15635=DIRECTION('ref_axis',(0.,-1.,0.));
#15636=DIRECTION('',(-0.577350269189626,0.577350269189626,-0.577350269189626));
#15637=DIRECTION('center_axis',(-0.707106781186548,0.,-0.707106781186548));
#15638=DIRECTION('ref_axis',(0.,1.,0.));
#15639=DIRECTION('',(-0.577350269189626,-0.577350269189626,0.577350269189626));
#15640=DIRECTION('center_axis',(0.,-0.707106781186548,-0.707106781186548));
#15641=DIRECTION('ref_axis',(-1.,0.,0.));
#15642=DIRECTION('center_axis',(-0.707106781186548,0.,-0.707106781186548));
#15643=DIRECTION('ref_axis',(0.,1.,0.));
#15644=DIRECTION('',(-0.577350269189626,-0.577350269189626,0.577350269189626));
#15645=DIRECTION('',(0.577350269189626,-0.577350269189626,-0.577350269189626));
#15646=DIRECTION('center_axis',(0.,0.707106781186548,-0.707106781186548));
#15647=DIRECTION('ref_axis',(1.,0.,0.));
#15648=DIRECTION('',(-0.577350269189626,-0.577350269189626,-0.577350269189626));
#15649=DIRECTION('center_axis',(0.,-0.707106781186548,-0.707106781186548));
#15650=DIRECTION('ref_axis',(-1.,0.,0.));
#15651=DIRECTION('',(0.577350269189626,-0.577350269189626,0.577350269189626));
#15652=DIRECTION('center_axis',(0.707106781186548,0.,-0.707106781186548));
#15653=DIRECTION('ref_axis',(0.,-1.,0.));
#15654=DIRECTION('center_axis',(-0.707106781186548,0.,0.707106781186548));
#15655=DIRECTION('ref_axis',(0.,1.,0.));
#15656=DIRECTION('',(0.577350269189626,0.577350269189626,0.577350269189626));
#15657=DIRECTION('',(-0.577350269189626,0.577350269189626,-0.577350269189626));
#15658=DIRECTION('center_axis',(0.,0.707106781186548,0.707106781186548));
#15659=DIRECTION('ref_axis',(1.,0.,0.));
#15660=DIRECTION('',(0.577350269189626,0.577350269189626,-0.577350269189626));
#15661=DIRECTION('center_axis',(0.,-0.707106781186548,0.707106781186548));
#15662=DIRECTION('ref_axis',(-1.,0.,0.));
#15663=DIRECTION('',(-0.577350269189626,0.577350269189626,0.577350269189626));
#15664=DIRECTION('center_axis',(0.707106781186548,0.,0.707106781186548));
#15665=DIRECTION('ref_axis',(0.,-1.,0.));
#15666=DIRECTION('center_axis',(-0.707106781186548,0.,0.707106781186548));
#15667=DIRECTION('ref_axis',(0.,1.,0.));
#15668=DIRECTION('',(0.577350269189626,0.577350269189626,0.577350269189626));
#15669=DIRECTION('',(-0.577350269189626,0.577350269189626,-0.577350269189626));
#15670=DIRECTION('center_axis',(0.,0.707106781186548,0.707106781186548));
#15671=DIRECTION('ref_axis',(1.,0.,0.));
#15672=DIRECTION('',(0.577350269189626,0.577350269189626,-0.577350269189626));
#15673=DIRECTION('center_axis',(0.,-0.707106781186548,0.707106781186548));
#15674=DIRECTION('ref_axis',(-1.,0.,0.));
#15675=DIRECTION('',(-0.577350269189626,0.577350269189626,0.577350269189626));
#15676=DIRECTION('center_axis',(0.707106781186548,0.,0.707106781186548));
#15677=DIRECTION('ref_axis',(0.,-1.,0.));
#15678=DIRECTION('axis',(0.,0.,1.));
#15679=DIRECTION('refdir',(1.,0.,0.));
#15680=DIRECTION('center_axis',(0.,1.,-2.2E-16));
#15681=DIRECTION('ref_axis',(1.,0.,0.));
#15682=DIRECTION('center_axis',(0.,-1.,-2.2E-16));
#15683=DIRECTION('ref_axis',(1.,0.,0.));
#15684=DIRECTION('',(0.,-1.,2.2E-16));
#15685=DIRECTION('center_axis',(0.,-1.,-2.2E-16));
#15686=DIRECTION('ref_axis',(1.,0.,0.));
#15687=DIRECTION('',(0.,-1.,2.2E-16));
#15688=DIRECTION('center_axis',(0.991744891961552,-2.99999999999764E-17,
-0.128226632444942));
#15689=DIRECTION('ref_axis',(-0.128226632444942,-2.19999999999801E-16,-0.991744891961552));
#15690=DIRECTION('',(-0.128226632444942,2.19999999999801E-16,-0.991744891961552));
#15691=DIRECTION('',(0.,-1.,2.2E-16));
#15692=DIRECTION('',(-0.128226632444942,2.19999999999801E-16,-0.991744891961552));
#15693=DIRECTION('center_axis',(0.,1.,-2.2E-16));
#15694=DIRECTION('ref_axis',(1.,0.,0.));
#15695=DIRECTION('center_axis',(0.,-1.,-2.2E-16));
#15696=DIRECTION('ref_axis',(1.,0.,0.));
#15697=DIRECTION('',(0.,-1.,2.2E-16));
#15698=DIRECTION('center_axis',(0.,-1.,-2.2E-16));
#15699=DIRECTION('ref_axis',(1.,0.,0.));
#15700=DIRECTION('center_axis',(0.,-2.2E-16,-1.));
#15701=DIRECTION('ref_axis',(-1.,0.,0.));
#15702=DIRECTION('',(-1.,0.,0.));
#15703=DIRECTION('',(0.,-1.,2.2E-16));
#15704=DIRECTION('',(-1.,0.,0.));
#15705=DIRECTION('center_axis',(-1.,0.,0.));
#15706=DIRECTION('ref_axis',(0.,2.2E-16,1.));
#15707=DIRECTION('',(0.,-1.,2.2E-16));
#15708=DIRECTION('',(0.,-2.2E-16,1.));
#15709=DIRECTION('',(0.,-2.2E-16,1.));
#15710=DIRECTION('center_axis',(0.,-2.2E-16,-1.));
#15711=DIRECTION('ref_axis',(-1.,0.,0.));
#15712=DIRECTION('',(0.,-1.,2.2E-16));
#15713=DIRECTION('',(-1.,0.,0.));
#15714=DIRECTION('',(-1.,0.,0.));
#15715=DIRECTION('center_axis',(0.,-2.2E-16,-1.));
#15716=DIRECTION('ref_axis',(-1.,0.,0.));
#15717=DIRECTION('',(0.,-1.,2.2E-16));
#15718=DIRECTION('',(-1.,0.,0.));
#15719=DIRECTION('',(-1.,0.,0.));
#15720=DIRECTION('center_axis',(0.,1.,-2.2E-16));
#15721=DIRECTION('ref_axis',(1.,0.,0.));
#15722=DIRECTION('center_axis',(0.,-1.,-2.2E-16));
#15723=DIRECTION('ref_axis',(1.,0.,0.));
#15724=DIRECTION('',(0.,-1.,2.2E-16));
#15725=DIRECTION('center_axis',(0.,-1.,-2.2E-16));
#15726=DIRECTION('ref_axis',(1.,0.,0.));
#15727=DIRECTION('center_axis',(0.991468110678474,-2.99999999999944E-17,
-0.130349474520062));
#15728=DIRECTION('ref_axis',(-0.130349474520062,-2.20000000000005E-16,-0.991468110678475));
#15729=DIRECTION('',(0.,-1.,2.2E-16));
#15730=DIRECTION('',(-0.130349474520062,2.20000000000005E-16,-0.991468110678474));
#15731=DIRECTION('',(-0.130349474520062,2.20000000000005E-16,-0.991468110678474));
#15732=DIRECTION('center_axis',(0.,1.,-2.2E-16));
#15733=DIRECTION('ref_axis',(1.,0.,0.));
#15734=DIRECTION('center_axis',(0.,-1.,-2.2E-16));
#15735=DIRECTION('ref_axis',(1.,0.,0.));
#15736=DIRECTION('',(0.,-1.,2.2E-16));
#15737=DIRECTION('center_axis',(0.,-1.,-2.2E-16));
#15738=DIRECTION('ref_axis',(1.,0.,0.));
#15739=DIRECTION('center_axis',(1.,0.,0.));
#15740=DIRECTION('ref_axis',(0.,-2.2E-16,-1.));
#15741=DIRECTION('',(0.,2.2E-16,-1.));
#15742=DIRECTION('',(0.,2.2E-16,-1.));
#15743=DIRECTION('center_axis',(0.,1.,0.));
#15744=DIRECTION('ref_axis',(0.,0.,1.));
#15745=DIRECTION('center_axis',(0.,1.,0.));
#15746=DIRECTION('ref_axis',(0.,0.,1.));
#15747=DIRECTION('center_axis',(0.,1.,-2.2E-16));
#15748=DIRECTION('ref_axis',(1.,0.,0.));
#15749=DIRECTION('center_axis',(0.,-1.,-2.2E-16));
#15750=DIRECTION('ref_axis',(1.,0.,0.));
#15751=DIRECTION('',(0.,-1.,2.2E-16));
#15752=DIRECTION('center_axis',(0.,-1.,-2.2E-16));
#15753=DIRECTION('ref_axis',(1.,0.,0.));
#15754=DIRECTION('',(0.,-1.,2.2E-16));
#15755=DIRECTION('center_axis',(0.991744891961552,-2.99999999999764E-17,
-0.128226632444942));
#15756=DIRECTION('ref_axis',(-0.128226632444942,-2.19999999999801E-16,-0.991744891961552));
#15757=DIRECTION('',(-0.128226632444942,2.19999999999801E-16,-0.991744891961552));
#15758=DIRECTION('',(0.,-1.,2.2E-16));
#15759=DIRECTION('',(-0.128226632444942,2.19999999999801E-16,-0.991744891961552));
#15760=DIRECTION('center_axis',(0.,1.,-2.2E-16));
#15761=DIRECTION('ref_axis',(1.,0.,0.));
#15762=DIRECTION('center_axis',(0.,-1.,-2.2E-16));
#15763=DIRECTION('ref_axis',(1.,0.,0.));
#15764=DIRECTION('',(0.,-1.,2.2E-16));
#15765=DIRECTION('center_axis',(0.,-1.,-2.2E-16));
#15766=DIRECTION('ref_axis',(1.,0.,0.));
#15767=DIRECTION('center_axis',(0.,-2.2E-16,-1.));
#15768=DIRECTION('ref_axis',(-1.,0.,0.));
#15769=DIRECTION('',(-1.,0.,0.));
#15770=DIRECTION('',(0.,-1.,2.2E-16));
#15771=DIRECTION('',(-1.,0.,0.));
#15772=DIRECTION('center_axis',(-1.,0.,0.));
#15773=DIRECTION('ref_axis',(0.,2.2E-16,1.));
#15774=DIRECTION('',(0.,-1.,2.2E-16));
#15775=DIRECTION('',(0.,-2.2E-16,1.));
#15776=DIRECTION('',(0.,-2.2E-16,1.));
#15777=DIRECTION('center_axis',(0.,-2.2E-16,-1.));
#15778=DIRECTION('ref_axis',(-1.,0.,0.));
#15779=DIRECTION('',(0.,-1.,2.2E-16));
#15780=DIRECTION('',(-1.,0.,0.));
#15781=DIRECTION('',(-1.,0.,0.));
#15782=DIRECTION('center_axis',(0.,-2.2E-16,-1.));
#15783=DIRECTION('ref_axis',(-1.,0.,0.));
#15784=DIRECTION('',(0.,-1.,2.2E-16));
#15785=DIRECTION('',(-1.,0.,0.));
#15786=DIRECTION('',(-1.,0.,0.));
#15787=DIRECTION('center_axis',(0.,1.,-2.2E-16));
#15788=DIRECTION('ref_axis',(1.,0.,0.));
#15789=DIRECTION('center_axis',(0.,-1.,-2.2E-16));
#15790=DIRECTION('ref_axis',(1.,0.,0.));
#15791=DIRECTION('',(0.,-1.,2.2E-16));
#15792=DIRECTION('center_axis',(0.,-1.,-2.2E-16));
#15793=DIRECTION('ref_axis',(1.,0.,0.));
#15794=DIRECTION('center_axis',(0.991468110678474,-2.99999999999944E-17,
-0.130349474520062));
#15795=DIRECTION('ref_axis',(-0.130349474520062,-2.20000000000005E-16,-0.991468110678475));
#15796=DIRECTION('',(0.,-1.,2.2E-16));
#15797=DIRECTION('',(-0.130349474520062,2.20000000000005E-16,-0.991468110678474));
#15798=DIRECTION('',(-0.130349474520062,2.20000000000005E-16,-0.991468110678474));
#15799=DIRECTION('center_axis',(0.,1.,-2.2E-16));
#15800=DIRECTION('ref_axis',(1.,0.,0.));
#15801=DIRECTION('center_axis',(0.,-1.,-2.2E-16));
#15802=DIRECTION('ref_axis',(1.,0.,0.));
#15803=DIRECTION('',(0.,-1.,2.2E-16));
#15804=DIRECTION('center_axis',(0.,-1.,-2.2E-16));
#15805=DIRECTION('ref_axis',(1.,0.,0.));
#15806=DIRECTION('center_axis',(1.,0.,0.));
#15807=DIRECTION('ref_axis',(0.,-2.2E-16,-1.));
#15808=DIRECTION('',(0.,2.2E-16,-1.));
#15809=DIRECTION('',(0.,2.2E-16,-1.));
#15810=DIRECTION('center_axis',(0.,1.,0.));
#15811=DIRECTION('ref_axis',(0.,0.,1.));
#15812=DIRECTION('center_axis',(0.,1.,0.));
#15813=DIRECTION('ref_axis',(0.,0.,1.));
#15814=DIRECTION('center_axis',(0.,-1.,2.2E-16));
#15815=DIRECTION('ref_axis',(-1.,0.,0.));
#15816=DIRECTION('center_axis',(0.,1.,-2.2E-16));
#15817=DIRECTION('ref_axis',(-1.,0.,0.));
#15818=DIRECTION('',(0.,1.,-2.2E-16));
#15819=DIRECTION('center_axis',(0.,1.,-2.2E-16));
#15820=DIRECTION('ref_axis',(-1.,0.,0.));
#15821=DIRECTION('',(0.,1.,-2.2E-16));
#15822=DIRECTION('center_axis',(-0.991744891961552,-2.99999999999764E-17,
-0.128226632444942));
#15823=DIRECTION('ref_axis',(0.128226632444942,-2.19999999999801E-16,-0.991744891961552));
#15824=DIRECTION('',(0.128226632444942,-2.19999999999801E-16,-0.991744891961552));
#15825=DIRECTION('',(0.,1.,-2.2E-16));
#15826=DIRECTION('',(0.128226632444942,-2.19999999999801E-16,-0.991744891961552));
#15827=DIRECTION('center_axis',(0.,-1.,2.2E-16));
#15828=DIRECTION('ref_axis',(-1.,0.,0.));
#15829=DIRECTION('center_axis',(0.,1.,-2.2E-16));
#15830=DIRECTION('ref_axis',(-1.,0.,0.));
#15831=DIRECTION('',(0.,1.,-2.2E-16));
#15832=DIRECTION('center_axis',(0.,1.,-2.2E-16));
#15833=DIRECTION('ref_axis',(-1.,0.,0.));
#15834=DIRECTION('center_axis',(0.,-2.2E-16,-1.));
#15835=DIRECTION('ref_axis',(1.,0.,0.));
#15836=DIRECTION('',(1.,0.,0.));
#15837=DIRECTION('',(0.,1.,-2.2E-16));
#15838=DIRECTION('',(1.,0.,0.));
#15839=DIRECTION('center_axis',(1.,0.,0.));
#15840=DIRECTION('ref_axis',(0.,2.2E-16,1.));
#15841=DIRECTION('',(0.,1.,-2.2E-16));
#15842=DIRECTION('',(0.,2.2E-16,1.));
#15843=DIRECTION('',(0.,2.2E-16,1.));
#15844=DIRECTION('center_axis',(0.,-2.2E-16,-1.));
#15845=DIRECTION('ref_axis',(1.,0.,0.));
#15846=DIRECTION('',(0.,1.,-2.2E-16));
#15847=DIRECTION('',(1.,0.,0.));
#15848=DIRECTION('',(1.,0.,0.));
#15849=DIRECTION('center_axis',(0.,-2.2E-16,-1.));
#15850=DIRECTION('ref_axis',(1.,0.,0.));
#15851=DIRECTION('',(0.,1.,-2.2E-16));
#15852=DIRECTION('',(1.,0.,0.));
#15853=DIRECTION('',(1.,0.,0.));
#15854=DIRECTION('center_axis',(0.,-1.,2.2E-16));
#15855=DIRECTION('ref_axis',(-1.,0.,0.));
#15856=DIRECTION('center_axis',(0.,1.,-2.2E-16));
#15857=DIRECTION('ref_axis',(-1.,0.,0.));
#15858=DIRECTION('',(0.,1.,-2.2E-16));
#15859=DIRECTION('center_axis',(0.,1.,-2.2E-16));
#15860=DIRECTION('ref_axis',(-1.,0.,0.));
#15861=DIRECTION('center_axis',(-0.991468110678474,-2.99999999999944E-17,
-0.130349474520062));
#15862=DIRECTION('ref_axis',(0.130349474520062,-2.20000000000005E-16,-0.991468110678475));
#15863=DIRECTION('',(0.,1.,-2.2E-16));
#15864=DIRECTION('',(0.130349474520062,-2.20000000000005E-16,-0.991468110678474));
#15865=DIRECTION('',(0.130349474520062,-2.20000000000005E-16,-0.991468110678474));
#15866=DIRECTION('center_axis',(0.,-1.,2.2E-16));
#15867=DIRECTION('ref_axis',(-1.,0.,0.));
#15868=DIRECTION('center_axis',(0.,1.,-2.2E-16));
#15869=DIRECTION('ref_axis',(-1.,0.,0.));
#15870=DIRECTION('',(0.,1.,-2.2E-16));
#15871=DIRECTION('center_axis',(0.,1.,-2.2E-16));
#15872=DIRECTION('ref_axis',(-1.,0.,0.));
#15873=DIRECTION('center_axis',(-1.,0.,0.));
#15874=DIRECTION('ref_axis',(0.,-2.2E-16,-1.));
#15875=DIRECTION('',(0.,-2.2E-16,-1.));
#15876=DIRECTION('',(0.,-2.2E-16,-1.));
#15877=DIRECTION('center_axis',(0.,-1.,4.4E-16));
#15878=DIRECTION('ref_axis',(0.,4.4E-16,1.));
#15879=DIRECTION('center_axis',(0.,-1.,4.4E-16));
#15880=DIRECTION('ref_axis',(0.,4.4E-16,1.));
#15881=DIRECTION('center_axis',(0.,-1.,-2.2E-16));
#15882=DIRECTION('ref_axis',(-1.,0.,0.));
#15883=DIRECTION('center_axis',(0.,1.,-2.2E-16));
#15884=DIRECTION('ref_axis',(-1.,0.,0.));
#15885=DIRECTION('',(0.,1.,2.2E-16));
#15886=DIRECTION('center_axis',(0.,1.,-2.2E-16));
#15887=DIRECTION('ref_axis',(-1.,0.,0.));
#15888=DIRECTION('',(0.,1.,2.2E-16));
#15889=DIRECTION('center_axis',(-0.991744891961552,2.99999999999764E-17,
-0.128226632444942));
#15890=DIRECTION('ref_axis',(0.128226632444942,2.19999999999801E-16,-0.991744891961552));
#15891=DIRECTION('',(0.128226632444942,-2.19999999999801E-16,-0.991744891961552));
#15892=DIRECTION('',(0.,1.,2.2E-16));
#15893=DIRECTION('',(0.128226632444942,-2.19999999999801E-16,-0.991744891961552));
#15894=DIRECTION('center_axis',(0.,-1.,-2.2E-16));
#15895=DIRECTION('ref_axis',(-1.,0.,0.));
#15896=DIRECTION('center_axis',(0.,1.,-2.2E-16));
#15897=DIRECTION('ref_axis',(-1.,0.,0.));
#15898=DIRECTION('',(0.,1.,2.2E-16));
#15899=DIRECTION('center_axis',(0.,1.,-2.2E-16));
#15900=DIRECTION('ref_axis',(-1.,0.,0.));
#15901=DIRECTION('center_axis',(0.,2.2E-16,-1.));
#15902=DIRECTION('ref_axis',(1.,0.,0.));
#15903=DIRECTION('',(1.,0.,0.));
#15904=DIRECTION('',(0.,1.,2.2E-16));
#15905=DIRECTION('',(1.,0.,0.));
#15906=DIRECTION('center_axis',(1.,0.,0.));
#15907=DIRECTION('ref_axis',(0.,-2.2E-16,1.));
#15908=DIRECTION('',(0.,1.,2.2E-16));
#15909=DIRECTION('',(0.,2.2E-16,1.));
#15910=DIRECTION('',(0.,2.2E-16,1.));
#15911=DIRECTION('center_axis',(0.,2.2E-16,-1.));
#15912=DIRECTION('ref_axis',(1.,0.,0.));
#15913=DIRECTION('',(0.,1.,2.2E-16));
#15914=DIRECTION('',(1.,0.,0.));
#15915=DIRECTION('',(1.,0.,0.));
#15916=DIRECTION('center_axis',(0.,2.2E-16,-1.));
#15917=DIRECTION('ref_axis',(1.,0.,0.));
#15918=DIRECTION('',(0.,1.,2.2E-16));
#15919=DIRECTION('',(1.,0.,0.));
#15920=DIRECTION('',(1.,0.,0.));
#15921=DIRECTION('center_axis',(0.,-1.,-2.2E-16));
#15922=DIRECTION('ref_axis',(-1.,0.,0.));
#15923=DIRECTION('center_axis',(0.,1.,-2.2E-16));
#15924=DIRECTION('ref_axis',(-1.,0.,0.));
#15925=DIRECTION('',(0.,1.,2.2E-16));
#15926=DIRECTION('center_axis',(0.,1.,-2.2E-16));
#15927=DIRECTION('ref_axis',(-1.,0.,0.));
#15928=DIRECTION('center_axis',(-0.991468110678474,2.99999999999944E-17,
-0.130349474520062));
#15929=DIRECTION('ref_axis',(0.130349474520062,2.20000000000005E-16,-0.991468110678475));
#15930=DIRECTION('',(0.,1.,2.2E-16));
#15931=DIRECTION('',(0.130349474520062,-2.20000000000005E-16,-0.991468110678474));
#15932=DIRECTION('',(0.130349474520062,-2.20000000000005E-16,-0.991468110678474));
#15933=DIRECTION('center_axis',(0.,-1.,-2.2E-16));
#15934=DIRECTION('ref_axis',(-1.,0.,0.));
#15935=DIRECTION('center_axis',(0.,1.,-2.2E-16));
#15936=DIRECTION('ref_axis',(-1.,0.,0.));
#15937=DIRECTION('',(0.,1.,2.2E-16));
#15938=DIRECTION('center_axis',(0.,1.,-2.2E-16));
#15939=DIRECTION('ref_axis',(-1.,0.,0.));
#15940=DIRECTION('center_axis',(-1.,0.,0.));
#15941=DIRECTION('ref_axis',(0.,2.2E-16,-1.));
#15942=DIRECTION('',(0.,-2.2E-16,-1.));
#15943=DIRECTION('',(0.,-2.2E-16,-1.));
#15944=DIRECTION('center_axis',(0.,-1.,0.));
#15945=DIRECTION('ref_axis',(0.,0.,1.));
#15946=DIRECTION('center_axis',(0.,-1.,0.));
#15947=DIRECTION('ref_axis',(0.,0.,1.));
#15948=DIRECTION('center_axis',(0.,0.,-1.));
#15949=DIRECTION('ref_axis',(1.,0.,0.));
#15950=DIRECTION('center_axis',(0.,0.,1.));
#15951=DIRECTION('ref_axis',(1.,0.,0.));
#15952=DIRECTION('',(0.,0.,1.));
#15953=DIRECTION('center_axis',(0.,0.,1.));
#15954=DIRECTION('ref_axis',(1.,0.,0.));
#15955=DIRECTION('center_axis',(0.,0.,1.));
#15956=DIRECTION('ref_axis',(1.,0.,0.));
#15957=DIRECTION('center_axis',(0.,-1.,0.));
#15958=DIRECTION('ref_axis',(1.,0.,0.));
#15959=DIRECTION('center_axis',(0.,0.,1.));
#15960=DIRECTION('ref_axis',(1.,0.,0.));
#15961=DIRECTION('center_axis',(0.,0.,1.));
#15962=DIRECTION('ref_axis',(1.,0.,0.));
#15963=DIRECTION('center_axis',(0.,0.,1.));
#15964=DIRECTION('ref_axis',(1.,0.,0.));
#15965=DIRECTION('center_axis',(-1.,0.,0.));
#15966=DIRECTION('ref_axis',(0.,1.,0.));
#15967=DIRECTION('',(0.,1.,0.));
#15968=DIRECTION('',(0.,0.,1.));
#15969=DIRECTION('',(0.,1.,0.));
#15970=DIRECTION('',(0.,0.,1.));
#15971=DIRECTION('',(0.,1.,0.));
#15972=DIRECTION('',(0.,0.,1.));
#15973=DIRECTION('',(0.,1.,0.));
#15974=DIRECTION('',(0.,0.,1.));
#15975=DIRECTION('center_axis',(0.,0.,1.));
#15976=DIRECTION('ref_axis',(1.,0.,0.));
#15977=DIRECTION('',(1.,0.,0.));
#15978=DIRECTION('',(0.,1.,0.));
#15979=DIRECTION('',(-1.,0.,0.));
#15980=DIRECTION('center_axis',(0.,0.,1.));
#15981=DIRECTION('ref_axis',(1.,0.,0.));
#15982=DIRECTION('center_axis',(0.,1.,0.));
#15983=DIRECTION('ref_axis',(1.,0.,0.));
#15984=DIRECTION('',(1.,0.,0.));
#15985=DIRECTION('',(0.,0.,1.));
#15986=DIRECTION('center_axis',(0.,0.,1.));
#15987=DIRECTION('ref_axis',(1.,0.,0.));
#15988=DIRECTION('',(1.,0.,0.));
#15989=DIRECTION('',(0.,-1.,0.));
#15990=DIRECTION('',(1.,0.,0.));
#15991=DIRECTION('',(0.,-1.,0.));
#15992=DIRECTION('',(-1.,0.,0.));
#15993=DIRECTION('',(1.8E-16,-1.,0.));
#15994=DIRECTION('',(-1.,0.,0.));
#15995=DIRECTION('',(0.,1.,0.));
#15996=DIRECTION('',(-1.,0.,0.));
#15997=DIRECTION('',(0.,1.,0.));
#15998=DIRECTION('center_axis',(0.,1.,0.));
#15999=DIRECTION('ref_axis',(1.,0.,0.));
#16000=DIRECTION('',(1.,0.,0.));
#16001=DIRECTION('',(0.,0.,1.));
#16002=DIRECTION('center_axis',(0.,0.,1.));
#16003=DIRECTION('ref_axis',(1.,0.,0.));
#16004=DIRECTION('center_axis',(0.,0.,1.));
#16005=DIRECTION('ref_axis',(1.,0.,0.));
#16006=DIRECTION('',(1.,0.,0.));
#16007=DIRECTION('',(0.,-1.,0.));
#16008=DIRECTION('center_axis',(0.,0.,-1.));
#16009=DIRECTION('ref_axis',(1.,0.,0.));
#16010=DIRECTION('center_axis',(0.,0.,1.));
#16011=DIRECTION('ref_axis',(1.,0.,0.));
#16012=DIRECTION('',(0.,0.,1.));
#16013=DIRECTION('center_axis',(0.,0.,1.));
#16014=DIRECTION('ref_axis',(1.,0.,0.));
#16015=DIRECTION('center_axis',(0.,0.,1.));
#16016=DIRECTION('ref_axis',(1.,0.,0.));
#16017=DIRECTION('',(-1.,0.,0.));
#16018=DIRECTION('center_axis',(0.,0.,1.));
#16019=DIRECTION('ref_axis',(1.,0.,0.));
#16020=DIRECTION('',(0.,-1.,0.));
#16021=DIRECTION('center_axis',(0.,0.,1.));
#16022=DIRECTION('ref_axis',(1.,0.,0.));
#16023=DIRECTION('',(1.,0.,0.));
#16024=DIRECTION('center_axis',(0.,0.,-1.));
#16025=DIRECTION('ref_axis',(1.,0.,0.));
#16026=DIRECTION('',(0.,0.,1.));
#16027=DIRECTION('center_axis',(-1.,0.,0.));
#16028=DIRECTION('ref_axis',(0.,1.,0.));
#16029=DIRECTION('',(0.,0.,1.));
#16030=DIRECTION('center_axis',(0.,-1.,0.));
#16031=DIRECTION('ref_axis',(-1.,0.,0.));
#16032=DIRECTION('',(-1.,0.,0.));
#16033=DIRECTION('',(0.,0.,1.));
#16034=DIRECTION('',(0.,0.,1.));
#16035=DIRECTION('center_axis',(1.,0.,0.));
#16036=DIRECTION('ref_axis',(0.,-1.,0.));
#16037=DIRECTION('',(0.,0.,1.));
#16038=DIRECTION('center_axis',(0.,1.,0.));
#16039=DIRECTION('ref_axis',(1.,0.,0.));
#16040=DIRECTION('',(0.,0.,1.));
#16041=DIRECTION('',(1.,0.,0.));
#16042=DIRECTION('',(0.,0.,1.));
#16043=DIRECTION('center_axis',(1.,0.,0.));
#16044=DIRECTION('ref_axis',(0.,-1.,0.));
#16045=DIRECTION('',(0.,-1.,0.));
#16046=DIRECTION('',(0.,0.,1.));
#16047=DIRECTION('center_axis',(0.,-1.,0.));
#16048=DIRECTION('ref_axis',(-1.,0.,0.));
#16049=DIRECTION('',(0.,0.,1.));
#16050=DIRECTION('',(-1.,0.,0.));
#16051=DIRECTION('center_axis',(1.,0.,0.));
#16052=DIRECTION('ref_axis',(0.,-1.,0.));
#16053=DIRECTION('',(0.,-1.,0.));
#16054=DIRECTION('',(0.,0.,1.));
#16055=DIRECTION('',(0.,0.,1.));
#16056=DIRECTION('',(0.,-1.,0.));
#16057=DIRECTION('',(0.,0.,1.));
#16058=DIRECTION('center_axis',(0.,-1.,0.));
#16059=DIRECTION('ref_axis',(-1.,0.,0.));
#16060=DIRECTION('',(-1.,0.,0.));
#16061=DIRECTION('',(0.,0.,1.));
#16062=DIRECTION('center_axis',(-1.,0.,0.));
#16063=DIRECTION('ref_axis',(0.,1.,0.));
#16064=DIRECTION('',(0.,1.,0.));
#16065=DIRECTION('center_axis',(0.,0.,-1.));
#16066=DIRECTION('ref_axis',(1.,0.,0.));
#16067=DIRECTION('center_axis',(0.,0.,1.));
#16068=DIRECTION('ref_axis',(1.,0.,0.));
#16069=DIRECTION('center_axis',(0.,0.,-1.));
#16070=DIRECTION('ref_axis',(1.,0.,0.));
#16071=DIRECTION('center_axis',(0.,0.,1.));
#16072=DIRECTION('ref_axis',(1.,0.,0.));
#16073=DIRECTION('center_axis',(0.,0.,1.));
#16074=DIRECTION('ref_axis',(1.,0.,0.));
#16075=DIRECTION('center_axis',(0.,0.,1.));
#16076=DIRECTION('ref_axis',(1.,0.,0.));
#16077=DIRECTION('center_axis',(-1.,0.,0.));
#16078=DIRECTION('ref_axis',(0.,1.,0.));
#16079=DIRECTION('',(0.,0.,1.));
#16080=DIRECTION('',(0.,1.,0.));
#16081=DIRECTION('',(0.,0.,1.));
#16082=DIRECTION('',(0.,1.,0.));
#16083=DIRECTION('center_axis',(0.,0.,-1.));
#16084=DIRECTION('ref_axis',(-0.707106781228975,0.707106781144121,0.));
#16085=DIRECTION('center_axis',(0.,0.,1.));
#16086=DIRECTION('ref_axis',(1.,0.,0.));
#16087=DIRECTION('center_axis',(0.,0.,1.));
#16088=DIRECTION('ref_axis',(1.,0.,0.));
#16089=DIRECTION('',(0.,0.,1.));
#16090=DIRECTION('center_axis',(0.,1.,0.));
#16091=DIRECTION('ref_axis',(1.,0.,0.));
#16092=DIRECTION('',(1.,0.,0.));
#16093=DIRECTION('',(0.,0.,1.));
#16094=DIRECTION('',(1.,0.,0.));
#16095=DIRECTION('center_axis',(1.,0.,0.));
#16096=DIRECTION('ref_axis',(0.,-1.,0.));
#16097=DIRECTION('',(0.,-1.,0.));
#16098=DIRECTION('',(0.,0.,1.));
#16099=DIRECTION('',(0.,-1.,0.));
#16100=DIRECTION('center_axis',(0.,1.,0.));
#16101=DIRECTION('ref_axis',(1.,0.,0.));
#16102=DIRECTION('',(1.,0.,0.));
#16103=DIRECTION('',(0.,0.,1.));
#16104=DIRECTION('',(1.,0.,0.));
#16105=DIRECTION('center_axis',(1.,0.,0.));
#16106=DIRECTION('ref_axis',(0.,-1.,0.));
#16107=DIRECTION('',(0.,0.,1.));
#16108=DIRECTION('',(0.,-1.,0.));
#16109=DIRECTION('',(0.,-1.,0.));
#16110=DIRECTION('center_axis',(0.,1.,0.));
#16111=DIRECTION('ref_axis',(1.,0.,0.));
#16112=DIRECTION('',(1.,0.,0.));
#16113=DIRECTION('',(0.,0.,1.));
#16114=DIRECTION('',(1.,0.,0.));
#16115=DIRECTION('center_axis',(0.,0.,-1.));
#16116=DIRECTION('ref_axis',(1.,0.,0.));
#16117=DIRECTION('center_axis',(0.,0.,1.));
#16118=DIRECTION('ref_axis',(1.,0.,0.));
#16119=DIRECTION('center_axis',(0.,0.,1.));
#16120=DIRECTION('ref_axis',(1.,0.,0.));
#16121=DIRECTION('',(0.,0.,1.));
#16122=DIRECTION('center_axis',(1.,0.,0.));
#16123=DIRECTION('ref_axis',(0.,-1.,0.));
#16124=DIRECTION('',(0.,-1.,0.));
#16125=DIRECTION('',(0.,0.,1.));
#16126=DIRECTION('',(0.,-1.,0.));
#16127=DIRECTION('center_axis',(0.,-1.,0.));
#16128=DIRECTION('ref_axis',(-1.,0.,0.));
#16129=DIRECTION('',(-1.,0.,0.));
#16130=DIRECTION('',(0.,0.,1.));
#16131=DIRECTION('',(-1.,0.,0.));
#16132=DIRECTION('center_axis',(1.,0.,0.));
#16133=DIRECTION('ref_axis',(0.,-1.,0.));
#16134=DIRECTION('',(0.,-1.,0.));
#16135=DIRECTION('',(0.,0.,1.));
#16136=DIRECTION('',(0.,-1.,0.));
#16137=DIRECTION('center_axis',(0.,-1.,0.));
#16138=DIRECTION('ref_axis',(-1.,0.,0.));
#16139=DIRECTION('',(0.,0.,1.));
#16140=DIRECTION('',(-1.,0.,0.));
#16141=DIRECTION('',(-1.,0.,0.));
#16142=DIRECTION('center_axis',(1.,0.,0.));
#16143=DIRECTION('ref_axis',(0.,-1.,0.));
#16144=DIRECTION('',(0.,-1.,0.));
#16145=DIRECTION('',(0.,0.,1.));
#16146=DIRECTION('',(0.,-1.,0.));
#16147=DIRECTION('center_axis',(0.,0.,-1.));
#16148=DIRECTION('ref_axis',(1.,0.,0.));
#16149=DIRECTION('center_axis',(0.,0.,1.));
#16150=DIRECTION('ref_axis',(1.,0.,0.));
#16151=DIRECTION('center_axis',(0.,0.,1.));
#16152=DIRECTION('ref_axis',(1.,0.,0.));
#16153=DIRECTION('',(0.,0.,1.));
#16154=DIRECTION('center_axis',(0.,-1.,0.));
#16155=DIRECTION('ref_axis',(-1.,0.,0.));
#16156=DIRECTION('',(-1.,0.,0.));
#16157=DIRECTION('',(0.,0.,1.));
#16158=DIRECTION('',(-1.,0.,0.));
#16159=DIRECTION('center_axis',(-1.,0.,0.));
#16160=DIRECTION('ref_axis',(0.,1.,0.));
#16161=DIRECTION('',(0.,1.,0.));
#16162=DIRECTION('',(0.,0.,1.));
#16163=DIRECTION('',(0.,1.,0.));
#16164=DIRECTION('center_axis',(0.,1.,0.));
#16165=DIRECTION('ref_axis',(1.,0.,0.));
#16166=DIRECTION('',(0.,0.,1.));
#16167=DIRECTION('',(1.,0.,0.));
#16168=DIRECTION('',(1.,0.,0.));
#16169=DIRECTION('center_axis',(-1.,0.,0.));
#16170=DIRECTION('ref_axis',(0.,1.,0.));
#16171=DIRECTION('',(0.,0.,1.));
#16172=DIRECTION('',(0.,1.,0.));
#16173=DIRECTION('',(0.,1.,0.));
#16174=DIRECTION('center_axis',(0.,-1.,0.));
#16175=DIRECTION('ref_axis',(-1.,0.,0.));
#16176=DIRECTION('',(-1.,0.,0.));
#16177=DIRECTION('',(0.,0.,1.));
#16178=DIRECTION('',(-1.,0.,0.));
#16179=DIRECTION('center_axis',(0.,0.,-1.));
#16180=DIRECTION('ref_axis',(1.,0.,0.));
#16181=DIRECTION('center_axis',(0.,0.,1.));
#16182=DIRECTION('ref_axis',(1.,0.,0.));
#16183=DIRECTION('center_axis',(0.,0.,1.));
#16184=DIRECTION('ref_axis',(1.,0.,0.));
#16185=DIRECTION('',(0.,0.,1.));
#16186=DIRECTION('center_axis',(-1.,0.,0.));
#16187=DIRECTION('ref_axis',(0.,1.,0.));
#16188=DIRECTION('',(0.,1.,0.));
#16189=DIRECTION('',(0.,0.,1.));
#16190=DIRECTION('',(0.,1.,0.));
#16191=DIRECTION('center_axis',(0.,1.,0.));
#16192=DIRECTION('ref_axis',(1.,0.,0.));
#16193=DIRECTION('',(1.,0.,0.));
#16194=DIRECTION('',(0.,0.,1.));
#16195=DIRECTION('',(1.,0.,0.));
#16196=DIRECTION('center_axis',(-1.,0.,0.));
#16197=DIRECTION('ref_axis',(0.,1.,0.));
#16198=DIRECTION('',(0.,1.,0.));
#16199=DIRECTION('',(0.,0.,1.));
#16200=DIRECTION('',(0.,1.,0.));
#16201=DIRECTION('center_axis',(0.,1.,0.));
#16202=DIRECTION('ref_axis',(1.,0.,0.));
#16203=DIRECTION('',(1.,0.,0.));
#16204=DIRECTION('',(1.,0.,0.));
#16205=DIRECTION('center_axis',(0.,0.,-1.));
#16206=DIRECTION('ref_axis',(1.,0.,0.));
#16207=DIRECTION('center_axis',(0.,0.,1.));
#16208=DIRECTION('ref_axis',(1.,0.,0.));
#16209=DIRECTION('',(0.,0.,-1.));
#16210=DIRECTION('center_axis',(0.,0.,1.));
#16211=DIRECTION('ref_axis',(1.,0.,0.));
#16212=DIRECTION('center_axis',(0.,0.,1.));
#16213=DIRECTION('ref_axis',(0.,1.,0.));
#16214=DIRECTION('center_axis',(0.,0.,1.));
#16215=DIRECTION('ref_axis',(0.,1.,0.));
#16216=DIRECTION('center_axis',(0.,0.,-1.));
#16217=DIRECTION('ref_axis',(1.,0.,0.));
#16218=DIRECTION('center_axis',(0.,0.,1.));
#16219=DIRECTION('ref_axis',(1.,0.,0.));
#16220=DIRECTION('',(0.,0.,1.));
#16221=DIRECTION('center_axis',(2.48538407442E-32,-1.389693795009E-32,1.));
#16222=DIRECTION('ref_axis',(1.,1.071821882094E-32,-2.48538407442E-32));
#16223=DIRECTION('center_axis',(2.48538407442E-32,-1.389693795009E-32,1.));
#16224=DIRECTION('ref_axis',(1.,1.071821882094E-32,0.));
#16225=DIRECTION('center_axis',(2.48538407442E-32,-1.389693795009E-32,1.));
#16226=DIRECTION('ref_axis',(1.,1.071821882094E-32,-2.48538407442E-32));
#16227=DIRECTION('center_axis',(1.22464679914735E-16,-1.,-1.389693795009E-32));
#16228=DIRECTION('ref_axis',(-1.,-1.22464679914735E-16,0.));
#16229=DIRECTION('center_axis',(2.48538407442E-32,-1.389693795009E-32,1.));
#16230=DIRECTION('ref_axis',(1.,0.,-2.48538407442E-32));
#16231=DIRECTION('center_axis',(2.48538407442E-32,-1.389693795009E-32,1.));
#16232=DIRECTION('ref_axis',(1.,0.,-2.48538407442E-32));
#16233=DIRECTION('center_axis',(0.,0.,-1.));
#16234=DIRECTION('ref_axis',(1.,0.,0.));
#16235=DIRECTION('center_axis',(0.,0.,1.));
#16236=DIRECTION('ref_axis',(1.,0.,0.));
#16237=DIRECTION('',(0.,0.,1.));
#16238=DIRECTION('center_axis',(0.,0.,1.));
#16239=DIRECTION('ref_axis',(1.,0.,0.));
#16240=DIRECTION('center_axis',(0.,0.,1.));
#16241=DIRECTION('ref_axis',(1.,0.,0.));
#16242=DIRECTION('center_axis',(0.,-1.,0.));
#16243=DIRECTION('ref_axis',(1.,0.,0.));
#16244=DIRECTION('center_axis',(0.,0.,1.));
#16245=DIRECTION('ref_axis',(1.,0.,0.));
#16246=DIRECTION('center_axis',(0.,0.,1.));
#16247=DIRECTION('ref_axis',(1.,0.,0.));
#16248=DIRECTION('center_axis',(0.,0.,1.));
#16249=DIRECTION('ref_axis',(1.,0.,0.));
#16250=DIRECTION('center_axis',(0.,0.,-1.));
#16251=DIRECTION('ref_axis',(1.,0.,0.));
#16252=DIRECTION('center_axis',(0.,0.,1.));
#16253=DIRECTION('ref_axis',(1.,0.,0.));
#16254=DIRECTION('',(0.,0.,1.));
#16255=DIRECTION('center_axis',(0.,0.,1.));
#16256=DIRECTION('ref_axis',(1.,0.,0.));
#16257=DIRECTION('center_axis',(0.,0.,1.));
#16258=DIRECTION('ref_axis',(1.,0.,0.));
#16259=DIRECTION('center_axis',(0.,-1.,0.));
#16260=DIRECTION('ref_axis',(1.,0.,0.));
#16261=DIRECTION('center_axis',(0.,0.,1.));
#16262=DIRECTION('ref_axis',(1.,0.,0.));
#16263=DIRECTION('center_axis',(0.,0.,1.));
#16264=DIRECTION('ref_axis',(1.,0.,0.));
#16265=DIRECTION('center_axis',(0.,0.,1.));
#16266=DIRECTION('ref_axis',(1.,0.,0.));
#16267=DIRECTION('center_axis',(0.,0.,-1.));
#16268=DIRECTION('ref_axis',(1.,0.,0.));
#16269=DIRECTION('center_axis',(0.,0.,1.));
#16270=DIRECTION('ref_axis',(1.,0.,0.));
#16271=DIRECTION('',(0.,0.,1.));
#16272=DIRECTION('center_axis',(0.,0.,1.));
#16273=DIRECTION('ref_axis',(1.,0.,0.));
#16274=DIRECTION('center_axis',(0.,0.,1.));
#16275=DIRECTION('ref_axis',(1.,0.,0.));
#16276=DIRECTION('center_axis',(0.,-1.,0.));
#16277=DIRECTION('ref_axis',(1.,0.,0.));
#16278=DIRECTION('center_axis',(0.,0.,1.));
#16279=DIRECTION('ref_axis',(1.,0.,0.));
#16280=DIRECTION('center_axis',(0.,0.,1.));
#16281=DIRECTION('ref_axis',(1.,0.,0.));
#16282=DIRECTION('center_axis',(0.,0.,1.));
#16283=DIRECTION('ref_axis',(1.,0.,0.));
#16284=DIRECTION('axis',(0.,0.,1.));
#16285=DIRECTION('refdir',(1.,0.,0.));
#16286=DIRECTION('center_axis',(0.,0.,-1.));
#16287=DIRECTION('ref_axis',(9.72823979938266E-5,0.999999995268068,0.));
#16288=DIRECTION('',(0.,0.,1.));
#16289=DIRECTION('center_axis',(0.,0.,-1.));
#16290=DIRECTION('ref_axis',(9.72823979938266E-5,0.999999995268068,0.));
#16291=DIRECTION('',(0.,0.,1.));
#16292=DIRECTION('center_axis',(0.,0.,-1.));
#16293=DIRECTION('ref_axis',(9.72823979938266E-5,0.999999995268068,0.));
#16294=DIRECTION('center_axis',(9.69321320225878E-5,0.999999995302081,0.));
#16295=DIRECTION('ref_axis',(0.999999995302081,-9.69321320225879E-5,0.));
#16296=DIRECTION('',(0.,0.,1.));
#16297=DIRECTION('',(0.999999995302081,-9.69321320225879E-5,0.));
#16298=DIRECTION('',(0.999999995302081,-9.69321320225879E-5,0.));
#16299=DIRECTION('center_axis',(1.,0.,0.));
#16300=DIRECTION('ref_axis',(0.,-1.,0.));
#16301=DIRECTION('',(0.,-1.,0.));
#16302=DIRECTION('',(0.,0.,1.));
#16303=DIRECTION('',(0.,-1.,0.));
#16304=DIRECTION('center_axis',(0.,0.,1.));
#16305=DIRECTION('ref_axis',(1.,0.,0.));
#16306=DIRECTION('center_axis',(0.,0.,-1.));
#16307=DIRECTION('ref_axis',(0.999999999999998,6.42331356507099E-8,0.));
#16308=DIRECTION('',(-1.,0.,0.));
#16309=DIRECTION('center_axis',(0.,0.,-1.));
#16310=DIRECTION('ref_axis',(6.42331413350499E-8,-0.999999999999998,0.));
#16311=DIRECTION('',(0.,1.,0.));
#16312=DIRECTION('center_axis',(0.,0.,-1.));
#16313=DIRECTION('ref_axis',(-0.999999999999998,-6.42331427561399E-8,0.));
#16314=DIRECTION('',(1.,0.,0.));
#16315=DIRECTION('',(0.,1.,0.));
#16316=DIRECTION('',(1.,0.,0.));
#16317=DIRECTION('',(0.,1.,0.));
#16318=DIRECTION('',(-0.999999377810269,0.0011155174021193,0.));
#16319=DIRECTION('',(0.,-1.,0.));
#16320=DIRECTION('center_axis',(0.,0.,-1.));
#16321=DIRECTION('ref_axis',(0.,-1.,0.));
#16322=DIRECTION('center_axis',(0.,0.,-1.));
#16323=DIRECTION('ref_axis',(1.2918958832E-14,-1.,0.));
#16324=DIRECTION('center_axis',(0.,0.,-1.));
#16325=DIRECTION('ref_axis',(1.,-7.105427357601E-14,0.));
#16326=DIRECTION('',(0.,1.,0.));
#16327=DIRECTION('center_axis',(0.,0.,-1.));
#16328=DIRECTION('ref_axis',(-1.,7.105427357601E-14,0.));
#16329=DIRECTION('',(0.,-1.,0.));
#16330=DIRECTION('center_axis',(0.,0.,-1.));
#16331=DIRECTION('ref_axis',(1.,-2.368475785867E-14,0.));
#16332=DIRECTION('',(0.,1.,0.));
#16333=DIRECTION('center_axis',(0.,0.,-1.));
#16334=DIRECTION('ref_axis',(-1.,4.736951571734E-14,0.));
#16335=DIRECTION('',(0.,-1.,0.));
#16336=DIRECTION('center_axis',(0.,0.,-1.));
#16337=DIRECTION('ref_axis',(0.,-1.,0.));
#16338=DIRECTION('center_axis',(0.,0.,-1.));
#16339=DIRECTION('ref_axis',(0.,-1.,0.));
#16340=DIRECTION('center_axis',(0.,0.,-1.));
#16341=DIRECTION('ref_axis',(1.,-2.368475785867E-14,0.));
#16342=DIRECTION('',(0.,1.,0.));
#16343=DIRECTION('center_axis',(0.,0.,-1.));
#16344=DIRECTION('ref_axis',(-1.,2.368475785867E-14,0.));
#16345=DIRECTION('',(0.,-1.,0.));
#16346=DIRECTION('center_axis',(0.,0.,-1.));
#16347=DIRECTION('ref_axis',(1.,2.368475785867E-14,0.));
#16348=DIRECTION('',(0.,1.,0.));
#16349=DIRECTION('center_axis',(0.,0.,-1.));
#16350=DIRECTION('ref_axis',(-1.,0.,0.));
#16351=DIRECTION('',(0.,-1.,0.));
#16352=DIRECTION('',(0.999977018890469,0.00677950521282118,0.));
#16353=DIRECTION('',(-0.00211267134148587,0.999997768307411,0.));
#16354=DIRECTION('',(-1.,0.,0.));
#16355=DIRECTION('',(0.,1.,0.));
#16356=DIRECTION('',(-1.,0.,0.));
#16357=DIRECTION('',(-0.000760043211528289,-0.999999711167117,0.));
#16358=DIRECTION('center_axis',(0.,0.,1.));
#16359=DIRECTION('ref_axis',(1.,0.,0.));
#16360=DIRECTION('center_axis',(0.,0.,-1.));
#16361=DIRECTION('ref_axis',(-0.999999999999998,-6.42331427561399E-8,0.));
#16362=DIRECTION('',(0.,1.,0.));
#16363=DIRECTION('center_axis',(0.,0.,-1.));
#16364=DIRECTION('ref_axis',(6.42331413350499E-8,-0.999999999999998,0.));
#16365=DIRECTION('',(-1.,0.,0.));
#16366=DIRECTION('center_axis',(0.,0.,-1.));
#16367=DIRECTION('ref_axis',(0.999999999999998,6.42331356507099E-8,0.));
#16368=DIRECTION('',(1.,0.,0.));
#16369=DIRECTION('',(0.,-1.,0.));
#16370=DIRECTION('',(-0.999999377810269,0.0011155174021193,0.));
#16371=DIRECTION('',(0.,1.,0.));
#16372=DIRECTION('',(1.,0.,0.));
#16373=DIRECTION('',(0.,1.,0.));
#16374=DIRECTION('center_axis',(0.,0.,-1.));
#16375=DIRECTION('ref_axis',(0.,-1.,0.));
#16376=DIRECTION('center_axis',(0.,0.,-1.));
#16377=DIRECTION('ref_axis',(1.2918958832E-14,-1.,0.));
#16378=DIRECTION('center_axis',(0.,0.,-1.));
#16379=DIRECTION('ref_axis',(1.,-7.105427357601E-14,0.));
#16380=DIRECTION('',(0.,-1.,0.));
#16381=DIRECTION('center_axis',(0.,0.,-1.));
#16382=DIRECTION('ref_axis',(-1.,7.105427357601E-14,0.));
#16383=DIRECTION('',(0.,1.,0.));
#16384=DIRECTION('center_axis',(0.,0.,-1.));
#16385=DIRECTION('ref_axis',(1.,-2.368475785867E-14,0.));
#16386=DIRECTION('',(0.,-1.,0.));
#16387=DIRECTION('center_axis',(0.,0.,-1.));
#16388=DIRECTION('ref_axis',(-1.,4.736951571734E-14,0.));
#16389=DIRECTION('',(0.,1.,0.));
#16390=DIRECTION('center_axis',(0.,0.,-1.));
#16391=DIRECTION('ref_axis',(0.,-1.,0.));
#16392=DIRECTION('center_axis',(0.,0.,-1.));
#16393=DIRECTION('ref_axis',(0.,-1.,0.));
#16394=DIRECTION('center_axis',(0.,0.,-1.));
#16395=DIRECTION('ref_axis',(1.,-2.368475785867E-14,0.));
#16396=DIRECTION('',(0.,-1.,0.));
#16397=DIRECTION('center_axis',(0.,0.,-1.));
#16398=DIRECTION('ref_axis',(-1.,2.368475785867E-14,0.));
#16399=DIRECTION('',(0.,1.,0.));
#16400=DIRECTION('center_axis',(0.,0.,-1.));
#16401=DIRECTION('ref_axis',(1.,2.368475785867E-14,0.));
#16402=DIRECTION('',(0.,-1.,0.));
#16403=DIRECTION('center_axis',(0.,0.,-1.));
#16404=DIRECTION('ref_axis',(-1.,0.,0.));
#16405=DIRECTION('',(0.,1.,0.));
#16406=DIRECTION('',(0.999977018890469,0.00677950521282118,0.));
#16407=DIRECTION('',(-0.000760043211528289,-0.999999711167117,0.));
#16408=DIRECTION('',(-1.,0.,0.));
#16409=DIRECTION('',(0.,1.,0.));
#16410=DIRECTION('',(-1.,0.,0.));
#16411=DIRECTION('',(-0.00211267134148587,0.999997768307411,0.));
#16412=DIRECTION('center_axis',(0.,0.,-1.));
#16413=DIRECTION('ref_axis',(-0.999999999999998,-6.42331427561399E-8,0.));
#16414=DIRECTION('',(0.,0.,1.));
#16415=DIRECTION('center_axis',(0.,0.,-1.));
#16416=DIRECTION('ref_axis',(0.999999999999998,6.42331356507099E-8,0.));
#16417=DIRECTION('',(0.,0.,1.));
#16418=DIRECTION('center_axis',(-1.,0.,0.));
#16419=DIRECTION('ref_axis',(0.,1.,0.));
#16420=DIRECTION('',(0.,0.,1.));
#16421=DIRECTION('center_axis',(0.,-1.,0.));
#16422=DIRECTION('ref_axis',(-1.,0.,0.));
#16423=DIRECTION('',(0.,0.,1.));
#16424=DIRECTION('center_axis',(0.,0.,-1.));
#16425=DIRECTION('ref_axis',(6.42331413350499E-8,-0.999999999999998,0.));
#16426=DIRECTION('center_axis',(0.,1.,0.));
#16427=DIRECTION('ref_axis',(1.,0.,0.));
#16428=DIRECTION('',(0.,0.,1.));
#16429=DIRECTION('',(0.,0.,1.));
#16430=DIRECTION('center_axis',(1.,0.,0.));
#16431=DIRECTION('ref_axis',(0.,-1.,0.));
#16432=DIRECTION('',(0.,0.,1.));
#16433=DIRECTION('center_axis',(-1.,0.,0.));
#16434=DIRECTION('ref_axis',(0.,1.,0.));
#16435=DIRECTION('',(0.,0.,1.));
#16436=DIRECTION('center_axis',(-0.0011155174021193,-0.999999377810269,
0.));
#16437=DIRECTION('ref_axis',(-0.999999377810269,0.0011155174021193,0.));
#16438=DIRECTION('',(0.,0.,1.));
#16439=DIRECTION('center_axis',(0.,1.,0.));
#16440=DIRECTION('ref_axis',(1.,0.,0.));
#16441=DIRECTION('',(0.,0.,1.));
#16442=DIRECTION('center_axis',(-1.,0.,0.));
#16443=DIRECTION('ref_axis',(0.,1.,0.));
#16444=DIRECTION('center_axis',(0.,0.,-1.));
#16445=DIRECTION('ref_axis',(0.,-1.,0.));
#16446=DIRECTION('',(0.,0.,-1.));
#16447=DIRECTION('center_axis',(0.,0.,-1.));
#16448=DIRECTION('ref_axis',(1.2918958832E-14,-1.,0.));
#16449=DIRECTION('',(0.,0.,-1.));
#16450=DIRECTION('center_axis',(0.,0.,-1.));
#16451=DIRECTION('ref_axis',(1.,-7.105427357601E-14,0.));
#16452=DIRECTION('',(0.,0.,1.));
#16453=DIRECTION('',(0.,0.,1.));
#16454=DIRECTION('center_axis',(1.,0.,0.));
#16455=DIRECTION('ref_axis',(0.,-1.,0.));
#16456=DIRECTION('',(0.,0.,1.));
#16457=DIRECTION('center_axis',(0.,0.,-1.));
#16458=DIRECTION('ref_axis',(-1.,7.105427357601E-14,0.));
#16459=DIRECTION('',(0.,0.,1.));
#16460=DIRECTION('center_axis',(-1.,0.,0.));
#16461=DIRECTION('ref_axis',(0.,1.,0.));
#16462=DIRECTION('center_axis',(0.,0.,-1.));
#16463=DIRECTION('ref_axis',(1.,-2.368475785867E-14,0.));
#16464=DIRECTION('',(0.,0.,1.));
#16465=DIRECTION('',(0.,0.,1.));
#16466=DIRECTION('center_axis',(1.,0.,0.));
#16467=DIRECTION('ref_axis',(0.,-1.,0.));
#16468=DIRECTION('',(0.,0.,1.));
#16469=DIRECTION('center_axis',(0.,0.,-1.));
#16470=DIRECTION('ref_axis',(-1.,4.736951571734E-14,0.));
#16471=DIRECTION('',(0.,0.,1.));
#16472=DIRECTION('center_axis',(-1.,0.,0.));
#16473=DIRECTION('ref_axis',(0.,1.,0.));
#16474=DIRECTION('center_axis',(0.,0.,-1.));
#16475=DIRECTION('ref_axis',(0.,-1.,0.));
#16476=DIRECTION('',(0.,0.,-1.));
#16477=DIRECTION('center_axis',(0.,0.,-1.));
#16478=DIRECTION('ref_axis',(0.,-1.,0.));
#16479=DIRECTION('',(0.,0.,-1.));
#16480=DIRECTION('center_axis',(0.,0.,-1.));
#16481=DIRECTION('ref_axis',(1.,-2.368475785867E-14,0.));
#16482=DIRECTION('',(0.,0.,1.));
#16483=DIRECTION('',(0.,0.,1.));
#16484=DIRECTION('center_axis',(1.,0.,0.));
#16485=DIRECTION('ref_axis',(0.,-1.,0.));
#16486=DIRECTION('',(0.,0.,1.));
#16487=DIRECTION('center_axis',(0.,0.,-1.));
#16488=DIRECTION('ref_axis',(-1.,2.368475785867E-14,0.));
#16489=DIRECTION('',(0.,0.,1.));
#16490=DIRECTION('center_axis',(-1.,0.,0.));
#16491=DIRECTION('ref_axis',(0.,1.,0.));
#16492=DIRECTION('center_axis',(0.,0.,-1.));
#16493=DIRECTION('ref_axis',(1.,2.368475785867E-14,0.));
#16494=DIRECTION('',(0.,0.,1.));
#16495=DIRECTION('',(0.,0.,1.));
#16496=DIRECTION('center_axis',(1.,0.,0.));
#16497=DIRECTION('ref_axis',(0.,-1.,0.));
#16498=DIRECTION('',(0.,0.,1.));
#16499=DIRECTION('center_axis',(0.,0.,-1.));
#16500=DIRECTION('ref_axis',(-1.,0.,0.));
#16501=DIRECTION('',(0.,0.,1.));
#16502=DIRECTION('center_axis',(-1.,0.,0.));
#16503=DIRECTION('ref_axis',(0.,1.,0.));
#16504=DIRECTION('center_axis',(-0.00677950521282118,0.999977018890469,
0.));
#16505=DIRECTION('ref_axis',(0.999977018890469,0.00677950521282118,0.));
#16506=DIRECTION('',(0.,0.,1.));
#16507=DIRECTION('',(0.,0.,1.));
#16508=DIRECTION('center_axis',(0.999999711167117,-0.000760043211528289,
0.));
#16509=DIRECTION('ref_axis',(-0.000760043211528289,-0.999999711167117,0.));
#16510=DIRECTION('',(0.,0.,1.));
#16511=DIRECTION('center_axis',(-0.999997768307411,-0.00211267134148587,
0.));
#16512=DIRECTION('ref_axis',(-0.00211267134148587,0.999997768307411,0.));
#16513=DIRECTION('',(0.,0.,1.));
#16514=DIRECTION('center_axis',(0.,-1.,0.));
#16515=DIRECTION('ref_axis',(-1.,0.,0.));
#16516=DIRECTION('',(0.,0.,1.));
#16517=DIRECTION('center_axis',(0.,-1.,0.));
#16518=DIRECTION('ref_axis',(-1.,0.,0.));
#16519=DIRECTION('',(0.,0.,1.));
#16520=DIRECTION('center_axis',(-1.,0.,0.));
#16521=DIRECTION('ref_axis',(0.,1.,0.));
#16522=DIRECTION('',(4.65535786157278E-30,0.,0.999999999999999));
#16523=DIRECTION('',(-1.6653345369378E-16,1.,3.15544362088405E-30));
#16524=DIRECTION('',(1.22464679914695E-16,0.,-0.999999999999999));
#16525=DIRECTION('',(-1.,-2.77555756156297E-16,-1.22464679914701E-16));
#16526=DIRECTION('',(4.65535786157278E-30,0.,0.999999999999999));
#16527=DIRECTION('',(-1.6653345369378E-16,1.,3.15544362088405E-30));
#16528=DIRECTION('',(4.65535786157278E-30,0.,0.999999999999999));
#16529=DIRECTION('',(1.,2.77555756156297E-16,6.44801345380803E-31));
#16530=DIRECTION('center_axis',(0.,1.,0.));
#16531=DIRECTION('ref_axis',(1.,0.,0.));
#16532=DIRECTION('',(0.,0.,-1.));
#16533=DIRECTION('center_axis',(0.,1.,0.));
#16534=DIRECTION('ref_axis',(0.,0.,1.));
#16535=DIRECTION('',(1.,0.,-2.35589365347696E-16));
#16536=DIRECTION('center_axis',(0.,1.,0.));
#16537=DIRECTION('ref_axis',(-1.,0.,0.));
#16538=DIRECTION('',(0.,0.,1.));
#16539=DIRECTION('center_axis',(0.,1.,0.));
#16540=DIRECTION('ref_axis',(0.,0.,-1.));
#16541=DIRECTION('',(-1.,0.,0.));
#16542=DIRECTION('center_axis',(0.,1.,0.));
#16543=DIRECTION('ref_axis',(1.,0.,0.));
#16544=DIRECTION('center_axis',(0.,1.,0.));
#16545=DIRECTION('ref_axis',(0.,0.,-1.));
#16546=DIRECTION('',(0.,-1.,0.));
#16547=DIRECTION('center_axis',(0.,1.,-2.37904933848248E-16));
#16548=DIRECTION('ref_axis',(0.,-2.37904933848248E-16,-1.));
#16549=DIRECTION('',(0.,1.,0.));
#16550=DIRECTION('center_axis',(-1.,0.,0.));
#16551=DIRECTION('ref_axis',(0.,2.43912633647257E-16,1.));
#16552=DIRECTION('',(0.,-1.,0.));
#16553=DIRECTION('',(0.,2.43912633647257E-16,1.));
#16554=DIRECTION('center_axis',(0.,1.,0.));
#16555=DIRECTION('ref_axis',(-1.,0.,0.));
#16556=DIRECTION('',(0.,-1.,0.));
#16557=DIRECTION('center_axis',(0.,1.,0.));
#16558=DIRECTION('ref_axis',(-1.,0.,0.));
#16559=DIRECTION('center_axis',(2.35589365347696E-16,0.,1.));
#16560=DIRECTION('ref_axis',(1.,0.,-2.35589365347696E-16));
#16561=DIRECTION('',(0.,-1.,0.));
#16562=DIRECTION('',(1.,0.,-2.35589365347696E-16));
#16563=DIRECTION('',(-1.,0.,2.35589365347696E-16));
#16564=DIRECTION('',(0.49936209188011,0.866393387089906,-1.17644398304733E-16));
#16565=DIRECTION('',(1.,0.,-2.35589365347696E-16));
#16566=DIRECTION('',(-0.49936209048194,-0.866393387895768,1.17644397975339E-16));
#16567=DIRECTION('',(-1.,0.,2.35589365347696E-16));
#16568=DIRECTION('',(0.49936209188011,0.866393387089906,-1.17644398304733E-16));
#16569=DIRECTION('',(1.,0.,-2.35589365347696E-16));
#16570=DIRECTION('',(-0.499362090481939,-0.866393387895769,1.17644397975339E-16));
#16571=DIRECTION('',(0.49936209188011,0.866393387089906,-1.17644398304733E-16));
#16572=DIRECTION('',(1.,0.,-2.35589365347696E-16));
#16573=DIRECTION('',(-0.499362090481939,-0.866393387895769,1.17644397975339E-16));
#16574=DIRECTION('',(-1.,0.,2.35589365347696E-16));
#16575=DIRECTION('',(0.49936209188011,0.866393387089906,-1.17644398304733E-16));
#16576=DIRECTION('',(1.,0.,-2.35589365347696E-16));
#16577=DIRECTION('',(-0.499362090481939,-0.866393387895768,1.17644397975339E-16));
#16578=DIRECTION('',(-1.,0.,2.35589365347696E-16));
#16579=DIRECTION('center_axis',(0.,-1.,0.));
#16580=DIRECTION('ref_axis',(0.,0.,1.));
#16581=DIRECTION('center_axis',(0.,-1.,0.));
#16582=DIRECTION('ref_axis',(0.,0.,1.));
#16583=DIRECTION('',(0.,-1.,0.));
#16584=DIRECTION('center_axis',(0.,-1.,0.));
#16585=DIRECTION('ref_axis',(0.,0.,1.));
#16586=DIRECTION('center_axis',(0.,-1.,0.));
#16587=DIRECTION('ref_axis',(0.,0.,1.));
#16588=DIRECTION('center_axis',(0.,-1.,0.));
#16589=DIRECTION('ref_axis',(0.,0.,1.));
#16590=DIRECTION('center_axis',(0.,-1.,0.));
#16591=DIRECTION('ref_axis',(0.,0.,1.));
#16592=DIRECTION('',(0.,-1.,0.));
#16593=DIRECTION('center_axis',(0.,-1.,0.));
#16594=DIRECTION('ref_axis',(0.,0.,1.));
#16595=DIRECTION('center_axis',(0.,-1.,0.));
#16596=DIRECTION('ref_axis',(0.,0.,1.));
#16597=DIRECTION('center_axis',(0.866393387895768,-0.499362090481939,0.));
#16598=DIRECTION('ref_axis',(-0.499362090481939,-0.866393387895768,0.));
#16599=DIRECTION('',(0.499362090481939,0.866393387895768,-1.17644397975339E-16));
#16600=DIRECTION('',(0.,0.,-1.));
#16601=DIRECTION('',(0.,0.,-1.));
#16602=DIRECTION('center_axis',(0.,1.,0.));
#16603=DIRECTION('ref_axis',(1.,0.,0.));
#16604=DIRECTION('',(-1.,0.,2.35589365347696E-16));
#16605=DIRECTION('',(0.,0.,-1.));
#16606=DIRECTION('center_axis',(-0.866393387089906,0.49936209188011,0.));
#16607=DIRECTION('ref_axis',(0.49936209188011,0.866393387089906,0.));
#16608=DIRECTION('',(-0.49936209188011,-0.866393387089906,1.17644398304733E-16));
#16609=DIRECTION('',(0.,0.,-1.));
#16610=DIRECTION('center_axis',(0.,-1.,0.));
#16611=DIRECTION('ref_axis',(-1.,0.,0.));
#16612=DIRECTION('',(1.,0.,-2.35589365347696E-16));
#16613=DIRECTION('center_axis',(0.866393387895769,-0.499362090481939,0.));
#16614=DIRECTION('ref_axis',(-0.499362090481939,-0.866393387895769,0.));
#16615=DIRECTION('',(0.499362090481939,0.866393387895769,-1.17644397975339E-16));
#16616=DIRECTION('',(0.,0.,-1.));
#16617=DIRECTION('',(0.,0.,-1.));
#16618=DIRECTION('center_axis',(0.,1.,0.));
#16619=DIRECTION('ref_axis',(1.,0.,0.));
#16620=DIRECTION('',(-1.,0.,2.35589365347696E-16));
#16621=DIRECTION('',(0.,0.,-1.));
#16622=DIRECTION('center_axis',(-0.866393387089906,0.49936209188011,0.));
#16623=DIRECTION('ref_axis',(0.49936209188011,0.866393387089906,0.));
#16624=DIRECTION('',(-0.49936209188011,-0.866393387089906,1.17644398304733E-16));
#16625=DIRECTION('',(0.,0.,-1.));
#16626=DIRECTION('center_axis',(0.,-1.,0.));
#16627=DIRECTION('ref_axis',(-1.,0.,0.));
#16628=DIRECTION('',(1.,0.,-2.35589365347696E-16));
#16629=DIRECTION('center_axis',(0.,1.,0.));
#16630=DIRECTION('ref_axis',(1.,0.,0.));
#16631=DIRECTION('',(-1.,0.,2.35589365347696E-16));
#16632=DIRECTION('',(0.,0.,-1.));
#16633=DIRECTION('',(0.,0.,-1.));
#16634=DIRECTION('center_axis',(-0.866393387089906,0.49936209188011,0.));
#16635=DIRECTION('ref_axis',(0.49936209188011,0.866393387089906,0.));
#16636=DIRECTION('',(-0.49936209188011,-0.866393387089906,1.17644398304733E-16));
#16637=DIRECTION('',(0.,0.,-1.));
#16638=DIRECTION('center_axis',(0.,-1.,0.));
#16639=DIRECTION('ref_axis',(-1.,0.,0.));
#16640=DIRECTION('',(1.,0.,-2.35589365347696E-16));
#16641=DIRECTION('',(0.,0.,-1.));
#16642=DIRECTION('center_axis',(0.866393387895769,-0.499362090481939,0.));
#16643=DIRECTION('ref_axis',(-0.499362090481939,-0.866393387895769,0.));
#16644=DIRECTION('',(0.499362090481939,0.866393387895769,-1.17644397975339E-16));
#16645=DIRECTION('center_axis',(0.,1.,0.));
#16646=DIRECTION('ref_axis',(1.,0.,0.));
#16647=DIRECTION('',(-1.,0.,2.35589365347696E-16));
#16648=DIRECTION('',(0.,0.,-1.));
#16649=DIRECTION('',(0.,0.,-1.));
#16650=DIRECTION('center_axis',(-0.866393387089906,0.49936209188011,0.));
#16651=DIRECTION('ref_axis',(0.49936209188011,0.866393387089906,0.));
#16652=DIRECTION('',(-0.49936209188011,-0.866393387089906,1.17644398304733E-16));
#16653=DIRECTION('',(0.,0.,-1.));
#16654=DIRECTION('center_axis',(0.,-1.,0.));
#16655=DIRECTION('ref_axis',(-1.,0.,0.));
#16656=DIRECTION('',(1.,0.,-2.35589365347696E-16));
#16657=DIRECTION('',(0.,0.,-1.));
#16658=DIRECTION('center_axis',(0.866393387895768,-0.49936209048194,0.));
#16659=DIRECTION('ref_axis',(-0.49936209048194,-0.866393387895768,0.));
#16660=DIRECTION('',(0.49936209048194,0.866393387895768,-1.17644397975339E-16));
#16661=DIRECTION('center_axis',(1.,0.,0.));
#16662=DIRECTION('ref_axis',(0.,1.,0.));
#16663=DIRECTION('',(0.,-1.,0.));
#16664=DIRECTION('',(0.,0.,1.));
#16665=DIRECTION('',(0.,1.,0.));
#16666=DIRECTION('',(0.,0.,1.));
#16667=DIRECTION('center_axis',(0.,-1.,0.));
#16668=DIRECTION('ref_axis',(1.,0.,0.));
#16669=DIRECTION('',(-1.,0.,0.));
#16670=DIRECTION('',(1.,0.,0.));
#16671=DIRECTION('',(0.,0.,1.));
#16672=DIRECTION('center_axis',(-1.,0.,0.));
#16673=DIRECTION('ref_axis',(0.,-1.,0.));
#16674=DIRECTION('',(0.,1.,0.));
#16675=DIRECTION('',(0.,-1.,0.));
#16676=DIRECTION('',(0.,0.,1.));
#16677=DIRECTION('center_axis',(0.,1.,0.));
#16678=DIRECTION('ref_axis',(-1.,0.,0.));
#16679=DIRECTION('',(1.,0.,0.));
#16680=DIRECTION('',(-1.,0.,0.));
#16681=DIRECTION('center_axis',(-1.,0.,0.));
#16682=DIRECTION('ref_axis',(0.,-1.,0.));
#16683=DIRECTION('',(0.,-1.,0.));
#16684=DIRECTION('',(0.,0.,1.));
#16685=DIRECTION('',(0.,-1.,0.));
#16686=DIRECTION('',(0.,0.,1.));
#16687=DIRECTION('center_axis',(0.,1.,0.));
#16688=DIRECTION('ref_axis',(-1.,0.,0.));
#16689=DIRECTION('',(-1.,0.,0.));
#16690=DIRECTION('',(0.,0.,1.));
#16691=DIRECTION('',(-1.,0.,0.));
#16692=DIRECTION('center_axis',(1.,0.,0.));
#16693=DIRECTION('ref_axis',(0.,1.,0.));
#16694=DIRECTION('',(0.,1.,0.));
#16695=DIRECTION('',(0.,0.,1.));
#16696=DIRECTION('',(0.,1.,0.));
#16697=DIRECTION('center_axis',(0.,-1.,0.));
#16698=DIRECTION('ref_axis',(1.,0.,0.));
#16699=DIRECTION('',(1.,0.,0.));
#16700=DIRECTION('',(1.,0.,0.));
#16701=DIRECTION('center_axis',(0.,0.,1.));
#16702=DIRECTION('ref_axis',(1.,0.,0.));
#16703=DIRECTION('center_axis',(-1.,0.,0.));
#16704=DIRECTION('ref_axis',(0.,-1.,0.));
#16705=DIRECTION('',(0.,1.,0.));
#16706=DIRECTION('',(0.,0.,1.));
#16707=DIRECTION('',(0.,-1.,0.));
#16708=DIRECTION('',(0.,0.,1.));
#16709=DIRECTION('center_axis',(0.,1.,0.));
#16710=DIRECTION('ref_axis',(-1.,0.,0.));
#16711=DIRECTION('',(1.,0.,0.));
#16712=DIRECTION('',(-1.,0.,0.));
#16713=DIRECTION('',(0.,0.,1.));
#16714=DIRECTION('center_axis',(1.,0.,0.));
#16715=DIRECTION('ref_axis',(0.,1.,0.));
#16716=DIRECTION('',(0.,-1.,0.));
#16717=DIRECTION('',(0.,1.,0.));
#16718=DIRECTION('',(0.,0.,1.));
#16719=DIRECTION('center_axis',(0.,-1.,0.));
#16720=DIRECTION('ref_axis',(1.,0.,0.));
#16721=DIRECTION('',(-1.,0.,0.));
#16722=DIRECTION('',(1.,0.,0.));
#16723=DIRECTION('center_axis',(0.,-1.,0.));
#16724=DIRECTION('ref_axis',(1.,0.,0.));
#16725=DIRECTION('',(-1.,0.,0.));
#16726=DIRECTION('',(0.,0.,1.));
#16727=DIRECTION('',(1.,0.,0.));
#16728=DIRECTION('',(0.,0.,1.));
#16729=DIRECTION('center_axis',(-1.,0.,0.));
#16730=DIRECTION('ref_axis',(0.,-1.,0.));
#16731=DIRECTION('',(0.,1.,0.));
#16732=DIRECTION('',(0.,-1.,0.));
#16733=DIRECTION('',(0.,0.,1.));
#16734=DIRECTION('center_axis',(0.,1.,0.));
#16735=DIRECTION('ref_axis',(-1.,0.,0.));
#16736=DIRECTION('',(1.,0.,0.));
#16737=DIRECTION('',(-1.,0.,0.));
#16738=DIRECTION('',(0.,0.,1.));
#16739=DIRECTION('center_axis',(1.,0.,0.));
#16740=DIRECTION('ref_axis',(0.,1.,0.));
#16741=DIRECTION('',(0.,-1.,0.));
#16742=DIRECTION('',(0.,1.,0.));
#16743=DIRECTION('center_axis',(1.,0.,0.));
#16744=DIRECTION('ref_axis',(0.,1.,0.));
#16745=DIRECTION('',(0.,-1.,0.));
#16746=DIRECTION('',(0.,0.,1.));
#16747=DIRECTION('',(0.,1.,0.));
#16748=DIRECTION('',(0.,0.,1.));
#16749=DIRECTION('center_axis',(0.,-1.,0.));
#16750=DIRECTION('ref_axis',(1.,0.,0.));
#16751=DIRECTION('',(-1.,0.,0.));
#16752=DIRECTION('',(1.,0.,0.));
#16753=DIRECTION('',(0.,0.,1.));
#16754=DIRECTION('center_axis',(-1.,0.,0.));
#16755=DIRECTION('ref_axis',(0.,-1.,0.));
#16756=DIRECTION('',(0.,1.,0.));
#16757=DIRECTION('',(0.,-1.,0.));
#16758=DIRECTION('',(0.,0.,1.));
#16759=DIRECTION('center_axis',(0.,1.,0.));
#16760=DIRECTION('ref_axis',(-1.,0.,0.));
#16761=DIRECTION('',(1.,0.,0.));
#16762=DIRECTION('',(-1.,0.,0.));
#16763=DIRECTION('center_axis',(1.,0.,0.));
#16764=DIRECTION('ref_axis',(0.,1.,0.));
#16765=DIRECTION('',(0.,-1.,0.));
#16766=DIRECTION('',(0.,0.,1.));
#16767=DIRECTION('',(0.,1.,0.));
#16768=DIRECTION('',(0.,0.,1.));
#16769=DIRECTION('center_axis',(0.,-1.,0.));
#16770=DIRECTION('ref_axis',(1.,0.,0.));
#16771=DIRECTION('',(-1.,0.,0.));
#16772=DIRECTION('',(1.,0.,0.));
#16773=DIRECTION('',(0.,0.,1.));
#16774=DIRECTION('center_axis',(-1.,0.,0.));
#16775=DIRECTION('ref_axis',(0.,-1.,0.));
#16776=DIRECTION('',(0.,1.,0.));
#16777=DIRECTION('',(0.,-1.,0.));
#16778=DIRECTION('',(0.,0.,1.));
#16779=DIRECTION('center_axis',(0.,1.,0.));
#16780=DIRECTION('ref_axis',(-1.,0.,0.));
#16781=DIRECTION('',(1.,0.,0.));
#16782=DIRECTION('',(-1.,0.,0.));
#16783=DIRECTION('center_axis',(0.,1.,0.));
#16784=DIRECTION('ref_axis',(0.,0.,-1.));
#16785=DIRECTION('',(0.,0.,1.));
#16786=DIRECTION('',(-1.,0.,0.));
#16787=DIRECTION('',(0.,0.,-1.));
#16788=DIRECTION('',(-1.,0.,0.));
#16789=DIRECTION('center_axis',(0.,0.49936209188011,0.866393387089906));
#16790=DIRECTION('ref_axis',(0.,0.866393387089906,-0.49936209188011));
#16791=DIRECTION('',(0.,-0.866393387089906,0.49936209188011));
#16792=DIRECTION('',(0.,0.866393387089906,-0.49936209188011));
#16793=DIRECTION('',(-1.,0.,0.));
#16794=DIRECTION('center_axis',(0.,-1.,0.));
#16795=DIRECTION('ref_axis',(0.,0.,1.));
#16796=DIRECTION('',(0.,0.,-1.));
#16797=DIRECTION('',(0.,0.,1.));
#16798=DIRECTION('',(-1.,0.,0.));
#16799=DIRECTION('center_axis',(0.,-0.499362090481939,-0.866393387895769));
#16800=DIRECTION('ref_axis',(0.,-0.866393387895769,0.499362090481939));
#16801=DIRECTION('',(0.,0.866393387895769,-0.499362090481939));
#16802=DIRECTION('',(0.,-0.866393387895769,0.499362090481939));
#16803=DIRECTION('center_axis',(0.,0.499362090481939,0.866393387895768));
#16804=DIRECTION('ref_axis',(0.,0.866393387895769,-0.499362090481939));
#16805=DIRECTION('',(0.,-0.866393387895769,0.499362090481939));
#16806=DIRECTION('',(-1.,0.,0.));
#16807=DIRECTION('',(0.,0.866393387895769,-0.499362090481939));
#16808=DIRECTION('',(-1.,0.,0.));
#16809=DIRECTION('center_axis',(0.,-1.,0.));
#16810=DIRECTION('ref_axis',(0.,0.,1.));
#16811=DIRECTION('',(0.,0.,-1.));
#16812=DIRECTION('',(0.,0.,1.));
#16813=DIRECTION('',(-1.,0.,0.));
#16814=DIRECTION('center_axis',(0.,-0.49936209188011,-0.866393387089906));
#16815=DIRECTION('ref_axis',(0.,-0.866393387089906,0.49936209188011));
#16816=DIRECTION('',(0.,0.866393387089906,-0.49936209188011));
#16817=DIRECTION('',(0.,-0.866393387089906,0.49936209188011));
#16818=DIRECTION('',(-1.,0.,0.));
#16819=DIRECTION('center_axis',(0.,1.,0.));
#16820=DIRECTION('ref_axis',(0.,0.,-1.));
#16821=DIRECTION('',(0.,0.,1.));
#16822=DIRECTION('',(0.,0.,-1.));
#16823=DIRECTION('center_axis',(0.,0.499362090481939,0.866393387895768));
#16824=DIRECTION('ref_axis',(0.,0.866393387895769,-0.499362090481939));
#16825=DIRECTION('',(0.,-0.866393387895769,0.499362090481939));
#16826=DIRECTION('',(-1.,0.,0.));
#16827=DIRECTION('',(0.,0.866393387895769,-0.499362090481939));
#16828=DIRECTION('',(-1.,0.,0.));
#16829=DIRECTION('center_axis',(0.,-1.,0.));
#16830=DIRECTION('ref_axis',(0.,0.,1.));
#16831=DIRECTION('',(0.,0.,-1.));
#16832=DIRECTION('',(0.,0.,1.));
#16833=DIRECTION('',(-1.,0.,0.));
#16834=DIRECTION('center_axis',(0.,-0.49936209188011,-0.866393387089906));
#16835=DIRECTION('ref_axis',(0.,-0.866393387089906,0.49936209188011));
#16836=DIRECTION('',(0.,0.866393387089906,-0.49936209188011));
#16837=DIRECTION('',(0.,-0.866393387089906,0.49936209188011));
#16838=DIRECTION('',(-1.,0.,0.));
#16839=DIRECTION('center_axis',(0.,1.,0.));
#16840=DIRECTION('ref_axis',(0.,0.,-1.));
#16841=DIRECTION('',(0.,0.,1.));
#16842=DIRECTION('',(0.,0.,-1.));
#16843=DIRECTION('center_axis',(0.,-1.,0.));
#16844=DIRECTION('ref_axis',(0.,0.,1.));
#16845=DIRECTION('',(0.,0.,-1.));
#16846=DIRECTION('',(-1.,0.,0.));
#16847=DIRECTION('',(0.,0.,1.));
#16848=DIRECTION('',(-1.,0.,0.));
#16849=DIRECTION('center_axis',(0.,-0.499362090481939,-0.866393387895769));
#16850=DIRECTION('ref_axis',(0.,-0.866393387895769,0.499362090481939));
#16851=DIRECTION('',(0.,0.866393387895769,-0.499362090481939));
#16852=DIRECTION('',(0.,-0.866393387895769,0.499362090481939));
#16853=DIRECTION('',(-1.,0.,0.));
#16854=DIRECTION('center_axis',(0.,1.,0.));
#16855=DIRECTION('ref_axis',(0.,0.,-1.));
#16856=DIRECTION('',(0.,0.,1.));
#16857=DIRECTION('',(0.,0.,-1.));
#16858=DIRECTION('',(-1.,0.,0.));
#16859=DIRECTION('center_axis',(0.,0.49936209188011,0.866393387089906));
#16860=DIRECTION('ref_axis',(0.,0.866393387089906,-0.49936209188011));
#16861=DIRECTION('',(0.,-0.866393387089906,0.49936209188011));
#16862=DIRECTION('',(0.,0.866393387089906,-0.49936209188011));
#16863=DIRECTION('center_axis',(0.,1.,0.));
#16864=DIRECTION('ref_axis',(0.,0.,-1.));
#16865=DIRECTION('',(0.,0.,1.));
#16866=DIRECTION('',(-1.,0.,0.));
#16867=DIRECTION('',(0.,0.,-1.));
#16868=DIRECTION('',(-1.,0.,0.));
#16869=DIRECTION('center_axis',(0.,0.49936209188011,0.866393387089906));
#16870=DIRECTION('ref_axis',(0.,0.866393387089906,-0.49936209188011));
#16871=DIRECTION('',(0.,-0.866393387089906,0.49936209188011));
#16872=DIRECTION('',(0.,0.866393387089906,-0.49936209188011));
#16873=DIRECTION('',(-1.,0.,0.));
#16874=DIRECTION('center_axis',(0.,-1.,0.));
#16875=DIRECTION('ref_axis',(0.,0.,1.));
#16876=DIRECTION('',(0.,0.,-1.));
#16877=DIRECTION('',(0.,0.,1.));
#16878=DIRECTION('',(-1.,0.,0.));
#16879=DIRECTION('center_axis',(0.,-0.499362090481939,-0.866393387895769));
#16880=DIRECTION('ref_axis',(0.,-0.866393387895769,0.499362090481939));
#16881=DIRECTION('',(0.,0.866393387895769,-0.499362090481939));
#16882=DIRECTION('',(0.,-0.866393387895769,0.499362090481939));
#16883=DIRECTION('center_axis',(0.,-1.,0.));
#16884=DIRECTION('ref_axis',(0.,0.,1.));
#16885=DIRECTION('',(0.,0.,-1.));
#16886=DIRECTION('',(-1.,0.,0.));
#16887=DIRECTION('',(0.,0.,1.));
#16888=DIRECTION('',(-1.,0.,0.));
#16889=DIRECTION('center_axis',(0.,-0.49936209188011,-0.866393387089906));
#16890=DIRECTION('ref_axis',(0.,-0.866393387089906,0.49936209188011));
#16891=DIRECTION('',(0.,0.866393387089906,-0.49936209188011));
#16892=DIRECTION('',(0.,-0.866393387089906,0.49936209188011));
#16893=DIRECTION('',(-1.,0.,0.));
#16894=DIRECTION('center_axis',(0.,1.,0.));
#16895=DIRECTION('ref_axis',(0.,0.,-1.));
#16896=DIRECTION('',(0.,0.,1.));
#16897=DIRECTION('',(0.,0.,-1.));
#16898=DIRECTION('',(-1.,0.,0.));
#16899=DIRECTION('center_axis',(0.,0.499362090481939,0.866393387895768));
#16900=DIRECTION('ref_axis',(0.,0.866393387895769,-0.499362090481939));
#16901=DIRECTION('',(0.,-0.866393387895769,0.499362090481939));
#16902=DIRECTION('',(0.,0.866393387895769,-0.499362090481939));
#16903=DIRECTION('center_axis',(0.,-1.,2.22044604925031E-15));
#16904=DIRECTION('ref_axis',(0.,2.22044604925031E-15,1.));
#16905=DIRECTION('',(0.,-2.22044604925031E-15,-1.));
#16906=DIRECTION('',(-1.,0.,0.));
#16907=DIRECTION('',(0.,2.22044604925031E-15,1.));
#16908=DIRECTION('',(-1.,0.,0.));
#16909=DIRECTION('center_axis',(0.,-0.49936209188011,-0.866393387089906));
#16910=DIRECTION('ref_axis',(0.,-0.866393387089906,0.49936209188011));
#16911=DIRECTION('',(0.,0.866393387089906,-0.49936209188011));
#16912=DIRECTION('',(0.,-0.866393387089906,0.49936209188011));
#16913=DIRECTION('',(-1.,0.,0.));
#16914=DIRECTION('center_axis',(0.,1.,0.));
#16915=DIRECTION('ref_axis',(0.,0.,-1.));
#16916=DIRECTION('',(0.,0.,1.));
#16917=DIRECTION('',(0.,0.,-1.));
#16918=DIRECTION('',(-1.,0.,0.));
#16919=DIRECTION('center_axis',(0.,0.499362090481939,0.866393387895768));
#16920=DIRECTION('ref_axis',(0.,0.866393387895768,-0.499362090481939));
#16921=DIRECTION('',(0.,-0.866393387895768,0.499362090481939));
#16922=DIRECTION('',(0.,0.866393387895768,-0.499362090481939));
#16923=DIRECTION('center_axis',(0.,0.49936209188011,0.866393387089906));
#16924=DIRECTION('ref_axis',(0.,0.866393387089906,-0.49936209188011));
#16925=DIRECTION('',(0.,-0.866393387089906,0.49936209188011));
#16926=DIRECTION('',(-1.,0.,0.));
#16927=DIRECTION('',(0.,0.866393387089906,-0.49936209188011));
#16928=DIRECTION('',(-1.,0.,0.));
#16929=DIRECTION('center_axis',(0.,-1.,0.));
#16930=DIRECTION('ref_axis',(0.,0.,1.));
#16931=DIRECTION('',(0.,0.,-1.));
#16932=DIRECTION('',(0.,0.,1.));
#16933=DIRECTION('',(-1.,0.,0.));
#16934=DIRECTION('center_axis',(0.,-0.499362090481939,-0.866393387895769));
#16935=DIRECTION('ref_axis',(0.,-0.866393387895769,0.499362090481939));
#16936=DIRECTION('',(0.,0.866393387895769,-0.499362090481939));
#16937=DIRECTION('',(0.,-0.866393387895769,0.499362090481939));
#16938=DIRECTION('',(-1.,0.,0.));
#16939=DIRECTION('center_axis',(0.,1.,0.));
#16940=DIRECTION('ref_axis',(0.,0.,-1.));
#16941=DIRECTION('',(0.,0.,1.));
#16942=DIRECTION('',(0.,0.,-1.));
#16943=DIRECTION('center_axis',(1.,0.,0.));
#16944=DIRECTION('ref_axis',(0.,1.,0.));
#16945=DIRECTION('',(0.,1.,0.));
#16946=DIRECTION('',(0.,0.,1.));
#16947=DIRECTION('',(0.,1.,0.));
#16948=DIRECTION('',(0.,0.,1.));
#16949=DIRECTION('center_axis',(0.,0.,1.));
#16950=DIRECTION('ref_axis',(1.,-5.55111512312575E-15,0.));
#16951=DIRECTION('center_axis',(0.,0.,1.));
#16952=DIRECTION('ref_axis',(1.,-5.55111512312575E-15,0.));
#16953=DIRECTION('',(0.,0.,1.));
#16954=DIRECTION('center_axis',(0.,0.,1.));
#16955=DIRECTION('ref_axis',(1.,-5.55111512312575E-15,0.));
#16956=DIRECTION('center_axis',(0.,-1.,0.));
#16957=DIRECTION('ref_axis',(1.,0.,0.));
#16958=DIRECTION('',(1.,0.,0.));
#16959=DIRECTION('',(0.,0.,1.));
#16960=DIRECTION('',(1.,0.,0.));
#16961=DIRECTION('center_axis',(0.,0.,1.));
#16962=DIRECTION('ref_axis',(-8.8817841970012E-15,-1.,0.));
#16963=DIRECTION('center_axis',(0.,0.,1.));
#16964=DIRECTION('ref_axis',(-8.8817841970012E-15,-1.,0.));
#16965=DIRECTION('',(0.,0.,1.));
#16966=DIRECTION('center_axis',(0.,0.,1.));
#16967=DIRECTION('ref_axis',(-8.8817841970012E-15,-1.,0.));
#16968=DIRECTION('center_axis',(-1.,0.,0.));
#16969=DIRECTION('ref_axis',(0.,-1.,0.));
#16970=DIRECTION('',(0.,-1.,0.));
#16971=DIRECTION('',(0.,0.,1.));
#16972=DIRECTION('',(0.,-1.,0.));
#16973=DIRECTION('center_axis',(0.,0.,1.));
#16974=DIRECTION('ref_axis',(-1.,4.4408920985006E-15,0.));
#16975=DIRECTION('center_axis',(0.,0.,1.));
#16976=DIRECTION('ref_axis',(-1.,4.4408920985006E-15,0.));
#16977=DIRECTION('',(0.,0.,1.));
#16978=DIRECTION('center_axis',(0.,0.,1.));
#16979=DIRECTION('ref_axis',(-1.,4.4408920985006E-15,0.));
#16980=DIRECTION('center_axis',(0.,1.,0.));
#16981=DIRECTION('ref_axis',(-1.,0.,0.));
#16982=DIRECTION('',(-1.,0.,0.));
#16983=DIRECTION('',(0.,0.,1.));
#16984=DIRECTION('',(-1.,0.,0.));
#16985=DIRECTION('center_axis',(0.,0.,1.));
#16986=DIRECTION('ref_axis',(4.4408920985006E-15,1.,0.));
#16987=DIRECTION('center_axis',(0.,0.,1.));
#16988=DIRECTION('ref_axis',(4.4408920985006E-15,1.,0.));
#16989=DIRECTION('center_axis',(0.,0.,1.));
#16990=DIRECTION('ref_axis',(4.4408920985006E-15,1.,0.));
#16991=DIRECTION('center_axis',(0.,0.,-1.));
#16992=DIRECTION('ref_axis',(-1.,0.,0.));
#16993=DIRECTION('center_axis',(0.,0.,-1.));
#16994=DIRECTION('ref_axis',(0.,1.,0.));
#16995=DIRECTION('',(1.,0.,0.));
#16996=DIRECTION('center_axis',(0.,0.,-1.));
#16997=DIRECTION('ref_axis',(-1.,3.41607084500053E-15,0.));
#16998=DIRECTION('',(2.49777640561244E-14,1.,0.));
#16999=DIRECTION('center_axis',(0.,0.,-1.));
#17000=DIRECTION('ref_axis',(0.,-1.,0.));
#17001=DIRECTION('',(-1.,-6.89921053320649E-16,0.));
#17002=DIRECTION('center_axis',(0.,0.,-1.));
#17003=DIRECTION('ref_axis',(1.,3.41607084500048E-15,0.));
#17004=DIRECTION('',(1.24888820280622E-14,-1.,0.));
#17005=DIRECTION('center_axis',(-1.,2.49777640561243E-14,0.));
#17006=DIRECTION('ref_axis',(-2.49777640561244E-14,-1.,0.));
#17007=DIRECTION('',(0.,0.,1.));
#17008=DIRECTION('',(2.49777640561244E-14,1.,0.));
#17009=DIRECTION('',(0.,0.,1.));
#17010=DIRECTION('center_axis',(0.,0.,1.));
#17011=DIRECTION('ref_axis',(-1.,3.41607084500053E-15,0.));
#17012=DIRECTION('',(0.,0.,1.));
#17013=DIRECTION('center_axis',(0.,0.,-1.));
#17014=DIRECTION('ref_axis',(-1.,3.41607084500053E-15,0.));
#17015=DIRECTION('center_axis',(0.,1.,0.));
#17016=DIRECTION('ref_axis',(-1.,0.,0.));
#17017=DIRECTION('',(0.,0.,1.));
#17018=DIRECTION('',(1.,0.,0.));
#17019=DIRECTION('center_axis',(0.,0.,1.));
#17020=DIRECTION('ref_axis',(0.,1.,0.));
#17021=DIRECTION('',(0.,0.,1.));
#17022=DIRECTION('center_axis',(0.,0.,-1.));
#17023=DIRECTION('ref_axis',(0.,1.,0.));
#17024=DIRECTION('center_axis',(0.,1.,0.));
#17025=DIRECTION('ref_axis',(1.,0.,0.));
#17026=DIRECTION('center_axis',(0.,1.,-2.77555756156289E-16));
#17027=DIRECTION('ref_axis',(0.,2.77555756156289E-16,1.));
#17028=DIRECTION('',(0.,-2.43912633647257E-16,-1.));
#17029=DIRECTION('center_axis',(0.,1.,0.));
#17030=DIRECTION('ref_axis',(1.,0.,0.));
#17031=DIRECTION('',(-1.,0.,0.));
#17032=DIRECTION('',(1.,0.,-2.22044604925031E-16));
#17033=DIRECTION('',(0.,2.43912633647257E-16,1.));
#17034=DIRECTION('center_axis',(0.,-1.,2.77555756156289E-16));
#17035=DIRECTION('ref_axis',(0.,2.77555756156289E-16,1.));
#17036=DIRECTION('',(-1.,0.,2.35589365347696E-16));
#17037=DIRECTION('center_axis',(0.,-1.,0.));
#17038=DIRECTION('ref_axis',(-1.,0.,0.));
#17039=DIRECTION('',(2.69144975059042E-16,-2.43912633647257E-16,-1.));
#17040=DIRECTION('center_axis',(0.,-1.,2.22044604925031E-16));
#17041=DIRECTION('ref_axis',(0.,-2.22044604925031E-16,-1.));
#17042=DIRECTION('',(1.,0.,0.));
#17043=DIRECTION('center_axis',(0.,-1.,0.));
#17044=DIRECTION('ref_axis',(1.,0.,0.));
#17045=DIRECTION('',(0.,2.43912633647257E-16,1.));
#17046=DIRECTION('',(-1.,0.,2.22044604925031E-16));
#17047=DIRECTION('',(-2.22044604925031E-16,0.,-1.));
#17048=DIRECTION('center_axis',(2.22044604925031E-16,0.,1.));
#17049=DIRECTION('ref_axis',(0.,-1.,0.));
#17050=DIRECTION('',(0.,1.,0.));
#17051=DIRECTION('',(0.,1.,0.));
#17052=DIRECTION('',(0.766044443118978,0.642787609686539,-1.70096035727369E-16));
#17053=DIRECTION('',(0.,1.,0.));
#17054=DIRECTION('',(-0.766044443118978,0.642787609686539,1.70096035727369E-16));
#17055=DIRECTION('',(-1.,0.,2.22044604925031E-16));
#17056=DIRECTION('',(0.,-1.,0.));
#17057=DIRECTION('',(-1.,0.,2.22044604925031E-16));
#17058=DIRECTION('center_axis',(1.,1.24888820280622E-14,0.));
#17059=DIRECTION('ref_axis',(-1.24888820280622E-14,1.,0.));
#17060=DIRECTION('',(0.,0.,1.));
#17061=DIRECTION('',(1.24888820280622E-14,-1.,0.));
#17062=DIRECTION('center_axis',(0.,0.,1.));
#17063=DIRECTION('ref_axis',(1.,3.41607084500048E-15,0.));
#17064=DIRECTION('',(0.,0.,1.));
#17065=DIRECTION('center_axis',(0.,0.,-1.));
#17066=DIRECTION('ref_axis',(1.,3.41607084500048E-15,0.));
#17067=DIRECTION('center_axis',(6.89921053320649E-16,-1.,0.));
#17068=DIRECTION('ref_axis',(1.,6.89921053320649E-16,0.));
#17069=DIRECTION('',(0.,0.,1.));
#17070=DIRECTION('',(-1.,-6.89921053320649E-16,0.));
#17071=DIRECTION('center_axis',(0.,0.,1.));
#17072=DIRECTION('ref_axis',(0.,-1.,0.));
#17073=DIRECTION('center_axis',(0.,0.,-1.));
#17074=DIRECTION('ref_axis',(0.,-1.,0.));
#17075=DIRECTION('center_axis',(1.,0.,-2.22044604925031E-16));
#17076=DIRECTION('ref_axis',(0.,1.,0.));
#17077=DIRECTION('',(0.,-1.,0.));
#17078=DIRECTION('',(2.22044604925031E-16,0.,1.));
#17079=DIRECTION('center_axis',(-1.,0.,2.22044604925031E-16));
#17080=DIRECTION('ref_axis',(0.,-1.,0.));
#17081=DIRECTION('',(-2.22044604925031E-16,0.,-1.));
#17082=DIRECTION('',(2.22044604925031E-16,0.,1.));
#17083=DIRECTION('',(0.,1.,0.));
#17084=DIRECTION('center_axis',(-2.22044604925031E-16,0.,-1.));
#17085=DIRECTION('ref_axis',(0.,1.,0.));
#17086=DIRECTION('',(0.,-1.,0.));
#17087=DIRECTION('',(1.,0.,-2.22044604925031E-16));
#17088=DIRECTION('',(1.,0.,-2.22044604925031E-16));
#17089=DIRECTION('',(0.766044443118978,-0.642787609686539,-1.70096035727369E-16));
#17090=DIRECTION('',(0.,-1.,0.));
#17091=DIRECTION('',(-0.766044443118978,-0.642787609686539,1.70096035727369E-16));
#17092=DIRECTION('center_axis',(1.,0.,-2.22044604925031E-16));
#17093=DIRECTION('ref_axis',(0.,1.,0.));
#17094=DIRECTION('',(2.22044604925031E-16,0.,1.));
#17095=DIRECTION('',(2.22044604925031E-16,0.,1.));
#17096=DIRECTION('center_axis',(0.642787609686539,-0.766044443118978,-1.42727520843553E-16));
#17097=DIRECTION('ref_axis',(0.766044443118978,0.642787609686539,-1.70096035727369E-16));
#17098=DIRECTION('center_axis',(0.,1.,0.));
#17099=DIRECTION('ref_axis',(-1.,0.,2.22044604925031E-16));
#17100=DIRECTION('',(2.22044604925031E-16,0.,1.));
#17101=DIRECTION('center_axis',(0.642787609686539,0.766044443118978,-1.42727520843553E-16));
#17102=DIRECTION('ref_axis',(-0.766044443118978,0.642787609686539,1.70096035727369E-16));
#17103=DIRECTION('center_axis',(-1.,0.,0.));
#17104=DIRECTION('ref_axis',(0.,2.43912633647257E-16,1.));
#17105=DIRECTION('',(0.,0.,-1.));
#17106=DIRECTION('',(0.,1.,0.));
#17107=DIRECTION('center_axis',(-1.,0.,0.));
#17108=DIRECTION('ref_axis',(0.,2.43912633647257E-16,1.));
#17109=DIRECTION('',(0.,1.,0.));
#17110=DIRECTION('',(0.,0.,-1.));
#17111=DIRECTION('center_axis',(-1.,0.,-2.22044604925031E-16));
#17112=DIRECTION('ref_axis',(0.,1.,0.));
#17113=DIRECTION('',(2.69144975059042E-16,-2.43912633647257E-16,-1.));
#17114=DIRECTION('',(0.,-1.,0.));
#17115=DIRECTION('',(2.22044604925031E-16,0.,-1.));
#17116=DIRECTION('',(0.,1.,0.));
#17117=DIRECTION('center_axis',(1.,0.,2.22044604925031E-16));
#17118=DIRECTION('ref_axis',(0.,-1.,0.));
#17119=DIRECTION('',(-2.22044604925031E-16,0.,1.));
#17120=DIRECTION('',(0.,-1.,0.));
#17121=DIRECTION('',(2.22044604925031E-16,0.,-1.));
#17122=DIRECTION('',(0.,1.,0.));
#17123=DIRECTION('center_axis',(2.22044604925031E-16,0.,-1.));
#17124=DIRECTION('ref_axis',(0.,-1.,0.));
#17125=DIRECTION('',(1.,0.,2.22044604925031E-16));
#17126=DIRECTION('',(0.,-1.,0.));
#17127=DIRECTION('',(-0.766044443118978,0.642787609686539,-1.70096035727369E-16));
#17128=DIRECTION('',(0.,1.,0.));
#17129=DIRECTION('',(0.766044443118978,0.642787609686539,1.70096035727369E-16));
#17130=DIRECTION('',(1.,0.,2.22044604925031E-16));
#17131=DIRECTION('center_axis',(-2.22044604925031E-16,0.,1.));
#17132=DIRECTION('ref_axis',(0.,1.,0.));
#17133=DIRECTION('',(-1.,0.,-2.22044604925031E-16));
#17134=DIRECTION('',(-1.,0.,-2.22044604925031E-16));
#17135=DIRECTION('',(-0.766044443118978,-0.642787609686539,-1.70096035727369E-16));
#17136=DIRECTION('',(0.,-1.,0.));
#17137=DIRECTION('',(0.766044443118978,-0.642787609686539,1.70096035727369E-16));
#17138=DIRECTION('',(0.,1.,0.));
#17139=DIRECTION('center_axis',(-1.,0.,-2.22044604925031E-16));
#17140=DIRECTION('ref_axis',(0.,1.,0.));
#17141=DIRECTION('',(2.22044604925031E-16,0.,-1.));
#17142=DIRECTION('',(2.22044604925031E-16,0.,-1.));
#17143=DIRECTION('center_axis',(-0.642787609686539,-0.766044443118978,-1.42727520843553E-16));
#17144=DIRECTION('ref_axis',(-0.766044443118978,0.642787609686539,-1.70096035727369E-16));
#17145=DIRECTION('center_axis',(0.,1.,0.));
#17146=DIRECTION('ref_axis',(1.,0.,2.22044604925031E-16));
#17147=DIRECTION('',(2.22044604925031E-16,0.,-1.));
#17148=DIRECTION('center_axis',(-0.642787609686539,0.766044443118978,-1.42727520843553E-16));
#17149=DIRECTION('ref_axis',(0.766044443118978,0.642787609686539,1.70096035727369E-16));
#17150=DIRECTION('center_axis',(1.,0.,2.69144975059042E-16));
#17151=DIRECTION('ref_axis',(2.69144975059042E-16,-2.43912633647257E-16,
-1.));
#17152=DIRECTION('',(0.,0.,1.));
#17153=DIRECTION('',(0.,1.,0.));
#17154=DIRECTION('',(0.,1.,0.));
#17155=DIRECTION('',(0.,0.,1.));
#17156=DIRECTION('center_axis',(0.,1.,0.));
#17157=DIRECTION('ref_axis',(0.,0.,-1.));
#17158=DIRECTION('center_axis',(0.,1.,0.));
#17159=DIRECTION('ref_axis',(0.,0.,-1.));
#17160=DIRECTION('',(0.,1.,0.));
#17161=DIRECTION('center_axis',(0.,0.,1.));
#17162=DIRECTION('ref_axis',(1.,0.,0.));
#17163=DIRECTION('',(-1.,0.,2.35589365347696E-16));
#17164=DIRECTION('',(0.,1.,0.));
#17165=DIRECTION('center_axis',(0.,1.,0.));
#17166=DIRECTION('ref_axis',(1.,0.,0.));
#17167=DIRECTION('center_axis',(0.,1.,0.));
#17168=DIRECTION('ref_axis',(1.,0.,0.));
#17169=DIRECTION('center_axis',(0.,1.,0.));
#17170=DIRECTION('ref_axis',(-1.,0.,0.));
#17171=DIRECTION('center_axis',(0.,1.,0.));
#17172=DIRECTION('ref_axis',(-1.,0.,0.));
#17173=DIRECTION('',(0.,1.,0.));
#17174=DIRECTION('center_axis',(-2.35589365347696E-16,0.,-1.));
#17175=DIRECTION('ref_axis',(-1.,0.,2.35589365347696E-16));
#17176=DIRECTION('',(1.,0.,0.));
#17177=DIRECTION('',(0.,1.,0.));
#17178=DIRECTION('center_axis',(0.,1.,0.));
#17179=DIRECTION('ref_axis',(0.,0.,1.));
#17180=DIRECTION('center_axis',(0.,1.,0.));
#17181=DIRECTION('ref_axis',(0.,0.,1.));
#17182=DIRECTION('center_axis',(0.,0.,-1.));
#17183=DIRECTION('ref_axis',(-1.,0.,0.));
#17184=DIRECTION('',(0.,-1.,0.));
#17185=DIRECTION('center_axis',(0.,1.,0.));
#17186=DIRECTION('ref_axis',(1.,0.,0.));
#17187=DIRECTION('',(0.,-1.,0.));
#17188=DIRECTION('center_axis',(1.,0.,0.));
#17189=DIRECTION('ref_axis',(0.,-2.43912633647257E-16,-1.));
#17190=DIRECTION('',(0.,-1.,0.));
#17191=DIRECTION('center_axis',(0.,1.,0.));
#17192=DIRECTION('ref_axis',(0.,0.,1.));
#17193=DIRECTION('center_axis',(0.,1.,0.));
#17194=DIRECTION('ref_axis',(1.,0.,0.));
#17195=DIRECTION('',(0.,1.,5.759281940243E-15));
#17196=DIRECTION('',(1.,0.,0.));
#17197=CARTESIAN_POINT('',(0.,0.,0.));
#17198=CARTESIAN_POINT('',(0.,0.,0.));
#17199=CARTESIAN_POINT('',(0.,0.,0.));
#17200=CARTESIAN_POINT('Origin',(-2.25,6.5,0.));
#17201=CARTESIAN_POINT('',(-3.25,5.5,-0.1));
#17202=CARTESIAN_POINT('',(-3.25,5.5,-0.35));
#17203=CARTESIAN_POINT('',(-3.25,5.5,0.35));
#17204=CARTESIAN_POINT('',(-2.25,6.5,-0.1));
#17205=CARTESIAN_POINT('',(-2.25,6.5,-0.1));
#17206=CARTESIAN_POINT('',(-2.25,6.5,-0.25));
#17207=CARTESIAN_POINT('',(-2.25,6.5,0.));
#17208=CARTESIAN_POINT('',(-2.35,6.4,-0.35));
#17209=CARTESIAN_POINT('',(-2.166666666667,6.583333333333,-0.166666666667));
#17210=CARTESIAN_POINT('',(-2.25,6.5,-0.35));
#17211=CARTESIAN_POINT('Origin',(2.25,6.5,0.));
#17212=CARTESIAN_POINT('',(2.25,6.5,-0.1));
#17213=CARTESIAN_POINT('',(2.25,6.5,-0.25));
#17214=CARTESIAN_POINT('',(2.25,6.5,0.));
#17215=CARTESIAN_POINT('',(3.25,5.5,-0.1));
#17216=CARTESIAN_POINT('',(2.25,6.5,-0.1));
#17217=CARTESIAN_POINT('',(3.25,5.5,-0.35));
#17218=CARTESIAN_POINT('',(3.25,5.5,0.35));
#17219=CARTESIAN_POINT('',(2.35,6.4,-0.35));
#17220=CARTESIAN_POINT('',(2.25,6.5,-0.35));
#17221=CARTESIAN_POINT('',(2.166666666667,6.583333333333,-0.166666666667));
#17222=CARTESIAN_POINT('Origin',(3.25,6.5,0.35));
#17223=CARTESIAN_POINT('',(3.25,5.,0.1));
#17224=CARTESIAN_POINT('',(3.25,5.,-0.1));
#17225=CARTESIAN_POINT('',(3.25,5.,0.1));
#17226=CARTESIAN_POINT('',(3.25,5.5,0.1));
#17227=CARTESIAN_POINT('',(3.25,5.5,0.1));
#17228=CARTESIAN_POINT('',(3.25,5.5,0.35));
#17229=CARTESIAN_POINT('',(3.25,5.5,0.35));
#17230=CARTESIAN_POINT('',(3.25,2.,0.35));
#17231=CARTESIAN_POINT('',(3.25,6.5,0.35));
#17232=CARTESIAN_POINT('',(3.25,2.,-0.35));
#17233=CARTESIAN_POINT('',(3.25,2.,0.35));
#17234=CARTESIAN_POINT('',(3.25,6.5,-0.35));
#17235=CARTESIAN_POINT('',(3.25,5.5,-0.1));
#17236=CARTESIAN_POINT('Origin',(-3.25,6.5,-0.35));
#17237=CARTESIAN_POINT('',(-3.25,6.4,-0.35));
#17238=CARTESIAN_POINT('',(-3.25,2.,-0.35));
#17239=CARTESIAN_POINT('',(-3.25,2.,-0.35));
#17240=CARTESIAN_POINT('',(-3.25,6.5,-0.35));
#17241=CARTESIAN_POINT('Origin',(-3.25,6.5,0.35));
#17242=CARTESIAN_POINT('',(-3.25,5.5,0.35));
#17243=CARTESIAN_POINT('',(-3.25,5.5,0.1));
#17244=CARTESIAN_POINT('',(-3.25,5.5,0.35));
#17245=CARTESIAN_POINT('',(-3.25,5.,0.1));
#17246=CARTESIAN_POINT('',(-3.25,5.5,0.1));
#17247=CARTESIAN_POINT('',(-3.25,5.,-0.1));
#17248=CARTESIAN_POINT('',(-3.25,5.,0.1));
#17249=CARTESIAN_POINT('',(-3.25,5.5,-0.1));
#17250=CARTESIAN_POINT('',(-3.25,2.,0.35));
#17251=CARTESIAN_POINT('',(-3.25,2.,0.35));
#17252=CARTESIAN_POINT('',(-3.25,6.5,0.35));
#17253=CARTESIAN_POINT('Origin',(-3.25,6.5,0.35));
#17254=CARTESIAN_POINT('',(2.35,6.4,0.35));
#17255=CARTESIAN_POINT('',(2.25,6.5,0.35));
#17256=CARTESIAN_POINT('',(-2.35,6.4,0.35));
#17257=CARTESIAN_POINT('',(-3.25,6.4,0.35));
#17258=CARTESIAN_POINT('',(-2.25,6.5,0.35));
#17259=CARTESIAN_POINT('',(-3.25,2.,0.35));
#17260=CARTESIAN_POINT('Origin',(0.,6.5,0.));
#17261=CARTESIAN_POINT('',(-1.75,6.5,0.1));
#17262=CARTESIAN_POINT('',(-1.75,6.5,-0.1));
#17263=CARTESIAN_POINT('',(-1.75,6.5,0.1));
#17264=CARTESIAN_POINT('',(-2.25,6.5,0.1));
#17265=CARTESIAN_POINT('',(-2.25,6.5,0.1));
#17266=CARTESIAN_POINT('',(-2.25,6.5,0.25));
#17267=CARTESIAN_POINT('',(-2.25,6.5,0.));
#17268=CARTESIAN_POINT('',(2.25,6.5,0.25));
#17269=CARTESIAN_POINT('',(0.,6.5,0.25));
#17270=CARTESIAN_POINT('',(2.25,6.5,0.1));
#17271=CARTESIAN_POINT('',(2.25,6.5,0.));
#17272=CARTESIAN_POINT('',(1.75,6.5,0.1));
#17273=CARTESIAN_POINT('',(2.25,6.5,0.1));
#17274=CARTESIAN_POINT('',(1.75,6.5,-0.1));
#17275=CARTESIAN_POINT('',(1.75,6.5,0.1));
#17276=CARTESIAN_POINT('',(2.25,6.5,-0.1));
#17277=CARTESIAN_POINT('',(0.,6.5,-0.25));
#17278=CARTESIAN_POINT('',(-2.25,6.5,-0.1));
#17279=CARTESIAN_POINT('Origin',(0.,2.,0.));
#17280=CARTESIAN_POINT('Origin',(-2.25,6.5,0.));
#17281=CARTESIAN_POINT('',(-2.25,6.5,0.1));
#17282=CARTESIAN_POINT('',(-2.166666666667,6.583333333333,0.166666666667));
#17283=CARTESIAN_POINT('Origin',(2.25,6.5,0.));
#17284=CARTESIAN_POINT('',(2.25,6.5,0.1));
#17285=CARTESIAN_POINT('',(2.166666666667,6.583333333333,0.166666666667));
#17286=CARTESIAN_POINT('Origin',(0.,6.5,0.25));
#17287=CARTESIAN_POINT('Origin',(0.,6.5,-0.25));
#17288=CARTESIAN_POINT('Origin',(1.75,6.5,0.1));
#17289=CARTESIAN_POINT('',(1.75,6.6,-0.1));
#17290=CARTESIAN_POINT('',(1.75,6.5,-0.1));
#17291=CARTESIAN_POINT('',(1.75,6.6,0.1));
#17292=CARTESIAN_POINT('',(1.75,6.5,0.1));
#17293=CARTESIAN_POINT('',(1.75,6.6,0.1));
#17294=CARTESIAN_POINT('Origin',(3.25,5.,0.1));
#17295=CARTESIAN_POINT('',(3.35,5.,-0.1));
#17296=CARTESIAN_POINT('',(3.25,5.,-0.1));
#17297=CARTESIAN_POINT('',(3.35,5.,0.1));
#17298=CARTESIAN_POINT('',(3.35,5.,0.1));
#17299=CARTESIAN_POINT('',(3.25,5.,0.1));
#17300=CARTESIAN_POINT('Origin',(3.35,5.541421356237,0.1));
#17301=CARTESIAN_POINT('',(3.35,5.541421356237,-0.1));
#17302=CARTESIAN_POINT('',(3.35,5.541421356237,-0.1));
#17303=CARTESIAN_POINT('',(3.35,5.541421356237,0.1));
#17304=CARTESIAN_POINT('',(3.35,5.541421356237,0.1));
#17305=CARTESIAN_POINT('',(3.35,5.541421356237,0.1));
#17306=CARTESIAN_POINT('Origin',(2.291421356237,6.6,0.1));
#17307=CARTESIAN_POINT('',(2.291421356237,6.6,-0.1));
#17308=CARTESIAN_POINT('',(2.291421356237,6.6,-0.1));
#17309=CARTESIAN_POINT('',(2.291421356237,6.6,0.1));
#17310=CARTESIAN_POINT('',(2.291421356237,6.6,0.1));
#17311=CARTESIAN_POINT('',(2.291421356237,6.6,0.1));
#17312=CARTESIAN_POINT('Origin',(2.291421356237,6.6,0.1));
#17313=CARTESIAN_POINT('',(2.291421356237,6.6,-0.1));
#17314=CARTESIAN_POINT('',(2.291421356237,6.6,0.1));
#17315=CARTESIAN_POINT('Origin',(0.,0.,0.1));
#17316=CARTESIAN_POINT('Origin',(0.,0.,-0.1));
#17317=CARTESIAN_POINT('Origin',(-1.75,6.5,0.1));
#17318=CARTESIAN_POINT('',(-1.75,6.6,-0.1));
#17319=CARTESIAN_POINT('',(-1.75,6.5,-0.1));
#17320=CARTESIAN_POINT('',(-1.75,6.6,0.1));
#17321=CARTESIAN_POINT('',(-1.75,6.6,0.1));
#17322=CARTESIAN_POINT('',(-1.75,6.5,0.1));
#17323=CARTESIAN_POINT('Origin',(-2.291421356237,6.6,0.1));
#17324=CARTESIAN_POINT('',(-2.291421356237,6.6,-0.1));
#17325=CARTESIAN_POINT('',(-2.291421356237,6.6,-0.1));
#17326=CARTESIAN_POINT('',(-2.291421356237,6.6,0.1));
#17327=CARTESIAN_POINT('',(-2.291421356237,6.6,0.1));
#17328=CARTESIAN_POINT('',(-2.291421356237,6.6,0.1));
#17329=CARTESIAN_POINT('Origin',(-2.291421356237,6.6,0.1));
#17330=CARTESIAN_POINT('',(-3.35,5.541421356237,-0.1));
#17331=CARTESIAN_POINT('',(-2.291421356237,6.6,-0.1));
#17332=CARTESIAN_POINT('',(-3.35,5.541421356237,0.1));
#17333=CARTESIAN_POINT('',(-3.35,5.541421356237,0.1));
#17334=CARTESIAN_POINT('',(-2.291421356237,6.6,0.1));
#17335=CARTESIAN_POINT('Origin',(-3.35,5.541421356237,0.1));
#17336=CARTESIAN_POINT('',(-3.35,5.,-0.1));
#17337=CARTESIAN_POINT('',(-3.35,5.541421356237,-0.1));
#17338=CARTESIAN_POINT('',(-3.35,5.,0.1));
#17339=CARTESIAN_POINT('',(-3.35,5.,0.1));
#17340=CARTESIAN_POINT('',(-3.35,5.541421356237,0.1));
#17341=CARTESIAN_POINT('Origin',(-3.25,5.,0.1));
#17342=CARTESIAN_POINT('',(-3.25,5.,-0.1));
#17343=CARTESIAN_POINT('',(-3.25,5.,0.1));
#17344=CARTESIAN_POINT('Origin',(0.,0.,0.1));
#17345=CARTESIAN_POINT('Origin',(0.,0.,-0.1));
#17346=CARTESIAN_POINT('Origin',(0.,5.787332622142,-0.375));
#17347=CARTESIAN_POINT('',(-0.15,5.787332622142,0.375));
#17348=CARTESIAN_POINT('',(0.15,5.787332622142,0.375));
#17349=CARTESIAN_POINT('Origin',(0.,5.787332622142,0.375));
#17350=CARTESIAN_POINT('',(0.15,5.787332622142,-0.375));
#17351=CARTESIAN_POINT('',(0.15,5.787332622142,-0.375));
#17352=CARTESIAN_POINT('',(-0.15,5.787332622142,-0.375));
#17353=CARTESIAN_POINT('Origin',(0.,5.787332622142,-0.375));
#17354=CARTESIAN_POINT('',(-0.15,5.787332622142,-0.375));
#17355=CARTESIAN_POINT('Origin',(0.15,5.787332622142,-0.375));
#17356=CARTESIAN_POINT('',(0.15,2.302902790585,0.375));
#17357=CARTESIAN_POINT('',(0.15,5.787332622142,0.375));
#17358=CARTESIAN_POINT('',(0.15,2.302902790585,-0.375));
#17359=CARTESIAN_POINT('',(0.15,2.302902790585,-0.375));
#17360=CARTESIAN_POINT('',(0.15,5.787332622142,-0.375));
#17361=CARTESIAN_POINT('Origin',(0.,2.302902790585,-0.375));
#17362=CARTESIAN_POINT('',(-0.15,2.302902790585,0.375));
#17363=CARTESIAN_POINT('Origin',(0.,2.302902790585,0.375));
#17364=CARTESIAN_POINT('',(-0.15,2.302902790585,-0.375));
#17365=CARTESIAN_POINT('',(-0.15,2.302902790585,-0.375));
#17366=CARTESIAN_POINT('Origin',(0.,2.302902790585,-0.375));
#17367=CARTESIAN_POINT('Origin',(-0.15,5.787332622142,-0.375));
#17368=CARTESIAN_POINT('',(-0.15,5.787332622142,0.375));
#17369=CARTESIAN_POINT('',(-0.15,5.787332622142,-0.375));
#17370=CARTESIAN_POINT('Origin',(0.,5.787332622142,-0.375));
#17371=CARTESIAN_POINT('Origin',(0.,5.787332622142,0.375));
#17372=CARTESIAN_POINT('Origin',(0.5,5.787332622142,-0.375));
#17373=CARTESIAN_POINT('',(0.35,5.787332622142,0.375));
#17374=CARTESIAN_POINT('',(0.65,5.787332622142,0.375));
#17375=CARTESIAN_POINT('Origin',(0.5,5.787332622142,0.375));
#17376=CARTESIAN_POINT('',(0.65,5.787332622142,-0.375));
#17377=CARTESIAN_POINT('',(0.65,5.787332622142,-0.375));
#17378=CARTESIAN_POINT('',(0.35,5.787332622142,-0.375));
#17379=CARTESIAN_POINT('Origin',(0.5,5.787332622142,-0.375));
#17380=CARTESIAN_POINT('',(0.35,5.787332622142,-0.375));
#17381=CARTESIAN_POINT('Origin',(0.65,5.787332622142,-0.375));
#17382=CARTESIAN_POINT('',(0.65,2.302902790585,0.375));
#17383=CARTESIAN_POINT('',(0.65,5.787332622142,0.375));
#17384=CARTESIAN_POINT('',(0.65,2.302902790585,-0.375));
#17385=CARTESIAN_POINT('',(0.65,2.302902790585,-0.375));
#17386=CARTESIAN_POINT('',(0.65,5.787332622142,-0.375));
#17387=CARTESIAN_POINT('Origin',(0.5,2.302902790585,-0.375));
#17388=CARTESIAN_POINT('',(0.35,2.302902790585,0.375));
#17389=CARTESIAN_POINT('Origin',(0.5,2.302902790585,0.375));
#17390=CARTESIAN_POINT('',(0.35,2.302902790585,-0.375));
#17391=CARTESIAN_POINT('',(0.35,2.302902790585,-0.375));
#17392=CARTESIAN_POINT('Origin',(0.5,2.302902790585,-0.375));
#17393=CARTESIAN_POINT('Origin',(0.35,5.787332622142,-0.375));
#17394=CARTESIAN_POINT('',(0.35,5.787332622142,0.375));
#17395=CARTESIAN_POINT('',(0.35,5.787332622142,-0.375));
#17396=CARTESIAN_POINT('Origin',(0.5,5.787332622142,-0.375));
#17397=CARTESIAN_POINT('Origin',(0.5,5.787332622142,0.375));
#17398=CARTESIAN_POINT('Origin',(1.,5.787332622142,-0.375));
#17399=CARTESIAN_POINT('',(0.85,5.787332622142,0.375));
#17400=CARTESIAN_POINT('',(1.15,5.787332622142,0.375));
#17401=CARTESIAN_POINT('Origin',(1.,5.787332622142,0.375));
#17402=CARTESIAN_POINT('',(1.15,5.787332622142,-0.375));
#17403=CARTESIAN_POINT('',(1.15,5.787332622142,-0.375));
#17404=CARTESIAN_POINT('',(0.85,5.787332622142,-0.375));
#17405=CARTESIAN_POINT('Origin',(1.,5.787332622142,-0.375));
#17406=CARTESIAN_POINT('',(0.85,5.787332622142,-0.375));
#17407=CARTESIAN_POINT('Origin',(1.15,5.787332622142,-0.375));
#17408=CARTESIAN_POINT('',(1.15,2.302902790585,0.375));
#17409=CARTESIAN_POINT('',(1.15,5.787332622142,0.375));
#17410=CARTESIAN_POINT('',(1.15,2.302902790585,-0.375));
#17411=CARTESIAN_POINT('',(1.15,2.302902790585,-0.375));
#17412=CARTESIAN_POINT('',(1.15,5.787332622142,-0.375));
#17413=CARTESIAN_POINT('Origin',(1.,2.302902790585,-0.375));
#17414=CARTESIAN_POINT('',(0.85,2.302902790585,0.375));
#17415=CARTESIAN_POINT('Origin',(1.,2.302902790585,0.375));
#17416=CARTESIAN_POINT('',(0.85,2.302902790585,-0.375));
#17417=CARTESIAN_POINT('',(0.85,2.302902790585,-0.375));
#17418=CARTESIAN_POINT('Origin',(1.,2.302902790585,-0.375));
#17419=CARTESIAN_POINT('Origin',(0.85,5.787332622142,-0.375));
#17420=CARTESIAN_POINT('',(0.85,5.787332622142,0.375));
#17421=CARTESIAN_POINT('',(0.85,5.787332622142,-0.375));
#17422=CARTESIAN_POINT('Origin',(1.,5.787332622142,-0.375));
#17423=CARTESIAN_POINT('Origin',(1.,5.787332622142,0.375));
#17424=CARTESIAN_POINT('Origin',(1.5,5.787332622142,-0.375));
#17425=CARTESIAN_POINT('',(1.35,5.787332622142,0.375));
#17426=CARTESIAN_POINT('',(1.65,5.787332622142,0.375));
#17427=CARTESIAN_POINT('Origin',(1.5,5.787332622142,0.375));
#17428=CARTESIAN_POINT('',(1.65,5.787332622142,-0.375));
#17429=CARTESIAN_POINT('',(1.65,5.787332622142,-0.375));
#17430=CARTESIAN_POINT('',(1.35,5.787332622142,-0.375));
#17431=CARTESIAN_POINT('Origin',(1.5,5.787332622142,-0.375));
#17432=CARTESIAN_POINT('',(1.35,5.787332622142,-0.375));
#17433=CARTESIAN_POINT('Origin',(1.65,5.787332622142,-0.375));
#17434=CARTESIAN_POINT('',(1.65,2.302902790585,0.375));
#17435=CARTESIAN_POINT('',(1.65,5.787332622142,0.375));
#17436=CARTESIAN_POINT('',(1.65,2.302902790585,-0.375));
#17437=CARTESIAN_POINT('',(1.65,2.302902790585,-0.375));
#17438=CARTESIAN_POINT('',(1.65,5.787332622142,-0.375));
#17439=CARTESIAN_POINT('Origin',(1.5,2.302902790585,-0.375));
#17440=CARTESIAN_POINT('',(1.35,2.302902790585,0.375));
#17441=CARTESIAN_POINT('Origin',(1.5,2.302902790585,0.375));
#17442=CARTESIAN_POINT('',(1.35,2.302902790585,-0.375));
#17443=CARTESIAN_POINT('',(1.35,2.302902790585,-0.375));
#17444=CARTESIAN_POINT('Origin',(1.5,2.302902790585,-0.375));
#17445=CARTESIAN_POINT('Origin',(1.35,5.787332622142,-0.375));
#17446=CARTESIAN_POINT('',(1.35,5.787332622142,0.375));
#17447=CARTESIAN_POINT('',(1.35,5.787332622142,-0.375));
#17448=CARTESIAN_POINT('Origin',(1.5,5.787332622142,-0.375));
#17449=CARTESIAN_POINT('Origin',(1.5,5.787332622142,0.375));
#17450=CARTESIAN_POINT('Origin',(2.,5.787332622142,-0.375));
#17451=CARTESIAN_POINT('',(1.85,5.787332622142,0.375));
#17452=CARTESIAN_POINT('',(2.15,5.787332622142,0.375));
#17453=CARTESIAN_POINT('Origin',(2.,5.787332622142,0.375));
#17454=CARTESIAN_POINT('',(2.15,5.787332622142,-0.375));
#17455=CARTESIAN_POINT('',(2.15,5.787332622142,-0.375));
#17456=CARTESIAN_POINT('',(1.85,5.787332622142,-0.375));
#17457=CARTESIAN_POINT('Origin',(2.,5.787332622142,-0.375));
#17458=CARTESIAN_POINT('',(1.85,5.787332622142,-0.375));
#17459=CARTESIAN_POINT('Origin',(2.15,5.787332622142,-0.375));
#17460=CARTESIAN_POINT('',(2.15,2.302902790585,0.375));
#17461=CARTESIAN_POINT('',(2.15,5.787332622142,0.375));
#17462=CARTESIAN_POINT('',(2.15,2.302902790585,-0.375));
#17463=CARTESIAN_POINT('',(2.15,2.302902790585,-0.375));
#17464=CARTESIAN_POINT('',(2.15,5.787332622142,-0.375));
#17465=CARTESIAN_POINT('Origin',(2.,2.302902790585,-0.375));
#17466=CARTESIAN_POINT('',(1.85,2.302902790585,0.375));
#17467=CARTESIAN_POINT('Origin',(2.,2.302902790585,0.375));
#17468=CARTESIAN_POINT('',(1.85,2.302902790585,-0.375));
#17469=CARTESIAN_POINT('',(1.85,2.302902790585,-0.375));
#17470=CARTESIAN_POINT('Origin',(2.,2.302902790585,-0.375));
#17471=CARTESIAN_POINT('Origin',(1.85,5.787332622142,-0.375));
#17472=CARTESIAN_POINT('',(1.85,5.787332622142,0.375));
#17473=CARTESIAN_POINT('',(1.85,5.787332622142,-0.375));
#17474=CARTESIAN_POINT('Origin',(2.,5.787332622142,-0.375));
#17475=CARTESIAN_POINT('Origin',(2.,5.787332622142,0.375));
#17476=CARTESIAN_POINT('Origin',(-0.5,5.787332622142,-0.375));
#17477=CARTESIAN_POINT('',(-0.65,5.787332622142,0.375));
#17478=CARTESIAN_POINT('',(-0.35,5.787332622142,0.375));
#17479=CARTESIAN_POINT('Origin',(-0.5,5.787332622142,0.375));
#17480=CARTESIAN_POINT('',(-0.35,5.787332622142,-0.375));
#17481=CARTESIAN_POINT('',(-0.35,5.787332622142,-0.375));
#17482=CARTESIAN_POINT('',(-0.65,5.787332622142,-0.375));
#17483=CARTESIAN_POINT('Origin',(-0.5,5.787332622142,-0.375));
#17484=CARTESIAN_POINT('',(-0.65,5.787332622142,-0.375));
#17485=CARTESIAN_POINT('Origin',(-0.35,5.787332622142,-0.375));
#17486=CARTESIAN_POINT('',(-0.35,2.302902790585,0.375));
#17487=CARTESIAN_POINT('',(-0.35,5.787332622142,0.375));
#17488=CARTESIAN_POINT('',(-0.35,2.302902790585,-0.375));
#17489=CARTESIAN_POINT('',(-0.35,2.302902790585,-0.375));
#17490=CARTESIAN_POINT('',(-0.35,5.787332622142,-0.375));
#17491=CARTESIAN_POINT('Origin',(-0.5,2.302902790585,-0.375));
#17492=CARTESIAN_POINT('',(-0.65,2.302902790585,0.375));
#17493=CARTESIAN_POINT('Origin',(-0.5,2.302902790585,0.375));
#17494=CARTESIAN_POINT('',(-0.65,2.302902790585,-0.375));
#17495=CARTESIAN_POINT('',(-0.65,2.302902790585,-0.375));
#17496=CARTESIAN_POINT('Origin',(-0.5,2.302902790585,-0.375));
#17497=CARTESIAN_POINT('Origin',(-0.65,5.787332622142,-0.375));
#17498=CARTESIAN_POINT('',(-0.65,5.787332622142,0.375));
#17499=CARTESIAN_POINT('',(-0.65,5.787332622142,-0.375));
#17500=CARTESIAN_POINT('Origin',(-0.5,5.787332622142,-0.375));
#17501=CARTESIAN_POINT('Origin',(-0.5,5.787332622142,0.375));
#17502=CARTESIAN_POINT('Origin',(-1.,5.787332622142,-0.375));
#17503=CARTESIAN_POINT('',(-1.15,5.787332622142,0.375));
#17504=CARTESIAN_POINT('',(-0.85,5.787332622142,0.375));
#17505=CARTESIAN_POINT('Origin',(-1.,5.787332622142,0.375));
#17506=CARTESIAN_POINT('',(-0.85,5.787332622142,-0.375));
#17507=CARTESIAN_POINT('',(-0.85,5.787332622142,-0.375));
#17508=CARTESIAN_POINT('',(-1.15,5.787332622142,-0.375));
#17509=CARTESIAN_POINT('Origin',(-1.,5.787332622142,-0.375));
#17510=CARTESIAN_POINT('',(-1.15,5.787332622142,-0.375));
#17511=CARTESIAN_POINT('Origin',(-0.85,5.787332622142,-0.375));
#17512=CARTESIAN_POINT('',(-0.85,2.302902790585,0.375));
#17513=CARTESIAN_POINT('',(-0.85,5.787332622142,0.375));
#17514=CARTESIAN_POINT('',(-0.85,2.302902790585,-0.375));
#17515=CARTESIAN_POINT('',(-0.85,2.302902790585,-0.375));
#17516=CARTESIAN_POINT('',(-0.85,5.787332622142,-0.375));
#17517=CARTESIAN_POINT('Origin',(-1.,2.302902790585,-0.375));
#17518=CARTESIAN_POINT('',(-1.15,2.302902790585,0.375));
#17519=CARTESIAN_POINT('Origin',(-1.,2.302902790585,0.375));
#17520=CARTESIAN_POINT('',(-1.15,2.302902790585,-0.375));
#17521=CARTESIAN_POINT('',(-1.15,2.302902790585,-0.375));
#17522=CARTESIAN_POINT('Origin',(-1.,2.302902790585,-0.375));
#17523=CARTESIAN_POINT('Origin',(-1.15,5.787332622142,-0.375));
#17524=CARTESIAN_POINT('',(-1.15,5.787332622142,0.375));
#17525=CARTESIAN_POINT('',(-1.15,5.787332622142,-0.375));
#17526=CARTESIAN_POINT('Origin',(-1.,5.787332622142,-0.375));
#17527=CARTESIAN_POINT('Origin',(-1.,5.787332622142,0.375));
#17528=CARTESIAN_POINT('Origin',(-1.5,5.787332622142,-0.375));
#17529=CARTESIAN_POINT('',(-1.65,5.787332622142,0.375));
#17530=CARTESIAN_POINT('',(-1.35,5.787332622142,0.375));
#17531=CARTESIAN_POINT('Origin',(-1.5,5.787332622142,0.375));
#17532=CARTESIAN_POINT('',(-1.35,5.787332622142,-0.375));
#17533=CARTESIAN_POINT('',(-1.35,5.787332622142,-0.375));
#17534=CARTESIAN_POINT('',(-1.65,5.787332622142,-0.375));
#17535=CARTESIAN_POINT('Origin',(-1.5,5.787332622142,-0.375));
#17536=CARTESIAN_POINT('',(-1.65,5.787332622142,-0.375));
#17537=CARTESIAN_POINT('Origin',(-1.35,5.787332622142,-0.375));
#17538=CARTESIAN_POINT('',(-1.35,2.302902790585,0.375));
#17539=CARTESIAN_POINT('',(-1.35,5.787332622142,0.375));
#17540=CARTESIAN_POINT('',(-1.35,2.302902790585,-0.375));
#17541=CARTESIAN_POINT('',(-1.35,2.302902790585,-0.375));
#17542=CARTESIAN_POINT('',(-1.35,5.787332622142,-0.375));
#17543=CARTESIAN_POINT('Origin',(-1.5,2.302902790585,-0.375));
#17544=CARTESIAN_POINT('',(-1.65,2.302902790585,0.375));
#17545=CARTESIAN_POINT('Origin',(-1.5,2.302902790585,0.375));
#17546=CARTESIAN_POINT('',(-1.65,2.302902790585,-0.375));
#17547=CARTESIAN_POINT('',(-1.65,2.302902790585,-0.375));
#17548=CARTESIAN_POINT('Origin',(-1.5,2.302902790585,-0.375));
#17549=CARTESIAN_POINT('Origin',(-1.65,5.787332622142,-0.375));
#17550=CARTESIAN_POINT('',(-1.65,5.787332622142,0.375));
#17551=CARTESIAN_POINT('',(-1.65,5.787332622142,-0.375));
#17552=CARTESIAN_POINT('Origin',(-1.5,5.787332622142,-0.375));
#17553=CARTESIAN_POINT('Origin',(-1.5,5.787332622142,0.375));
#17554=CARTESIAN_POINT('Origin',(-2.,5.787332622142,-0.375));
#17555=CARTESIAN_POINT('',(-2.15,5.787332622142,0.375));
#17556=CARTESIAN_POINT('',(-1.85,5.787332622142,0.375));
#17557=CARTESIAN_POINT('Origin',(-2.,5.787332622142,0.375));
#17558=CARTESIAN_POINT('',(-1.85,5.787332622142,-0.375));
#17559=CARTESIAN_POINT('',(-1.85,5.787332622142,-0.375));
#17560=CARTESIAN_POINT('',(-2.15,5.787332622142,-0.375));
#17561=CARTESIAN_POINT('Origin',(-2.,5.787332622142,-0.375));
#17562=CARTESIAN_POINT('',(-2.15,5.787332622142,-0.375));
#17563=CARTESIAN_POINT('Origin',(-1.85,5.787332622142,-0.375));
#17564=CARTESIAN_POINT('',(-1.85,2.302902790585,0.375));
#17565=CARTESIAN_POINT('',(-1.85,5.787332622142,0.375));
#17566=CARTESIAN_POINT('',(-1.85,2.302902790585,-0.375));
#17567=CARTESIAN_POINT('',(-1.85,2.302902790585,-0.375));
#17568=CARTESIAN_POINT('',(-1.85,5.787332622142,-0.375));
#17569=CARTESIAN_POINT('Origin',(-2.,2.302902790585,-0.375));
#17570=CARTESIAN_POINT('',(-2.15,2.302902790585,0.375));
#17571=CARTESIAN_POINT('Origin',(-2.,2.302902790585,0.375));
#17572=CARTESIAN_POINT('',(-2.15,2.302902790585,-0.375));
#17573=CARTESIAN_POINT('',(-2.15,2.302902790585,-0.375));
#17574=CARTESIAN_POINT('Origin',(-2.,2.302902790585,-0.375));
#17575=CARTESIAN_POINT('Origin',(-2.15,5.787332622142,-0.375));
#17576=CARTESIAN_POINT('',(-2.15,5.787332622142,0.375));
#17577=CARTESIAN_POINT('',(-2.15,5.787332622142,-0.375));
#17578=CARTESIAN_POINT('Origin',(-2.,5.787332622142,-0.375));
#17579=CARTESIAN_POINT('Origin',(-2.,5.787332622142,0.375));
#17580=CARTESIAN_POINT('Origin',(-2.89,1.05,2.285));
#17581=CARTESIAN_POINT('',(-2.64000000000004,1.05,2.18499999999996));
#17582=CARTESIAN_POINT('Origin',(-2.89,1.05,2.185));
#17583=CARTESIAN_POINT('',(-2.74,1.05,2.285));
#17584=CARTESIAN_POINT('',(-2.74,1.05,2.285));
#17585=CARTESIAN_POINT('Origin',(-2.89,1.05,2.285));
#17586=CARTESIAN_POINT('Origin',(2.89,1.05,2.285));
#17587=CARTESIAN_POINT('',(3.13999999999996,1.05,2.18499999999996));
#17588=CARTESIAN_POINT('Origin',(2.89,1.05,2.185));
#17589=CARTESIAN_POINT('',(3.04,1.05,2.285));
#17590=CARTESIAN_POINT('',(3.04,1.05,2.285));
#17591=CARTESIAN_POINT('Origin',(2.89,1.05,2.285));
#17592=CARTESIAN_POINT('Origin',(-2.89,1.05,2.285));
#17593=CARTESIAN_POINT('',(-3.04,1.25,1.605));
#17594=CARTESIAN_POINT('',(-2.64,1.05,1.605));
#17595=CARTESIAN_POINT('Origin',(-2.89,1.05,1.605));
#17596=CARTESIAN_POINT('',(-2.64,1.05,2.285));
#17597=CARTESIAN_POINT('',(-2.74,1.25,1.605));
#17598=CARTESIAN_POINT('Origin',(-2.89,1.05,1.605));
#17599=CARTESIAN_POINT('Origin',(-2.89,1.05,1.605));
#17600=CARTESIAN_POINT('Origin',(2.89,1.05,2.285));
#17601=CARTESIAN_POINT('',(2.74,1.25,1.605));
#17602=CARTESIAN_POINT('',(3.14,1.05,1.605));
#17603=CARTESIAN_POINT('Origin',(2.89,1.05,1.605));
#17604=CARTESIAN_POINT('',(3.14,1.05,2.285));
#17605=CARTESIAN_POINT('',(3.04,1.25,1.605));
#17606=CARTESIAN_POINT('Origin',(2.89,1.05,1.605));
#17607=CARTESIAN_POINT('Origin',(2.89,1.05,1.605));
#17608=CARTESIAN_POINT('Origin',(3.22,0.1,1.505));
#17609=CARTESIAN_POINT('',(0.4,0.,1.505));
#17610=CARTESIAN_POINT('',(0.4,0.1,1.605));
#17611=CARTESIAN_POINT('Origin',(0.4,0.1,1.505));
#17612=CARTESIAN_POINT('',(0.6,0.,1.505));
#17613=CARTESIAN_POINT('',(-4.17,0.,1.505));
#17614=CARTESIAN_POINT('',(0.6,0.1,1.605));
#17615=CARTESIAN_POINT('Origin',(0.6,0.1,1.505));
#17616=CARTESIAN_POINT('',(4.17,0.1,1.605));
#17617=CARTESIAN_POINT('Origin',(3.22,0.1,1.505));
#17618=CARTESIAN_POINT('',(2.75,0.,1.505));
#17619=CARTESIAN_POINT('',(2.75,0.1,1.605));
#17620=CARTESIAN_POINT('Origin',(2.75,0.1,1.505));
#17621=CARTESIAN_POINT('',(2.95,0.,1.505));
#17622=CARTESIAN_POINT('',(-4.17,0.,1.505));
#17623=CARTESIAN_POINT('',(2.95,0.1,1.605));
#17624=CARTESIAN_POINT('Origin',(2.95,0.1,1.505));
#17625=CARTESIAN_POINT('',(4.17,0.1,1.605));
#17626=CARTESIAN_POINT('Origin',(3.22,0.1,1.505));
#17627=CARTESIAN_POINT('',(0.9,0.,1.505));
#17628=CARTESIAN_POINT('',(0.9,0.1,1.605));
#17629=CARTESIAN_POINT('Origin',(0.9,0.1,1.505));
#17630=CARTESIAN_POINT('',(1.1,0.,1.505));
#17631=CARTESIAN_POINT('',(-4.17,0.,1.505));
#17632=CARTESIAN_POINT('',(1.1,0.1,1.605));
#17633=CARTESIAN_POINT('Origin',(1.1,0.1,1.505));
#17634=CARTESIAN_POINT('',(4.17,0.1,1.605));
#17635=CARTESIAN_POINT('Origin',(3.22,0.1,1.505));
#17636=CARTESIAN_POINT('',(1.4,0.,1.505));
#17637=CARTESIAN_POINT('',(1.4,0.1,1.605));
#17638=CARTESIAN_POINT('Origin',(1.4,0.1,1.505));
#17639=CARTESIAN_POINT('',(1.6,0.,1.505));
#17640=CARTESIAN_POINT('',(-4.17,0.,1.505));
#17641=CARTESIAN_POINT('',(1.6,0.1,1.605));
#17642=CARTESIAN_POINT('Origin',(1.6,0.1,1.505));
#17643=CARTESIAN_POINT('',(4.17,0.1,1.605));
#17644=CARTESIAN_POINT('Origin',(3.22,0.1,1.505));
#17645=CARTESIAN_POINT('',(2.15,0.1,1.605));
#17646=CARTESIAN_POINT('',(2.15,0.,1.505));
#17647=CARTESIAN_POINT('Origin',(2.15,0.1,1.505));
#17648=CARTESIAN_POINT('',(1.9,0.1,1.605));
#17649=CARTESIAN_POINT('',(4.17,0.1,1.605));
#17650=CARTESIAN_POINT('',(1.9,0.,1.505));
#17651=CARTESIAN_POINT('Origin',(1.9,0.1,1.505));
#17652=CARTESIAN_POINT('',(-4.17,0.,1.505));
#17653=CARTESIAN_POINT('Origin',(3.22,0.1,1.505));
#17654=CARTESIAN_POINT('',(3.55,0.,1.505));
#17655=CARTESIAN_POINT('',(3.55,0.1,1.605));
#17656=CARTESIAN_POINT('Origin',(3.55,0.1,1.505));
#17657=CARTESIAN_POINT('',(4.07,0.,1.505));
#17658=CARTESIAN_POINT('',(-4.17,0.,1.505));
#17659=CARTESIAN_POINT('',(4.07,0.1,1.605));
#17660=CARTESIAN_POINT('Origin',(4.07,0.1,1.505));
#17661=CARTESIAN_POINT('',(4.17,0.1,1.605));
#17662=CARTESIAN_POINT('Origin',(3.22,0.1,1.505));
#17663=CARTESIAN_POINT('',(-2.95,0.,1.505));
#17664=CARTESIAN_POINT('',(-2.95,0.1,1.605));
#17665=CARTESIAN_POINT('Origin',(-2.95,0.1,1.505));
#17666=CARTESIAN_POINT('',(-2.75,0.,1.505));
#17667=CARTESIAN_POINT('',(-4.17,0.,1.505));
#17668=CARTESIAN_POINT('',(-2.75,0.1,1.605));
#17669=CARTESIAN_POINT('Origin',(-2.75,0.1,1.505));
#17670=CARTESIAN_POINT('',(4.17,0.1,1.605));
#17671=CARTESIAN_POINT('Origin',(3.22,0.1,1.505));
#17672=CARTESIAN_POINT('',(-2.15,0.,1.505));
#17673=CARTESIAN_POINT('',(-2.15,0.1,1.605));
#17674=CARTESIAN_POINT('Origin',(-2.15,0.1,1.505));
#17675=CARTESIAN_POINT('',(-1.9,0.,1.505));
#17676=CARTESIAN_POINT('',(-4.17,0.,1.505));
#17677=CARTESIAN_POINT('',(-1.9,0.1,1.605));
#17678=CARTESIAN_POINT('Origin',(-1.9,0.1,1.505));
#17679=CARTESIAN_POINT('',(4.17,0.1,1.605));
#17680=CARTESIAN_POINT('Origin',(3.22,0.1,1.505));
#17681=CARTESIAN_POINT('',(-1.6,0.,1.505));
#17682=CARTESIAN_POINT('',(-1.6,0.1,1.605));
#17683=CARTESIAN_POINT('Origin',(-1.6,0.1,1.505));
#17684=CARTESIAN_POINT('',(-1.4,0.,1.505));
#17685=CARTESIAN_POINT('',(-4.17,0.,1.505));
#17686=CARTESIAN_POINT('',(-1.4,0.1,1.605));
#17687=CARTESIAN_POINT('Origin',(-1.4,0.1,1.505));
#17688=CARTESIAN_POINT('',(4.17,0.1,1.605));
#17689=CARTESIAN_POINT('Origin',(3.22,0.1,1.505));
#17690=CARTESIAN_POINT('',(-1.1,0.,1.505));
#17691=CARTESIAN_POINT('',(-1.1,0.1,1.605));
#17692=CARTESIAN_POINT('Origin',(-1.1,0.1,1.505));
#17693=CARTESIAN_POINT('',(-0.9,0.,1.505));
#17694=CARTESIAN_POINT('',(-4.17,0.,1.505));
#17695=CARTESIAN_POINT('',(-0.9,0.1,1.605));
#17696=CARTESIAN_POINT('Origin',(-0.9,0.1,1.505));
#17697=CARTESIAN_POINT('',(4.17,0.1,1.605));
#17698=CARTESIAN_POINT('Origin',(3.22,0.1,1.505));
#17699=CARTESIAN_POINT('',(-0.6,0.,1.505));
#17700=CARTESIAN_POINT('',(-0.6,0.1,1.605));
#17701=CARTESIAN_POINT('Origin',(-0.6,0.1,1.505));
#17702=CARTESIAN_POINT('',(-0.4,0.,1.505));
#17703=CARTESIAN_POINT('',(-4.17,0.,1.505));
#17704=CARTESIAN_POINT('',(-0.4,0.1,1.605));
#17705=CARTESIAN_POINT('Origin',(-0.4,0.1,1.505));
#17706=CARTESIAN_POINT('',(4.17,0.1,1.605));
#17707=CARTESIAN_POINT('Origin',(3.22,0.1,1.505));
#17708=CARTESIAN_POINT('',(0.1,0.1,1.605));
#17709=CARTESIAN_POINT('',(0.1,0.,1.505));
#17710=CARTESIAN_POINT('Origin',(0.1,0.1,1.505));
#17711=CARTESIAN_POINT('',(-0.1,0.1,1.605));
#17712=CARTESIAN_POINT('',(4.17,0.1,1.605));
#17713=CARTESIAN_POINT('',(-0.1,0.,1.505));
#17714=CARTESIAN_POINT('Origin',(-0.1,0.1,1.505));
#17715=CARTESIAN_POINT('',(-4.17,0.,1.505));
#17716=CARTESIAN_POINT('Origin',(-3.22,2.,0.355));
#17717=CARTESIAN_POINT('',(-3.22,1.9,1.305));
#17718=CARTESIAN_POINT('',(-3.22,1.45,1.305));
#17719=CARTESIAN_POINT('',(-3.22,2.,1.305));
#17720=CARTESIAN_POINT('',(-4.17,1.9,0.355));
#17721=CARTESIAN_POINT('Origin',(-3.22,1.9,0.355));
#17722=CARTESIAN_POINT('',(-4.17,1.45,0.355));
#17723=CARTESIAN_POINT('',(-4.17,2.,0.355));
#17724=CARTESIAN_POINT('Origin',(-3.22,1.45,0.355));
#17725=CARTESIAN_POINT('Origin',(-3.22,2.,1.305));
#17726=CARTESIAN_POINT('',(3.22,1.9,1.305));
#17727=CARTESIAN_POINT('',(3.22,1.45,1.305));
#17728=CARTESIAN_POINT('',(3.22,2.,1.305));
#17729=CARTESIAN_POINT('',(-3.22,1.9,1.305));
#17730=CARTESIAN_POINT('',(-2.07,1.45,1.305));
#17731=CARTESIAN_POINT('',(-3.22,1.45,1.305));
#17732=CARTESIAN_POINT('',(-1.87,1.25,1.305));
#17733=CARTESIAN_POINT('Origin',(-2.07,1.25,1.305));
#17734=CARTESIAN_POINT('',(-1.87,0.85,1.305));
#17735=CARTESIAN_POINT('',(-1.87,2.,1.305));
#17736=CARTESIAN_POINT('',(1.87,0.85,1.305));
#17737=CARTESIAN_POINT('',(1.97,0.85,1.305));
#17738=CARTESIAN_POINT('',(1.87,1.25,1.305));
#17739=CARTESIAN_POINT('',(1.87,2.,1.305));
#17740=CARTESIAN_POINT('',(2.07,1.45,1.305));
#17741=CARTESIAN_POINT('Origin',(2.07,1.25,1.305));
#17742=CARTESIAN_POINT('',(-3.22,1.45,1.305));
#17743=CARTESIAN_POINT('Origin',(3.22,2.,0.355));
#17744=CARTESIAN_POINT('',(4.17,1.9,0.355));
#17745=CARTESIAN_POINT('',(4.17,1.45,0.355));
#17746=CARTESIAN_POINT('',(4.17,2.,0.355));
#17747=CARTESIAN_POINT('Origin',(3.22,1.9,0.355));
#17748=CARTESIAN_POINT('Origin',(3.22,1.45,0.355));
#17749=CARTESIAN_POINT('Origin',(3.22,2.,-0.355));
#17750=CARTESIAN_POINT('',(3.22,1.9,-1.305));
#17751=CARTESIAN_POINT('',(3.22,0.1,-1.305));
#17752=CARTESIAN_POINT('',(3.22,2.,-1.305));
#17753=CARTESIAN_POINT('',(4.17,1.9,-0.355));
#17754=CARTESIAN_POINT('Origin',(3.22,1.9,-0.355));
#17755=CARTESIAN_POINT('',(4.17,0.1,-0.355));
#17756=CARTESIAN_POINT('',(4.17,2.,-0.355));
#17757=CARTESIAN_POINT('Origin',(3.22,0.1,-0.355));
#17758=CARTESIAN_POINT('Origin',(3.22,2.,-1.305));
#17759=CARTESIAN_POINT('',(-3.22,1.9,-1.305));
#17760=CARTESIAN_POINT('',(-3.22,0.1,-1.305));
#17761=CARTESIAN_POINT('',(-3.22,2.,-1.305));
#17762=CARTESIAN_POINT('',(3.22,1.9,-1.305));
#17763=CARTESIAN_POINT('',(3.22,0.1,-1.305));
#17764=CARTESIAN_POINT('Origin',(-3.22,2.,-0.355));
#17765=CARTESIAN_POINT('',(-4.17,1.9,-0.355));
#17766=CARTESIAN_POINT('',(-4.17,0.1,-0.355));
#17767=CARTESIAN_POINT('',(-4.17,2.,-0.355));
#17768=CARTESIAN_POINT('Origin',(-3.22,1.9,-0.355));
#17769=CARTESIAN_POINT('Origin',(-3.22,0.1,-0.355));
#17770=CARTESIAN_POINT('Origin',(-4.17,2.,-0.355));
#17771=CARTESIAN_POINT('',(-4.17,1.9,-0.355));
#17772=CARTESIAN_POINT('',(-4.17,0.1,1.505));
#17773=CARTESIAN_POINT('',(-4.17,0.1,-0.355));
#17774=CARTESIAN_POINT('',(-4.17,1.25,1.505));
#17775=CARTESIAN_POINT('',(-4.17,1.35,1.505));
#17776=CARTESIAN_POINT('',(-4.17,1.25,0.971441400297));
#17777=CARTESIAN_POINT('',(-4.17,1.25,0.355));
#17778=CARTESIAN_POINT('Ctrl Pts',(-4.17,1.25,0.971441400297));
#17779=CARTESIAN_POINT('Ctrl Pts',(-4.17,1.2500000841748,0.935556871016338));
#17780=CARTESIAN_POINT('Ctrl Pts',(-4.17,1.25309282559553,0.900137766609254));
#17781=CARTESIAN_POINT('Ctrl Pts',(-4.17,1.25854977824152,0.865150169823899));
#17782=CARTESIAN_POINT('Ctrl Pts',(-4.17,1.26468545554843,0.825810886977685));
#17783=CARTESIAN_POINT('Ctrl Pts',(-4.17,1.27381112469143,0.787016905059922));
#17784=CARTESIAN_POINT('Ctrl Pts',(-4.17,1.28496020279529,0.748726621861169));
#17785=CARTESIAN_POINT('Ctrl Pts',(-4.17,1.29431850282815,0.716586569098154));
#17786=CARTESIAN_POINT('Ctrl Pts',(-4.17,1.30510451809595,0.68480148348804));
#17787=CARTESIAN_POINT('Ctrl Pts',(-4.16999999999999,1.31676549578502,0.653351472976662));
#17788=CARTESIAN_POINT('Ctrl Pts',(-4.16999999999999,1.31676706955754,0.653347228464436));
#17789=CARTESIAN_POINT('Ctrl Pts',(-4.16999999999999,1.31676864334737,0.653342983958541));
#17790=CARTESIAN_POINT('Ctrl Pts',(-4.16999999999999,1.3167702171545,0.653338739458977));
#17791=CARTESIAN_POINT('Ctrl Pts',(-4.16999999999999,1.33394725152841,0.607012913809536));
#17792=CARTESIAN_POINT('Ctrl Pts',(-4.17,1.35319097513166,0.561441755197995));
#17793=CARTESIAN_POINT('Ctrl Pts',(-4.17,1.37351027588675,0.516382638906757));
#17794=CARTESIAN_POINT('Ctrl Pts',(-4.17,1.39803766230731,0.461991871706408));
#17795=CARTESIAN_POINT('Ctrl Pts',(-4.17,1.42412495792656,0.408344099244184));
#17796=CARTESIAN_POINT('Ctrl Pts',(-4.17,1.45,0.355));
#17797=CARTESIAN_POINT('Origin',(4.17,2.,0.355));
#17798=CARTESIAN_POINT('',(4.17,1.9,0.355));
#17799=CARTESIAN_POINT('',(4.17,1.25,0.971441400297));
#17800=CARTESIAN_POINT('Ctrl Pts',(4.17,1.45,0.355));
#17801=CARTESIAN_POINT('Ctrl Pts',(4.17,1.40729200286061,0.443046992597977));
#17802=CARTESIAN_POINT('Ctrl Pts',(4.17,1.36436800451408,0.531202232077307));
#17803=CARTESIAN_POINT('Ctrl Pts',(4.17,1.32859717756174,0.622358091470911));
#17804=CARTESIAN_POINT('Ctrl Pts',(4.17,1.32455863456341,0.632649630388954));
#17805=CARTESIAN_POINT('Ctrl Pts',(4.17,1.32061122035941,0.642979395453281));
#17806=CARTESIAN_POINT('Ctrl Pts',(4.17,1.31676546531012,0.653351517104578));
#17807=CARTESIAN_POINT('Ctrl Pts',(4.17,1.30050137504681,0.697216276927689));
#17808=CARTESIAN_POINT('Ctrl Pts',(4.17,1.2859376042171,0.741732147565138));
#17809=CARTESIAN_POINT('Ctrl Pts',(4.17,1.27457998930134,0.786955552541245));
#17810=CARTESIAN_POINT('Ctrl Pts',(4.17,1.26584364919774,0.82174164534723));
#17811=CARTESIAN_POINT('Ctrl Pts',(4.17,1.25900346406173,0.856946793624163));
#17812=CARTESIAN_POINT('Ctrl Pts',(4.17,1.25477733713015,0.892602948699536));
#17813=CARTESIAN_POINT('Ctrl Pts',(4.17,1.25169163637164,0.918637241219054));
#17814=CARTESIAN_POINT('Ctrl Pts',(4.17,1.25000006223015,0.944912088125335));
#17815=CARTESIAN_POINT('Ctrl Pts',(4.17,1.25,0.971441400297));
#17816=CARTESIAN_POINT('',(4.17,1.25,1.505));
#17817=CARTESIAN_POINT('',(4.17,1.25,1.605));
#17818=CARTESIAN_POINT('',(4.17,0.1,1.505));
#17819=CARTESIAN_POINT('',(4.17,0.,1.505));
#17820=CARTESIAN_POINT('',(4.17,0.1,0.355));
#17821=CARTESIAN_POINT('Origin',(3.22,2.,-0.355));
#17822=CARTESIAN_POINT('',(4.07,2.,-0.355));
#17823=CARTESIAN_POINT('',(3.22,2.,-1.205));
#17824=CARTESIAN_POINT('Origin',(3.22,2.,-0.355));
#17825=CARTESIAN_POINT('',(-3.22,2.,-1.205));
#17826=CARTESIAN_POINT('',(-3.22,2.,-1.205));
#17827=CARTESIAN_POINT('',(-4.07,2.,-0.355));
#17828=CARTESIAN_POINT('Origin',(-3.22,2.,-0.355));
#17829=CARTESIAN_POINT('',(-4.07,2.,0.355));
#17830=CARTESIAN_POINT('',(-4.07,2.,0.355));
#17831=CARTESIAN_POINT('',(-3.22,2.,1.205));
#17832=CARTESIAN_POINT('Origin',(-3.22,2.,0.355));
#17833=CARTESIAN_POINT('',(3.22,2.,1.205));
#17834=CARTESIAN_POINT('',(3.22,2.,1.205));
#17835=CARTESIAN_POINT('',(4.07,2.,0.355));
#17836=CARTESIAN_POINT('Origin',(3.22,2.,0.355));
#17837=CARTESIAN_POINT('',(4.07,2.,-0.355));
#17838=CARTESIAN_POINT('Origin',(3.22,0.,-0.355));
#17839=CARTESIAN_POINT('',(0.4,0.,1.305));
#17840=CARTESIAN_POINT('',(0.4,0.,-0.355));
#17841=CARTESIAN_POINT('',(0.1,0.,1.305));
#17842=CARTESIAN_POINT('',(3.22,0.,1.305));
#17843=CARTESIAN_POINT('',(0.1,0.,-0.355));
#17844=CARTESIAN_POINT('',(-0.1,0.,1.305));
#17845=CARTESIAN_POINT('',(-0.1,0.,-0.355));
#17846=CARTESIAN_POINT('',(-0.4,0.,1.305));
#17847=CARTESIAN_POINT('',(3.22,0.,1.305));
#17848=CARTESIAN_POINT('',(-0.4,0.,-0.355));
#17849=CARTESIAN_POINT('',(-0.6,0.,1.305));
#17850=CARTESIAN_POINT('',(-0.6,0.,-0.355));
#17851=CARTESIAN_POINT('',(-0.9,0.,1.305));
#17852=CARTESIAN_POINT('',(3.22,0.,1.305));
#17853=CARTESIAN_POINT('',(-0.9,0.,-0.355));
#17854=CARTESIAN_POINT('',(-1.1,0.,1.305));
#17855=CARTESIAN_POINT('',(-1.1,0.,-0.355));
#17856=CARTESIAN_POINT('',(-1.4,0.,1.305));
#17857=CARTESIAN_POINT('',(3.22,0.,1.305));
#17858=CARTESIAN_POINT('',(-1.4,0.,-0.355));
#17859=CARTESIAN_POINT('',(-1.6,0.,1.305));
#17860=CARTESIAN_POINT('',(-1.6,0.,-0.355));
#17861=CARTESIAN_POINT('',(-1.9,0.,1.305));
#17862=CARTESIAN_POINT('',(3.22,0.,1.305));
#17863=CARTESIAN_POINT('',(-1.9,0.,-0.355));
#17864=CARTESIAN_POINT('',(-2.15,0.,1.305));
#17865=CARTESIAN_POINT('',(-2.15,0.,-0.355));
#17866=CARTESIAN_POINT('',(-2.75,0.,1.305));
#17867=CARTESIAN_POINT('',(3.22,0.,1.305));
#17868=CARTESIAN_POINT('',(-2.75,0.,-0.355));
#17869=CARTESIAN_POINT('',(-2.95,0.,1.305));
#17870=CARTESIAN_POINT('',(-2.95,0.,-0.355));
#17871=CARTESIAN_POINT('',(-3.55,0.,1.305));
#17872=CARTESIAN_POINT('',(3.22,0.,1.305));
#17873=CARTESIAN_POINT('',(-3.55,0.,1.505));
#17874=CARTESIAN_POINT('',(-3.55,0.,-0.355));
#17875=CARTESIAN_POINT('',(-4.07,0.,1.505));
#17876=CARTESIAN_POINT('',(-4.17,0.,1.505));
#17877=CARTESIAN_POINT('',(-4.07,0.,-0.355));
#17878=CARTESIAN_POINT('',(-4.07,0.,-0.355));
#17879=CARTESIAN_POINT('',(-3.22,0.,-1.205));
#17880=CARTESIAN_POINT('Origin',(-3.22,0.,-0.355));
#17881=CARTESIAN_POINT('',(3.22,0.,-1.205));
#17882=CARTESIAN_POINT('',(3.22,0.,-1.205));
#17883=CARTESIAN_POINT('',(4.07,0.,-0.355));
#17884=CARTESIAN_POINT('Origin',(3.22,0.,-0.355));
#17885=CARTESIAN_POINT('',(4.07,0.,-0.355));
#17886=CARTESIAN_POINT('',(3.55,0.,1.305));
#17887=CARTESIAN_POINT('',(3.55,0.,-0.355));
#17888=CARTESIAN_POINT('',(2.95,0.,1.305));
#17889=CARTESIAN_POINT('',(3.22,0.,1.305));
#17890=CARTESIAN_POINT('',(2.95,0.,-0.355));
#17891=CARTESIAN_POINT('',(2.75,0.,1.305));
#17892=CARTESIAN_POINT('',(2.75,0.,-0.355));
#17893=CARTESIAN_POINT('',(2.15,0.,1.305));
#17894=CARTESIAN_POINT('',(3.22,0.,1.305));
#17895=CARTESIAN_POINT('',(2.15,0.,-0.355));
#17896=CARTESIAN_POINT('',(1.9,0.,1.305));
#17897=CARTESIAN_POINT('',(1.9,0.,-0.355));
#17898=CARTESIAN_POINT('',(1.6,0.,1.305));
#17899=CARTESIAN_POINT('',(3.22,0.,1.305));
#17900=CARTESIAN_POINT('',(1.6,0.,-0.355));
#17901=CARTESIAN_POINT('',(1.4,0.,1.305));
#17902=CARTESIAN_POINT('',(1.4,0.,-0.355));
#17903=CARTESIAN_POINT('',(1.1,0.,1.305));
#17904=CARTESIAN_POINT('',(3.22,0.,1.305));
#17905=CARTESIAN_POINT('',(1.1,0.,-0.355));
#17906=CARTESIAN_POINT('',(0.9,0.,1.305));
#17907=CARTESIAN_POINT('',(0.9,0.,-0.355));
#17908=CARTESIAN_POINT('',(0.6,0.,1.305));
#17909=CARTESIAN_POINT('',(3.22,0.,1.305));
#17910=CARTESIAN_POINT('',(0.6,0.,-0.355));
#17911=CARTESIAN_POINT('Origin',(-4.17,1.35,10.053556089652));
#17912=CARTESIAN_POINT('',(-2.07,1.35,1.405));
#17913=CARTESIAN_POINT('',(-3.22,1.35,1.405));
#17914=CARTESIAN_POINT('',(-4.17,1.35,1.405));
#17915=CARTESIAN_POINT('',(-4.07,1.35,0.971441400297));
#17916=CARTESIAN_POINT('Origin',(-3.22,1.35,0.355));
#17917=CARTESIAN_POINT('',(-4.07,1.35,1.505));
#17918=CARTESIAN_POINT('',(-4.07,1.35,1.605));
#17919=CARTESIAN_POINT('',(-2.07,1.35,1.505));
#17920=CARTESIAN_POINT('',(-4.17,1.35,1.505));
#17921=CARTESIAN_POINT('',(-2.07,1.35,10.053556089652));
#17922=CARTESIAN_POINT('Origin',(-1.97,0.85,10.053556089652));
#17923=CARTESIAN_POINT('',(-1.97,0.95,1.505));
#17924=CARTESIAN_POINT('',(-1.97,0.95,1.405));
#17925=CARTESIAN_POINT('',(-1.97,0.95,1.305));
#17926=CARTESIAN_POINT('',(-1.97,1.25,1.405));
#17927=CARTESIAN_POINT('',(-1.97,0.85,1.405));
#17928=CARTESIAN_POINT('',(-1.97,1.25,1.505));
#17929=CARTESIAN_POINT('',(-1.97,1.25,10.053556089652));
#17930=CARTESIAN_POINT('',(-1.97,0.85,1.505));
#17931=CARTESIAN_POINT('Origin',(1.97,0.85,10.053556089652));
#17932=CARTESIAN_POINT('',(-1.87,0.85,1.505));
#17933=CARTESIAN_POINT('',(1.87,0.85,1.505));
#17934=CARTESIAN_POINT('',(1.97,0.85,1.505));
#17935=CARTESIAN_POINT('',(1.87,0.85,1.305));
#17936=CARTESIAN_POINT('',(-1.87,0.85,1.605));
#17937=CARTESIAN_POINT('Origin',(1.97,1.35,10.053556089652));
#17938=CARTESIAN_POINT('',(1.97,1.25,1.505));
#17939=CARTESIAN_POINT('',(1.97,1.25,1.405));
#17940=CARTESIAN_POINT('',(1.97,1.25,10.053556089652));
#17941=CARTESIAN_POINT('',(1.97,0.95,1.405));
#17942=CARTESIAN_POINT('',(1.97,1.35,1.405));
#17943=CARTESIAN_POINT('',(1.97,0.95,1.505));
#17944=CARTESIAN_POINT('',(1.97,0.95,1.605));
#17945=CARTESIAN_POINT('',(1.97,1.35,1.505));
#17946=CARTESIAN_POINT('Origin',(1.97,1.35,10.053556089652));
#17947=CARTESIAN_POINT('',(4.07,1.35,0.971441400297));
#17948=CARTESIAN_POINT('',(3.22,1.35,1.405));
#17949=CARTESIAN_POINT('Origin',(3.22,1.35,0.355));
#17950=CARTESIAN_POINT('',(2.07,1.35,1.405));
#17951=CARTESIAN_POINT('',(1.97,1.35,1.405));
#17952=CARTESIAN_POINT('',(2.07,1.35,1.505));
#17953=CARTESIAN_POINT('',(2.07,1.35,10.053556089652));
#17954=CARTESIAN_POINT('',(4.07,1.35,1.505));
#17955=CARTESIAN_POINT('',(1.97,1.35,1.505));
#17956=CARTESIAN_POINT('',(4.07,1.35,0.355));
#17957=CARTESIAN_POINT('Origin',(-4.47,7.3,1.605));
#17958=CARTESIAN_POINT('',(0.4,0.4,1.605));
#17959=CARTESIAN_POINT('',(0.1,0.4,1.605));
#17960=CARTESIAN_POINT('',(0.1,0.4,1.605));
#17961=CARTESIAN_POINT('',(0.4,-0.6,1.605));
#17962=CARTESIAN_POINT('',(0.6,0.4,1.605));
#17963=CARTESIAN_POINT('',(0.6,-0.6,1.605));
#17964=CARTESIAN_POINT('',(0.9,0.4,1.605));
#17965=CARTESIAN_POINT('',(0.6,0.4,1.605));
#17966=CARTESIAN_POINT('',(0.9,-0.6,1.605));
#17967=CARTESIAN_POINT('',(1.1,0.4,1.605));
#17968=CARTESIAN_POINT('',(1.1,-0.6,1.605));
#17969=CARTESIAN_POINT('',(1.4,0.4,1.605));
#17970=CARTESIAN_POINT('',(1.1,0.4,1.605));
#17971=CARTESIAN_POINT('',(1.4,-0.6,1.605));
#17972=CARTESIAN_POINT('',(1.6,0.4,1.605));
#17973=CARTESIAN_POINT('',(1.6,-0.6,1.605));
#17974=CARTESIAN_POINT('',(1.9,0.4,1.605));
#17975=CARTESIAN_POINT('',(1.6,0.4,1.605));
#17976=CARTESIAN_POINT('',(1.9,-0.6,1.605));
#17977=CARTESIAN_POINT('',(2.15,0.4,1.605));
#17978=CARTESIAN_POINT('',(2.15,-0.6,1.605));
#17979=CARTESIAN_POINT('',(2.75,0.4,1.605));
#17980=CARTESIAN_POINT('',(2.15,0.4,1.605));
#17981=CARTESIAN_POINT('',(2.75,-0.6,1.605));
#17982=CARTESIAN_POINT('',(2.95,0.4,1.605));
#17983=CARTESIAN_POINT('',(2.95,-0.6,1.605));
#17984=CARTESIAN_POINT('',(3.55,0.4,1.605));
#17985=CARTESIAN_POINT('',(2.95,0.4,1.605));
#17986=CARTESIAN_POINT('',(3.55,-0.6,1.605));
#17987=CARTESIAN_POINT('',(4.07,1.25,1.605));
#17988=CARTESIAN_POINT('',(4.07,1.35,1.605));
#17989=CARTESIAN_POINT('',(-4.47,1.25,1.605));
#17990=CARTESIAN_POINT('',(2.07,1.25,1.605));
#17991=CARTESIAN_POINT('',(-4.47,1.25,1.605));
#17992=CARTESIAN_POINT('',(2.07,0.95,1.605));
#17993=CARTESIAN_POINT('',(2.07,7.3,1.605));
#17994=CARTESIAN_POINT('',(1.87,0.75,1.605));
#17995=CARTESIAN_POINT('Origin',(1.87,0.95,1.605));
#17996=CARTESIAN_POINT('',(-1.87,0.75,1.605));
#17997=CARTESIAN_POINT('',(-4.47,0.75,1.605));
#17998=CARTESIAN_POINT('',(-2.07,0.95,1.605));
#17999=CARTESIAN_POINT('Origin',(-1.87,0.95,1.605));
#18000=CARTESIAN_POINT('',(-2.07,1.25,1.605));
#18001=CARTESIAN_POINT('',(-2.07,7.3,1.605));
#18002=CARTESIAN_POINT('',(-4.47,1.25,1.605));
#18003=CARTESIAN_POINT('',(-4.07,1.25,1.605));
#18004=CARTESIAN_POINT('',(-4.47,1.25,1.605));
#18005=CARTESIAN_POINT('',(-4.07,0.1,1.605));
#18006=CARTESIAN_POINT('',(-4.07,0.,1.605));
#18007=CARTESIAN_POINT('',(-3.55,0.1,1.605));
#18008=CARTESIAN_POINT('',(4.17,0.1,1.605));
#18009=CARTESIAN_POINT('',(-3.55,0.4,1.605));
#18010=CARTESIAN_POINT('',(-3.55,-0.6,1.605));
#18011=CARTESIAN_POINT('',(-2.95,0.4,1.605));
#18012=CARTESIAN_POINT('',(-2.95,0.4,1.605));
#18013=CARTESIAN_POINT('',(-2.95,-0.6,1.605));
#18014=CARTESIAN_POINT('',(-2.75,0.4,1.605));
#18015=CARTESIAN_POINT('',(-2.75,-0.6,1.605));
#18016=CARTESIAN_POINT('',(-2.15,0.4,1.605));
#18017=CARTESIAN_POINT('',(-2.15,0.4,1.605));
#18018=CARTESIAN_POINT('',(-2.15,-0.6,1.605));
#18019=CARTESIAN_POINT('',(-1.9,0.4,1.605));
#18020=CARTESIAN_POINT('',(-1.9,-0.6,1.605));
#18021=CARTESIAN_POINT('',(-1.6,0.4,1.605));
#18022=CARTESIAN_POINT('',(-1.6,0.4,1.605));
#18023=CARTESIAN_POINT('',(-1.6,-0.6,1.605));
#18024=CARTESIAN_POINT('',(-1.4,0.4,1.605));
#18025=CARTESIAN_POINT('',(-1.4,-0.6,1.605));
#18026=CARTESIAN_POINT('',(-1.1,0.4,1.605));
#18027=CARTESIAN_POINT('',(-1.1,0.4,1.605));
#18028=CARTESIAN_POINT('',(-1.1,-0.6,1.605));
#18029=CARTESIAN_POINT('',(-0.9,0.4,1.605));
#18030=CARTESIAN_POINT('',(-0.9,-0.6,1.605));
#18031=CARTESIAN_POINT('',(-0.6,0.4,1.605));
#18032=CARTESIAN_POINT('',(-0.6,0.4,1.605));
#18033=CARTESIAN_POINT('',(-0.6,-0.6,1.605));
#18034=CARTESIAN_POINT('',(-0.4,0.4,1.605));
#18035=CARTESIAN_POINT('',(-0.4,-0.6,1.605));
#18036=CARTESIAN_POINT('',(-0.1,0.4,1.605));
#18037=CARTESIAN_POINT('',(-0.1,0.4,1.605));
#18038=CARTESIAN_POINT('',(-0.1,-0.6,1.605));
#18039=CARTESIAN_POINT('',(0.1,-0.6,1.605));
#18040=CARTESIAN_POINT('Origin',(3.22,0.1,-0.355));
#18041=CARTESIAN_POINT('Origin',(3.22,0.1,-1.205));
#18042=CARTESIAN_POINT('Origin',(4.07,0.1,-0.355));
#18043=CARTESIAN_POINT('Ctrl Pts',(4.17,1.25,0.971441400297));
#18044=CARTESIAN_POINT('Ctrl Pts',(4.17,1.35,0.971441400297));
#18045=CARTESIAN_POINT('Ctrl Pts',(4.07,1.35,0.971441400297));
#18046=CARTESIAN_POINT('Ctrl Pts',(4.17,1.250000256909,0.861918619046));
#18047=CARTESIAN_POINT('Ctrl Pts',(4.17,1.326674998536,0.890199713127));
#18048=CARTESIAN_POINT('Ctrl Pts',(4.095945632836,1.35,0.881073149246));
#18049=CARTESIAN_POINT('Ctrl Pts',(4.17,1.278856477087,0.755593215602));
#18050=CARTESIAN_POINT('Ctrl Pts',(4.17,1.332055636573,0.778874923401));
#18051=CARTESIAN_POINT('Ctrl Pts',(4.12175023365,1.364428222799,0.782222110104));
#18052=CARTESIAN_POINT('Ctrl Pts',(4.17,1.354674450986,0.551109706808));
#18053=CARTESIAN_POINT('Ctrl Pts',(4.17,1.377210440567,0.568329539161));
#18054=CARTESIAN_POINT('Ctrl Pts',(4.158991197945,1.402337241227,0.573881296739));
#18055=CARTESIAN_POINT('Ctrl Pts',(4.17,1.402425641453,0.453079504434));
#18056=CARTESIAN_POINT('Ctrl Pts',(4.17,1.414359862061,0.458730427202));
#18057=CARTESIAN_POINT('Ctrl Pts',(4.17,1.426178466856,0.464776650282));
#18058=CARTESIAN_POINT('Ctrl Pts',(4.17,1.45,0.355));
#18059=CARTESIAN_POINT('Ctrl Pts',(4.17,1.45,0.355));
#18060=CARTESIAN_POINT('Ctrl Pts',(4.17,1.45,0.355));
#18061=CARTESIAN_POINT('Origin',(4.07,1.25,0.971441400297));
#18062=CARTESIAN_POINT('Ctrl Pts',(4.07,1.35,0.971441400297));
#18063=CARTESIAN_POINT('Ctrl Pts',(4.07183626896568,1.35,0.965045702958));
#18064=CARTESIAN_POINT('Ctrl Pts',(4.07365931675779,1.35007222553592,0.958651069184571));
#18065=CARTESIAN_POINT('Ctrl Pts',(4.07546747666848,1.35021048267472,0.952257781930552));
#18066=CARTESIAN_POINT('Ctrl Pts',(4.08148320682445,1.35067046280935,0.93098737841013));
#18067=CARTESIAN_POINT('Ctrl Pts',(4.08734176159934,1.35185861684761,0.909701888756943));
#18068=CARTESIAN_POINT('Ctrl Pts',(4.09298603009245,1.35358624141712,0.888421208446327));
#18069=CARTESIAN_POINT('Ctrl Pts',(4.09913408502109,1.35546806733705,0.865241093675372));
#18070=CARTESIAN_POINT('Ctrl Pts',(4.10502819507282,1.35799014356005,0.842066690221287));
#18071=CARTESIAN_POINT('Ctrl Pts',(4.1106128700864,1.36096256246198,0.81889899254567));
#18072=CARTESIAN_POINT('Ctrl Pts',(4.11680338219216,1.36425743551208,0.793218015125342));
#18073=CARTESIAN_POINT('Ctrl Pts',(4.1226141883662,1.36810592364167,0.767545306583583));
#18074=CARTESIAN_POINT('Ctrl Pts',(4.12798474486532,1.37230958750087,0.741852684084168));
#18075=CARTESIAN_POINT('Ctrl Pts',(4.13242528964378,1.3757853087978,0.720609216912121));
#18076=CARTESIAN_POINT('Ctrl Pts',(4.13656533344823,1.37950529534926,0.699351465356863));
#18077=CARTESIAN_POINT('Ctrl Pts',(4.14037304460331,1.38338056924373,0.678050901513428));
#18078=CARTESIAN_POINT('Ctrl Pts',(4.14118760976929,1.38420958777861,0.673494175276645));
#18079=CARTESIAN_POINT('Ctrl Pts',(4.14198614660855,1.38504646324085,0.668936191105792));
#18080=CARTESIAN_POINT('Ctrl Pts',(4.1427686460225,1.38589082241144,0.664376697447911));
#18081=CARTESIAN_POINT('Ctrl Pts',(4.14900714857148,1.39262250392341,0.628025982930087));
#18082=CARTESIAN_POINT('Ctrl Pts',(4.15423355758385,1.39980688241203,0.591605370289227));
#18083=CARTESIAN_POINT('Ctrl Pts',(4.15838528694593,1.40727578618738,0.555134614219147));
#18084=CARTESIAN_POINT('Ctrl Pts',(4.16009674299038,1.41035467197135,0.540100374152343));
#18085=CARTESIAN_POINT('Ctrl Pts',(4.16162589034695,1.41348230025703,0.525057094362392));
#18086=CARTESIAN_POINT('Ctrl Pts',(4.16296879655428,1.41664760551283,0.510003897609558));
#18087=CARTESIAN_POINT('Ctrl Pts',(4.1641189441293,1.41935856786023,0.497111412902028));
#18088=CARTESIAN_POINT('Ctrl Pts',(4.1651324943313,1.42209678345937,0.484212471290426));
#18089=CARTESIAN_POINT('Ctrl Pts',(4.1660065187831,1.42485462766354,0.471307323242992));
#18090=CARTESIAN_POINT('Ctrl Pts',(4.16835269055138,1.43225759699677,0.43666562191276));
#18091=CARTESIAN_POINT('Ctrl Pts',(4.16969669772614,1.43980080837139,0.401978387415587));
#18092=CARTESIAN_POINT('Ctrl Pts',(4.16995444828333,1.4473403756527,0.367252507639855));
#18093=CARTESIAN_POINT('Ctrl Pts',(4.16998475884659,1.44822700237249,0.363168865737264));
#18094=CARTESIAN_POINT('Ctrl Pts',(4.17,1.4491136129184,0.35908469148867));
#18095=CARTESIAN_POINT('Ctrl Pts',(4.17,1.45,0.355));
#18096=CARTESIAN_POINT('Origin',(4.07,0.1,-0.355));
#18097=CARTESIAN_POINT('Origin',(4.07,0.1,1.505));
#18098=CARTESIAN_POINT('Origin',(3.22,0.1,-1.205));
#18099=CARTESIAN_POINT('Origin',(-3.22,0.1,-1.205));
#18100=CARTESIAN_POINT('Origin',(3.22,1.45,0.355));
#18101=CARTESIAN_POINT('Origin',(3.22,1.45,1.405));
#18102=CARTESIAN_POINT('Origin',(4.07,1.25,10.053556089652));
#18103=CARTESIAN_POINT('Origin',(4.07,1.25,1.505));
#18104=CARTESIAN_POINT('Origin',(4.07,2.,1.505));
#18105=CARTESIAN_POINT('Origin',(4.07,0.1,1.505));
#18106=CARTESIAN_POINT('Origin',(4.07,1.25,1.505));
#18107=CARTESIAN_POINT('Origin',(4.07,0.1,1.505));
#18108=CARTESIAN_POINT('Origin',(-3.22,0.1,-0.355));
#18109=CARTESIAN_POINT('Origin',(-4.07,0.1,-0.355));
#18110=CARTESIAN_POINT('Origin',(1.97,1.45,1.405));
#18111=CARTESIAN_POINT('Origin',(2.07,1.45,1.405));
#18112=CARTESIAN_POINT('Origin',(4.07,1.25,1.505));
#18113=CARTESIAN_POINT('Origin',(4.07,1.25,1.505));
#18114=CARTESIAN_POINT('Origin',(3.22,0.1,1.505));
#18115=CARTESIAN_POINT('Origin',(-3.55,0.1,1.505));
#18116=CARTESIAN_POINT('Origin',(-4.07,0.1,1.505));
#18117=CARTESIAN_POINT('Origin',(-4.07,0.1,-0.355));
#18118=CARTESIAN_POINT('Origin',(-4.07,0.1,1.505));
#18119=CARTESIAN_POINT('Origin',(2.07,1.25,1.405));
#18120=CARTESIAN_POINT('Origin',(1.87,1.25,1.405));
#18121=CARTESIAN_POINT('Origin',(2.07,1.25,1.405));
#18122=CARTESIAN_POINT('Origin',(2.07,1.25,10.053556089652));
#18123=CARTESIAN_POINT('Origin',(2.07,1.25,1.505));
#18124=CARTESIAN_POINT('Origin',(1.97,1.25,1.505));
#18125=CARTESIAN_POINT('Origin',(2.07,1.25,1.505));
#18126=CARTESIAN_POINT('',(-4.47,1.25,1.605));
#18127=CARTESIAN_POINT('Origin',(-4.07,0.1,1.505));
#18128=CARTESIAN_POINT('Origin',(-4.07,0.1,1.505));
#18129=CARTESIAN_POINT('Origin',(1.87,1.35,1.405));
#18130=CARTESIAN_POINT('Origin',(1.86999999999822,0.950000000001783,1.40500000000178));
#18131=CARTESIAN_POINT('Origin',(2.07,1.25,1.505));
#18132=CARTESIAN_POINT('Origin',(2.07,1.25,1.505));
#18133=CARTESIAN_POINT('Origin',(-4.07,2.,1.505));
#18134=CARTESIAN_POINT('Origin',(-4.07,1.25,1.505));
#18135=CARTESIAN_POINT('Origin',(1.87,0.95,10.053556089652));
#18136=CARTESIAN_POINT('Origin',(1.87,0.95,1.505));
#18137=CARTESIAN_POINT('Origin',(2.07,1.35,1.505));
#18138=CARTESIAN_POINT('Origin',(2.07,0.95,1.505));
#18139=CARTESIAN_POINT('Origin',(-4.07,1.25,1.505));
#18140=CARTESIAN_POINT('Origin',(-4.07,1.25,1.505));
#18141=CARTESIAN_POINT('Origin',(-4.07,1.25,1.505));
#18142=CARTESIAN_POINT('Origin',(-4.07,1.25,-0.355));
#18143=CARTESIAN_POINT('Origin',(-4.07,1.25,0.971441400297));
#18144=CARTESIAN_POINT('Origin',(1.87,0.95,1.505));
#18145=CARTESIAN_POINT('Origin',(1.87,0.75,1.505));
#18146=CARTESIAN_POINT('Origin',(-4.17,1.25,1.505));
#18147=CARTESIAN_POINT('',(-4.47,1.25,1.605));
#18148=CARTESIAN_POINT('Origin',(-2.07,1.25,1.505));
#18149=CARTESIAN_POINT('Ctrl Pts',(-4.07,1.35,0.971441400297));
#18150=CARTESIAN_POINT('Ctrl Pts',(-4.17,1.35,0.971441400297));
#18151=CARTESIAN_POINT('Ctrl Pts',(-4.17,1.25,0.971441400297));
#18152=CARTESIAN_POINT('Ctrl Pts',(-4.095945632836,1.35,0.881073149246));
#18153=CARTESIAN_POINT('Ctrl Pts',(-4.17,1.326674998536,0.890199713127));
#18154=CARTESIAN_POINT('Ctrl Pts',(-4.17,1.250000256909,0.861918619046));
#18155=CARTESIAN_POINT('Ctrl Pts',(-4.12175023365,1.364428222799,0.782222110104));
#18156=CARTESIAN_POINT('Ctrl Pts',(-4.17,1.332055636573,0.778874923401));
#18157=CARTESIAN_POINT('Ctrl Pts',(-4.17,1.278856477087,0.755593215602));
#18158=CARTESIAN_POINT('Ctrl Pts',(-4.158991197945,1.402337241227,0.573881296739));
#18159=CARTESIAN_POINT('Ctrl Pts',(-4.17,1.377210440567,0.568329539161));
#18160=CARTESIAN_POINT('Ctrl Pts',(-4.17,1.354674450986,0.551109706808));
#18161=CARTESIAN_POINT('Ctrl Pts',(-4.17,1.42617846686,0.464776650283));
#18162=CARTESIAN_POINT('Ctrl Pts',(-4.17,1.414359862062,0.458730427202));
#18163=CARTESIAN_POINT('Ctrl Pts',(-4.17,1.402425641453,0.453079504434));
#18164=CARTESIAN_POINT('Ctrl Pts',(-4.17,1.45,0.355));
#18165=CARTESIAN_POINT('Ctrl Pts',(-4.17,1.45,0.355));
#18166=CARTESIAN_POINT('Ctrl Pts',(-4.17,1.45,0.355));
#18167=CARTESIAN_POINT('Ctrl Pts',(-4.17,1.45,0.355));
#18168=CARTESIAN_POINT('Ctrl Pts',(-4.17,1.44264553539672,0.388891196735266));
#18169=CARTESIAN_POINT('Ctrl Pts',(-4.1689531393851,1.43526300917022,0.422795578730785));
#18170=CARTESIAN_POINT('Ctrl Pts',(-4.16693656489742,1.42798910931594,0.456682088910708));
#18171=CARTESIAN_POINT('Ctrl Pts',(-4.16626437340152,1.42556447603118,0.467977592304016));
#18172=CARTESIAN_POINT('Ctrl Pts',(-4.16548417686008,1.42315205069202,0.479271177192441));
#18173=CARTESIAN_POINT('Ctrl Pts',(-4.16459809075639,1.42075710400489,0.490561787399554));
#18174=CARTESIAN_POINT('Ctrl Pts',(-4.16409175584,1.41938856304081,0.497013564660761));
#18175=CARTESIAN_POINT('Ctrl Pts',(-4.16355083845468,1.41802572913993,0.503464370333098));
#18176=CARTESIAN_POINT('Ctrl Pts',(-4.16297569240577,1.41666957781044,0.509914002395724));
#18177=CARTESIAN_POINT('Ctrl Pts',(-4.15966300925173,1.40885851891148,0.547062110296669));
#18178=CARTESIAN_POINT('Ctrl Pts',(-4.15521474584144,1.40127115225853,0.584168054194054));
#18179=CARTESIAN_POINT('Ctrl Pts',(-4.1496938865535,1.39408433438194,0.621198984132745));
#18180=CARTESIAN_POINT('Ctrl Pts',(-4.14754651979413,1.39128898441759,0.635602355758656));
#18181=CARTESIAN_POINT('Ctrl Pts',(-4.14523696944946,1.38855435217186,0.649993896756761));
#18182=CARTESIAN_POINT('Ctrl Pts',(-4.14276981179387,1.38589207831516,0.66436991000483));
#18183=CARTESIAN_POINT('Ctrl Pts',(-4.14198694003739,1.38504729281647,0.668931667425235));
#18184=CARTESIAN_POINT('Ctrl Pts',(-4.14118801490959,1.3842099982498,0.673491913847817));
#18185=CARTESIAN_POINT('Ctrl Pts',(-4.14037304552522,1.38338056838752,0.678050901195966));
#18186=CARTESIAN_POINT('Ctrl Pts',(-4.13575656294979,1.37868217286473,0.703875780090814));
#18187=CARTESIAN_POINT('Ctrl Pts',(-4.13065155091543,1.3742109897465,0.729638330013198));
#18188=CARTESIAN_POINT('Ctrl Pts',(-4.12511482056741,1.37012903131032,0.755387423628619));
#18189=CARTESIAN_POINT('Ctrl Pts',(-4.11995228020338,1.3663229447093,0.779396310963027));
#18190=CARTESIAN_POINT('Ctrl Pts',(-4.11441385277719,1.36285470718855,0.80339361703396));
#18191=CARTESIAN_POINT('Ctrl Pts',(-4.10855019473736,1.35989271794109,0.827399108346255));
#18192=CARTESIAN_POINT('Ctrl Pts',(-4.10320852768229,1.35719440909138,0.849267597472418));
#18193=CARTESIAN_POINT('Ctrl Pts',(-4.09759665187831,1.35491605240762,0.871142870204944));
#18194=CARTESIAN_POINT('Ctrl Pts',(-4.09176241075082,1.3532212462616,0.893022246859245));
#18195=CARTESIAN_POINT('Ctrl Pts',(-4.08649671257059,1.35169159785594,0.912769492698984));
#18196=CARTESIAN_POINT('Ctrl Pts',(-4.08104974042103,1.350637327863,0.932520020849101));
#18197=CARTESIAN_POINT('Ctrl Pts',(-4.07546759625701,1.3502104918189,0.952257359089642));
#18198=CARTESIAN_POINT('Ctrl Pts',(-4.0736593971231,1.35007222871738,0.958650787289194));
#18199=CARTESIAN_POINT('Ctrl Pts',(-4.0718363094279,1.35,0.965045562028688));
#18200=CARTESIAN_POINT('Ctrl Pts',(-4.07,1.35,0.971441400297));
#18201=CARTESIAN_POINT('Origin',(1.97,0.75,1.505));
#18202=CARTESIAN_POINT('Origin',(-1.87,0.75,1.505));
#18203=CARTESIAN_POINT('Origin',(-2.07,0.85,1.505));
#18204=CARTESIAN_POINT('Origin',(-2.07,1.25,1.505));
#18205=CARTESIAN_POINT('Origin',(-2.07,0.95,1.505));
#18206=CARTESIAN_POINT('Origin',(-2.07,1.25,1.505));
#18207=CARTESIAN_POINT('Origin',(-2.07,1.25,1.505));
#18208=CARTESIAN_POINT('Origin',(-3.22,1.45,0.355));
#18209=CARTESIAN_POINT('Origin',(-3.22,1.45,1.405));
#18210=CARTESIAN_POINT('Origin',(-1.87,0.95,1.505));
#18211=CARTESIAN_POINT('Origin',(-1.87,0.95,1.505));
#18212=CARTESIAN_POINT('Origin',(-2.07,1.25,10.053556089652));
#18213=CARTESIAN_POINT('Origin',(-2.07,1.25,1.405));
#18214=CARTESIAN_POINT('Origin',(-4.17,1.45,1.405));
#18215=CARTESIAN_POINT('Origin',(-2.07,1.45,1.405));
#18216=CARTESIAN_POINT('Origin',(-1.87,0.95,10.053556089652));
#18217=CARTESIAN_POINT('Origin',(-1.86999999999821,0.950000000001796,1.4050000000018));
#18218=CARTESIAN_POINT('Origin',(-2.07,1.25,1.405));
#18219=CARTESIAN_POINT('Origin',(-1.87,1.25,1.405));
#18220=CARTESIAN_POINT('Origin',(-1.87,0.85,1.405));
#18221=CARTESIAN_POINT('Origin',(-3.22,1.9,0.355));
#18222=CARTESIAN_POINT('Origin',(-3.22,1.9,1.205));
#18223=CARTESIAN_POINT('Origin',(-4.07,1.9,0.355));
#18224=CARTESIAN_POINT('Origin',(-4.07,1.9,-0.355));
#18225=CARTESIAN_POINT('Origin',(-4.07,1.9,-0.355));
#18226=CARTESIAN_POINT('Origin',(-3.22,1.9,1.205));
#18227=CARTESIAN_POINT('Origin',(3.22,1.9,1.205));
#18228=CARTESIAN_POINT('Origin',(-3.22,1.9,-0.355));
#18229=CARTESIAN_POINT('Origin',(-3.22,1.9,-1.205));
#18230=CARTESIAN_POINT('Origin',(3.22,1.9,0.355));
#18231=CARTESIAN_POINT('Origin',(4.07,1.9,0.355));
#18232=CARTESIAN_POINT('Origin',(3.22,1.9,-1.205));
#18233=CARTESIAN_POINT('Origin',(3.22,1.9,-1.205));
#18234=CARTESIAN_POINT('Origin',(4.07,1.9,0.355));
#18235=CARTESIAN_POINT('Origin',(4.07,1.9,-0.355));
#18236=CARTESIAN_POINT('Origin',(3.22,1.9,-0.355));
#18237=CARTESIAN_POINT('Origin',(2.89,1.05,1.605));
#18238=CARTESIAN_POINT('Origin',(2.89,1.05,2.285));
#18239=CARTESIAN_POINT('Origin',(-2.89,1.05,2.285));
#18240=CARTESIAN_POINT('Origin',(-2.89,1.05,1.605));
#18241=CARTESIAN_POINT('Origin',(-0.1,-0.6,1.305));
#18242=CARTESIAN_POINT('',(-0.1,0.4,1.305));
#18243=CARTESIAN_POINT('',(-0.1,0.4,1.305));
#18244=CARTESIAN_POINT('',(-0.1,-0.6,1.305));
#18245=CARTESIAN_POINT('Origin',(-0.4,-0.6,1.305));
#18246=CARTESIAN_POINT('',(-0.4,0.4,1.305));
#18247=CARTESIAN_POINT('',(-0.4,-0.6,1.305));
#18248=CARTESIAN_POINT('',(-0.4,0.4,1.305));
#18249=CARTESIAN_POINT('Origin',(-0.1,0.4,1.305));
#18250=CARTESIAN_POINT('',(-0.1,0.4,1.305));
#18251=CARTESIAN_POINT('Origin',(0.,0.,1.305));
#18252=CARTESIAN_POINT('Origin',(-0.6,-0.6,1.305));
#18253=CARTESIAN_POINT('',(-0.6,0.4,1.305));
#18254=CARTESIAN_POINT('',(-0.6,0.4,1.305));
#18255=CARTESIAN_POINT('',(-0.6,-0.6,1.305));
#18256=CARTESIAN_POINT('Origin',(-0.9,-0.6,1.305));
#18257=CARTESIAN_POINT('',(-0.9,0.4,1.305));
#18258=CARTESIAN_POINT('',(-0.9,-0.6,1.305));
#18259=CARTESIAN_POINT('',(-0.9,0.4,1.305));
#18260=CARTESIAN_POINT('Origin',(-0.6,0.4,1.305));
#18261=CARTESIAN_POINT('',(-0.6,0.4,1.305));
#18262=CARTESIAN_POINT('Origin',(0.,0.,1.305));
#18263=CARTESIAN_POINT('Origin',(-1.1,-0.6,1.305));
#18264=CARTESIAN_POINT('',(-1.1,0.4,1.305));
#18265=CARTESIAN_POINT('',(-1.1,0.4,1.305));
#18266=CARTESIAN_POINT('',(-1.1,-0.6,1.305));
#18267=CARTESIAN_POINT('Origin',(-1.4,-0.6,1.305));
#18268=CARTESIAN_POINT('',(-1.4,0.4,1.305));
#18269=CARTESIAN_POINT('',(-1.4,-0.6,1.305));
#18270=CARTESIAN_POINT('',(-1.4,0.4,1.305));
#18271=CARTESIAN_POINT('Origin',(-1.1,0.4,1.305));
#18272=CARTESIAN_POINT('',(-1.1,0.4,1.305));
#18273=CARTESIAN_POINT('Origin',(0.,0.,1.305));
#18274=CARTESIAN_POINT('Origin',(-1.6,-0.6,1.305));
#18275=CARTESIAN_POINT('',(-1.6,0.4,1.305));
#18276=CARTESIAN_POINT('',(-1.6,0.4,1.305));
#18277=CARTESIAN_POINT('',(-1.6,-0.6,1.305));
#18278=CARTESIAN_POINT('Origin',(-1.9,-0.6,1.305));
#18279=CARTESIAN_POINT('',(-1.9,0.4,1.305));
#18280=CARTESIAN_POINT('',(-1.9,-0.6,1.305));
#18281=CARTESIAN_POINT('',(-1.9,0.4,1.305));
#18282=CARTESIAN_POINT('Origin',(-1.6,0.4,1.305));
#18283=CARTESIAN_POINT('',(-1.6,0.4,1.305));
#18284=CARTESIAN_POINT('Origin',(0.,0.,1.305));
#18285=CARTESIAN_POINT('Origin',(-2.15,-0.6,1.305));
#18286=CARTESIAN_POINT('',(-2.15,0.4,1.305));
#18287=CARTESIAN_POINT('',(-2.15,0.4,1.305));
#18288=CARTESIAN_POINT('',(-2.15,-0.6,1.305));
#18289=CARTESIAN_POINT('Origin',(-2.75,-0.6,1.305));
#18290=CARTESIAN_POINT('',(-2.75,0.4,1.305));
#18291=CARTESIAN_POINT('',(-2.75,-0.6,1.305));
#18292=CARTESIAN_POINT('',(-2.75,0.4,1.305));
#18293=CARTESIAN_POINT('Origin',(-2.15,0.4,1.305));
#18294=CARTESIAN_POINT('',(-2.15,0.4,1.305));
#18295=CARTESIAN_POINT('Origin',(0.,0.,1.305));
#18296=CARTESIAN_POINT('Origin',(-2.95,-0.6,1.305));
#18297=CARTESIAN_POINT('',(-2.95,0.4,1.305));
#18298=CARTESIAN_POINT('',(-2.95,0.4,1.305));
#18299=CARTESIAN_POINT('',(-2.95,-0.6,1.305));
#18300=CARTESIAN_POINT('Origin',(-3.55,-0.6,1.305));
#18301=CARTESIAN_POINT('',(-3.55,0.4,1.305));
#18302=CARTESIAN_POINT('',(-3.55,-0.6,1.305));
#18303=CARTESIAN_POINT('',(-3.55,0.4,1.305));
#18304=CARTESIAN_POINT('Origin',(-2.95,0.4,1.305));
#18305=CARTESIAN_POINT('',(-2.95,0.4,1.305));
#18306=CARTESIAN_POINT('Origin',(0.,0.,1.305));
#18307=CARTESIAN_POINT('Origin',(3.55,-0.6,1.305));
#18308=CARTESIAN_POINT('',(3.55,0.4,1.305));
#18309=CARTESIAN_POINT('',(3.55,0.4,1.305));
#18310=CARTESIAN_POINT('',(3.55,-0.6,1.305));
#18311=CARTESIAN_POINT('Origin',(2.95,-0.6,1.305));
#18312=CARTESIAN_POINT('',(2.95,0.4,1.305));
#18313=CARTESIAN_POINT('',(2.95,-0.6,1.305));
#18314=CARTESIAN_POINT('',(2.95,0.4,1.305));
#18315=CARTESIAN_POINT('Origin',(2.95,0.4,1.305));
#18316=CARTESIAN_POINT('',(2.95,0.4,1.305));
#18317=CARTESIAN_POINT('Origin',(0.,0.,1.305));
#18318=CARTESIAN_POINT('Origin',(1.9,-0.6,1.305));
#18319=CARTESIAN_POINT('',(1.9,0.4,1.305));
#18320=CARTESIAN_POINT('',(1.9,0.4,1.305));
#18321=CARTESIAN_POINT('',(1.9,-0.6,1.305));
#18322=CARTESIAN_POINT('Origin',(1.6,-0.6,1.305));
#18323=CARTESIAN_POINT('',(1.6,0.4,1.305));
#18324=CARTESIAN_POINT('',(1.6,-0.6,1.305));
#18325=CARTESIAN_POINT('',(1.6,0.4,1.305));
#18326=CARTESIAN_POINT('Origin',(1.6,0.4,1.305));
#18327=CARTESIAN_POINT('',(1.6,0.4,1.305));
#18328=CARTESIAN_POINT('Origin',(0.,0.,1.305));
#18329=CARTESIAN_POINT('Origin',(1.4,-0.6,1.305));
#18330=CARTESIAN_POINT('',(1.4,0.4,1.305));
#18331=CARTESIAN_POINT('',(1.4,0.4,1.305));
#18332=CARTESIAN_POINT('',(1.4,-0.6,1.305));
#18333=CARTESIAN_POINT('Origin',(1.1,-0.6,1.305));
#18334=CARTESIAN_POINT('',(1.1,0.4,1.305));
#18335=CARTESIAN_POINT('',(1.1,-0.6,1.305));
#18336=CARTESIAN_POINT('',(1.1,0.4,1.305));
#18337=CARTESIAN_POINT('Origin',(1.1,0.4,1.305));
#18338=CARTESIAN_POINT('',(1.1,0.4,1.305));
#18339=CARTESIAN_POINT('Origin',(0.,0.,1.305));
#18340=CARTESIAN_POINT('Origin',(0.9,-0.6,1.305));
#18341=CARTESIAN_POINT('',(0.9,0.4,1.305));
#18342=CARTESIAN_POINT('',(0.9,0.4,1.305));
#18343=CARTESIAN_POINT('',(0.9,-0.6,1.305));
#18344=CARTESIAN_POINT('Origin',(0.6,-0.6,1.305));
#18345=CARTESIAN_POINT('',(0.6,0.4,1.305));
#18346=CARTESIAN_POINT('',(0.6,-0.6,1.305));
#18347=CARTESIAN_POINT('',(0.6,0.4,1.305));
#18348=CARTESIAN_POINT('Origin',(0.6,0.4,1.305));
#18349=CARTESIAN_POINT('',(0.6,0.4,1.305));
#18350=CARTESIAN_POINT('Origin',(0.,0.,1.305));
#18351=CARTESIAN_POINT('Origin',(2.75,-0.6,1.305));
#18352=CARTESIAN_POINT('',(2.75,0.4,1.305));
#18353=CARTESIAN_POINT('',(2.75,0.4,1.305));
#18354=CARTESIAN_POINT('',(2.75,-0.6,1.305));
#18355=CARTESIAN_POINT('Origin',(2.15,-0.6,1.305));
#18356=CARTESIAN_POINT('',(2.15,0.4,1.305));
#18357=CARTESIAN_POINT('',(2.15,-0.6,1.305));
#18358=CARTESIAN_POINT('',(2.15,0.4,1.305));
#18359=CARTESIAN_POINT('Origin',(2.15,0.4,1.305));
#18360=CARTESIAN_POINT('',(2.15,0.4,1.305));
#18361=CARTESIAN_POINT('Origin',(0.,0.,1.305));
#18362=CARTESIAN_POINT('Origin',(0.4,-0.6,1.305));
#18363=CARTESIAN_POINT('',(0.4,0.4,1.305));
#18364=CARTESIAN_POINT('',(0.4,0.4,1.305));
#18365=CARTESIAN_POINT('',(0.4,-0.6,1.305));
#18366=CARTESIAN_POINT('Origin',(0.1,-0.6,1.305));
#18367=CARTESIAN_POINT('',(0.1,0.4,1.305));
#18368=CARTESIAN_POINT('',(0.1,-0.6,1.305));
#18369=CARTESIAN_POINT('',(0.1,0.4,1.305));
#18370=CARTESIAN_POINT('Origin',(0.1,0.4,1.305));
#18371=CARTESIAN_POINT('',(0.1,0.4,1.305));
#18372=CARTESIAN_POINT('Origin',(0.,0.,1.305));
#18373=CARTESIAN_POINT('Origin',(0.4,-0.6,1.305));
#18374=CARTESIAN_POINT('',(0.4,-0.6,1.605));
#18375=CARTESIAN_POINT('',(0.4,0.4,1.605));
#18376=CARTESIAN_POINT('',(0.4,-0.6,1.605));
#18377=CARTESIAN_POINT('',(0.4,-0.6,1.305));
#18378=CARTESIAN_POINT('',(0.4,-0.6,1.305));
#18379=CARTESIAN_POINT('',(0.4,0.4,1.305));
#18380=CARTESIAN_POINT('',(0.4,-0.6,1.305));
#18381=CARTESIAN_POINT('',(0.4,0.4,1.305));
#18382=CARTESIAN_POINT('Origin',(0.1,-0.6,1.305));
#18383=CARTESIAN_POINT('',(0.1,-0.6,1.605));
#18384=CARTESIAN_POINT('',(0.1,-0.6,1.605));
#18385=CARTESIAN_POINT('',(0.1,-0.6,1.305));
#18386=CARTESIAN_POINT('',(0.1,-0.6,1.305));
#18387=CARTESIAN_POINT('',(0.1,-0.6,1.305));
#18388=CARTESIAN_POINT('Origin',(0.1,-0.6,1.305));
#18389=CARTESIAN_POINT('',(0.1,0.4,1.605));
#18390=CARTESIAN_POINT('',(0.1,-0.6,1.605));
#18391=CARTESIAN_POINT('',(0.1,0.4,1.305));
#18392=CARTESIAN_POINT('',(0.1,0.4,1.305));
#18393=CARTESIAN_POINT('',(0.1,-0.6,1.305));
#18394=CARTESIAN_POINT('Origin',(0.1,0.4,1.305));
#18395=CARTESIAN_POINT('',(0.1,0.4,1.605));
#18396=CARTESIAN_POINT('',(0.1,0.4,1.305));
#18397=CARTESIAN_POINT('Origin',(0.,0.,1.305));
#18398=CARTESIAN_POINT('Origin',(0.,0.,1.605));
#18399=CARTESIAN_POINT('Origin',(2.75,-0.6,1.305));
#18400=CARTESIAN_POINT('',(2.75,-0.6,1.605));
#18401=CARTESIAN_POINT('',(2.75,0.4,1.605));
#18402=CARTESIAN_POINT('',(2.75,-0.6,1.605));
#18403=CARTESIAN_POINT('',(2.75,-0.6,1.305));
#18404=CARTESIAN_POINT('',(2.75,-0.6,1.305));
#18405=CARTESIAN_POINT('',(2.75,0.4,1.305));
#18406=CARTESIAN_POINT('',(2.75,-0.6,1.305));
#18407=CARTESIAN_POINT('',(2.75,0.4,1.305));
#18408=CARTESIAN_POINT('Origin',(2.15,-0.6,1.305));
#18409=CARTESIAN_POINT('',(2.15,-0.6,1.605));
#18410=CARTESIAN_POINT('',(2.15,-0.6,1.605));
#18411=CARTESIAN_POINT('',(2.15,-0.6,1.305));
#18412=CARTESIAN_POINT('',(2.15,-0.6,1.305));
#18413=CARTESIAN_POINT('',(2.15,-0.6,1.305));
#18414=CARTESIAN_POINT('Origin',(2.15,-0.6,1.305));
#18415=CARTESIAN_POINT('',(2.15,0.4,1.605));
#18416=CARTESIAN_POINT('',(2.15,-0.6,1.605));
#18417=CARTESIAN_POINT('',(2.15,0.4,1.305));
#18418=CARTESIAN_POINT('',(2.15,0.4,1.305));
#18419=CARTESIAN_POINT('',(2.15,-0.6,1.305));
#18420=CARTESIAN_POINT('Origin',(2.15,0.4,1.305));
#18421=CARTESIAN_POINT('',(2.15,0.4,1.605));
#18422=CARTESIAN_POINT('',(2.15,0.4,1.305));
#18423=CARTESIAN_POINT('Origin',(0.,0.,1.305));
#18424=CARTESIAN_POINT('Origin',(0.,0.,1.605));
#18425=CARTESIAN_POINT('Origin',(0.9,-0.6,1.305));
#18426=CARTESIAN_POINT('',(0.9,-0.6,1.605));
#18427=CARTESIAN_POINT('',(0.9,0.4,1.605));
#18428=CARTESIAN_POINT('',(0.9,-0.6,1.605));
#18429=CARTESIAN_POINT('',(0.9,-0.6,1.305));
#18430=CARTESIAN_POINT('',(0.9,-0.6,1.305));
#18431=CARTESIAN_POINT('',(0.9,0.4,1.305));
#18432=CARTESIAN_POINT('',(0.9,-0.6,1.305));
#18433=CARTESIAN_POINT('',(0.9,0.4,1.305));
#18434=CARTESIAN_POINT('Origin',(0.6,-0.6,1.305));
#18435=CARTESIAN_POINT('',(0.6,-0.6,1.605));
#18436=CARTESIAN_POINT('',(0.6,-0.6,1.605));
#18437=CARTESIAN_POINT('',(0.6,-0.6,1.305));
#18438=CARTESIAN_POINT('',(0.6,-0.6,1.305));
#18439=CARTESIAN_POINT('',(0.6,-0.6,1.305));
#18440=CARTESIAN_POINT('Origin',(0.6,-0.6,1.305));
#18441=CARTESIAN_POINT('',(0.6,0.4,1.605));
#18442=CARTESIAN_POINT('',(0.6,-0.6,1.605));
#18443=CARTESIAN_POINT('',(0.6,0.4,1.305));
#18444=CARTESIAN_POINT('',(0.6,0.4,1.305));
#18445=CARTESIAN_POINT('',(0.6,-0.6,1.305));
#18446=CARTESIAN_POINT('Origin',(0.6,0.4,1.305));
#18447=CARTESIAN_POINT('',(0.6,0.4,1.605));
#18448=CARTESIAN_POINT('',(0.6,0.4,1.305));
#18449=CARTESIAN_POINT('Origin',(0.,0.,1.305));
#18450=CARTESIAN_POINT('Origin',(0.,0.,1.605));
#18451=CARTESIAN_POINT('Origin',(1.4,-0.6,1.305));
#18452=CARTESIAN_POINT('',(1.4,-0.6,1.605));
#18453=CARTESIAN_POINT('',(1.4,0.4,1.605));
#18454=CARTESIAN_POINT('',(1.4,-0.6,1.605));
#18455=CARTESIAN_POINT('',(1.4,-0.6,1.305));
#18456=CARTESIAN_POINT('',(1.4,-0.6,1.305));
#18457=CARTESIAN_POINT('',(1.4,0.4,1.305));
#18458=CARTESIAN_POINT('',(1.4,-0.6,1.305));
#18459=CARTESIAN_POINT('',(1.4,0.4,1.305));
#18460=CARTESIAN_POINT('Origin',(1.1,-0.6,1.305));
#18461=CARTESIAN_POINT('',(1.1,-0.6,1.605));
#18462=CARTESIAN_POINT('',(1.1,-0.6,1.605));
#18463=CARTESIAN_POINT('',(1.1,-0.6,1.305));
#18464=CARTESIAN_POINT('',(1.1,-0.6,1.305));
#18465=CARTESIAN_POINT('',(1.1,-0.6,1.305));
#18466=CARTESIAN_POINT('Origin',(1.1,-0.6,1.305));
#18467=CARTESIAN_POINT('',(1.1,0.4,1.605));
#18468=CARTESIAN_POINT('',(1.1,-0.6,1.605));
#18469=CARTESIAN_POINT('',(1.1,0.4,1.305));
#18470=CARTESIAN_POINT('',(1.1,0.4,1.305));
#18471=CARTESIAN_POINT('',(1.1,-0.6,1.305));
#18472=CARTESIAN_POINT('Origin',(1.1,0.4,1.305));
#18473=CARTESIAN_POINT('',(1.1,0.4,1.605));
#18474=CARTESIAN_POINT('',(1.1,0.4,1.305));
#18475=CARTESIAN_POINT('Origin',(0.,0.,1.305));
#18476=CARTESIAN_POINT('Origin',(0.,0.,1.605));
#18477=CARTESIAN_POINT('Origin',(1.9,-0.6,1.305));
#18478=CARTESIAN_POINT('',(1.9,-0.6,1.605));
#18479=CARTESIAN_POINT('',(1.9,0.4,1.605));
#18480=CARTESIAN_POINT('',(1.9,-0.6,1.605));
#18481=CARTESIAN_POINT('',(1.9,-0.6,1.305));
#18482=CARTESIAN_POINT('',(1.9,-0.6,1.305));
#18483=CARTESIAN_POINT('',(1.9,0.4,1.305));
#18484=CARTESIAN_POINT('',(1.9,-0.6,1.305));
#18485=CARTESIAN_POINT('',(1.9,0.4,1.305));
#18486=CARTESIAN_POINT('Origin',(1.6,-0.6,1.305));
#18487=CARTESIAN_POINT('',(1.6,-0.6,1.605));
#18488=CARTESIAN_POINT('',(1.6,-0.6,1.605));
#18489=CARTESIAN_POINT('',(1.6,-0.6,1.305));
#18490=CARTESIAN_POINT('',(1.6,-0.6,1.305));
#18491=CARTESIAN_POINT('',(1.6,-0.6,1.305));
#18492=CARTESIAN_POINT('Origin',(1.6,-0.6,1.305));
#18493=CARTESIAN_POINT('',(1.6,0.4,1.605));
#18494=CARTESIAN_POINT('',(1.6,-0.6,1.605));
#18495=CARTESIAN_POINT('',(1.6,0.4,1.305));
#18496=CARTESIAN_POINT('',(1.6,0.4,1.305));
#18497=CARTESIAN_POINT('',(1.6,-0.6,1.305));
#18498=CARTESIAN_POINT('Origin',(1.6,0.4,1.305));
#18499=CARTESIAN_POINT('',(1.6,0.4,1.605));
#18500=CARTESIAN_POINT('',(1.6,0.4,1.305));
#18501=CARTESIAN_POINT('Origin',(0.,0.,1.305));
#18502=CARTESIAN_POINT('Origin',(0.,0.,1.605));
#18503=CARTESIAN_POINT('Origin',(3.55,-0.6,1.305));
#18504=CARTESIAN_POINT('',(3.55,-0.6,1.605));
#18505=CARTESIAN_POINT('',(3.55,0.4,1.605));
#18506=CARTESIAN_POINT('',(3.55,-0.6,1.605));
#18507=CARTESIAN_POINT('',(3.55,-0.6,1.305));
#18508=CARTESIAN_POINT('',(3.55,-0.6,1.305));
#18509=CARTESIAN_POINT('',(3.55,0.4,1.305));
#18510=CARTESIAN_POINT('',(3.55,-0.6,1.305));
#18511=CARTESIAN_POINT('',(3.55,0.4,1.305));
#18512=CARTESIAN_POINT('Origin',(2.95,-0.6,1.305));
#18513=CARTESIAN_POINT('',(2.95,-0.6,1.605));
#18514=CARTESIAN_POINT('',(2.95,-0.6,1.605));
#18515=CARTESIAN_POINT('',(2.95,-0.6,1.305));
#18516=CARTESIAN_POINT('',(2.95,-0.6,1.305));
#18517=CARTESIAN_POINT('',(2.95,-0.6,1.305));
#18518=CARTESIAN_POINT('Origin',(2.95,-0.6,1.305));
#18519=CARTESIAN_POINT('',(2.95,0.4,1.605));
#18520=CARTESIAN_POINT('',(2.95,-0.6,1.605));
#18521=CARTESIAN_POINT('',(2.95,0.4,1.305));
#18522=CARTESIAN_POINT('',(2.95,0.4,1.305));
#18523=CARTESIAN_POINT('',(2.95,-0.6,1.305));
#18524=CARTESIAN_POINT('Origin',(2.95,0.4,1.305));
#18525=CARTESIAN_POINT('',(2.95,0.4,1.605));
#18526=CARTESIAN_POINT('',(2.95,0.4,1.305));
#18527=CARTESIAN_POINT('Origin',(0.,0.,1.305));
#18528=CARTESIAN_POINT('Origin',(0.,0.,1.605));
#18529=CARTESIAN_POINT('Origin',(-2.95,-0.6,1.305));
#18530=CARTESIAN_POINT('',(-2.95,-0.6,1.605));
#18531=CARTESIAN_POINT('',(-2.95,0.4,1.605));
#18532=CARTESIAN_POINT('',(-2.95,-0.6,1.605));
#18533=CARTESIAN_POINT('',(-2.95,-0.6,1.305));
#18534=CARTESIAN_POINT('',(-2.95,-0.6,1.305));
#18535=CARTESIAN_POINT('',(-2.95,0.4,1.305));
#18536=CARTESIAN_POINT('',(-2.95,-0.6,1.305));
#18537=CARTESIAN_POINT('',(-2.95,0.4,1.305));
#18538=CARTESIAN_POINT('Origin',(-2.95,-0.6,1.305));
#18539=CARTESIAN_POINT('',(-3.55,-0.6,1.605));
#18540=CARTESIAN_POINT('',(-2.95,-0.6,1.605));
#18541=CARTESIAN_POINT('',(-3.55,-0.6,1.305));
#18542=CARTESIAN_POINT('',(-3.55,-0.6,1.305));
#18543=CARTESIAN_POINT('',(-2.95,-0.6,1.305));
#18544=CARTESIAN_POINT('Origin',(-3.55,-0.6,1.305));
#18545=CARTESIAN_POINT('',(-3.55,0.4,1.605));
#18546=CARTESIAN_POINT('',(-3.55,-0.6,1.605));
#18547=CARTESIAN_POINT('',(-3.55,0.4,1.305));
#18548=CARTESIAN_POINT('',(-3.55,0.4,1.305));
#18549=CARTESIAN_POINT('',(-3.55,-0.6,1.305));
#18550=CARTESIAN_POINT('Origin',(-2.95,0.4,1.305));
#18551=CARTESIAN_POINT('',(-2.95,0.4,1.605));
#18552=CARTESIAN_POINT('',(-2.95,0.4,1.305));
#18553=CARTESIAN_POINT('Origin',(0.,0.,1.305));
#18554=CARTESIAN_POINT('Origin',(0.,0.,1.605));
#18555=CARTESIAN_POINT('Origin',(-2.15,-0.6,1.305));
#18556=CARTESIAN_POINT('',(-2.15,-0.6,1.605));
#18557=CARTESIAN_POINT('',(-2.15,0.4,1.605));
#18558=CARTESIAN_POINT('',(-2.15,-0.6,1.605));
#18559=CARTESIAN_POINT('',(-2.15,-0.6,1.305));
#18560=CARTESIAN_POINT('',(-2.15,-0.6,1.305));
#18561=CARTESIAN_POINT('',(-2.15,0.4,1.305));
#18562=CARTESIAN_POINT('',(-2.15,-0.6,1.305));
#18563=CARTESIAN_POINT('',(-2.15,0.4,1.305));
#18564=CARTESIAN_POINT('Origin',(-2.15,-0.6,1.305));
#18565=CARTESIAN_POINT('',(-2.75,-0.6,1.605));
#18566=CARTESIAN_POINT('',(-2.15,-0.6,1.605));
#18567=CARTESIAN_POINT('',(-2.75,-0.6,1.305));
#18568=CARTESIAN_POINT('',(-2.75,-0.6,1.305));
#18569=CARTESIAN_POINT('',(-2.15,-0.6,1.305));
#18570=CARTESIAN_POINT('Origin',(-2.75,-0.6,1.305));
#18571=CARTESIAN_POINT('',(-2.75,0.4,1.605));
#18572=CARTESIAN_POINT('',(-2.75,-0.6,1.605));
#18573=CARTESIAN_POINT('',(-2.75,0.4,1.305));
#18574=CARTESIAN_POINT('',(-2.75,0.4,1.305));
#18575=CARTESIAN_POINT('',(-2.75,-0.6,1.305));
#18576=CARTESIAN_POINT('Origin',(-2.15,0.4,1.305));
#18577=CARTESIAN_POINT('',(-2.15,0.4,1.605));
#18578=CARTESIAN_POINT('',(-2.15,0.4,1.305));
#18579=CARTESIAN_POINT('Origin',(0.,0.,1.305));
#18580=CARTESIAN_POINT('Origin',(0.,0.,1.605));
#18581=CARTESIAN_POINT('Origin',(-1.6,-0.6,1.305));
#18582=CARTESIAN_POINT('',(-1.6,-0.6,1.605));
#18583=CARTESIAN_POINT('',(-1.6,0.4,1.605));
#18584=CARTESIAN_POINT('',(-1.6,-0.6,1.605));
#18585=CARTESIAN_POINT('',(-1.6,-0.6,1.305));
#18586=CARTESIAN_POINT('',(-1.6,-0.6,1.305));
#18587=CARTESIAN_POINT('',(-1.6,0.4,1.305));
#18588=CARTESIAN_POINT('',(-1.6,-0.6,1.305));
#18589=CARTESIAN_POINT('',(-1.6,0.4,1.305));
#18590=CARTESIAN_POINT('Origin',(-1.6,-0.6,1.305));
#18591=CARTESIAN_POINT('',(-1.9,-0.6,1.605));
#18592=CARTESIAN_POINT('',(-1.6,-0.6,1.605));
#18593=CARTESIAN_POINT('',(-1.9,-0.6,1.305));
#18594=CARTESIAN_POINT('',(-1.9,-0.6,1.305));
#18595=CARTESIAN_POINT('',(-1.6,-0.6,1.305));
#18596=CARTESIAN_POINT('Origin',(-1.9,-0.6,1.305));
#18597=CARTESIAN_POINT('',(-1.9,0.4,1.605));
#18598=CARTESIAN_POINT('',(-1.9,-0.6,1.605));
#18599=CARTESIAN_POINT('',(-1.9,0.4,1.305));
#18600=CARTESIAN_POINT('',(-1.9,0.4,1.305));
#18601=CARTESIAN_POINT('',(-1.9,-0.6,1.305));
#18602=CARTESIAN_POINT('Origin',(-1.6,0.4,1.305));
#18603=CARTESIAN_POINT('',(-1.6,0.4,1.605));
#18604=CARTESIAN_POINT('',(-1.6,0.4,1.305));
#18605=CARTESIAN_POINT('Origin',(0.,0.,1.305));
#18606=CARTESIAN_POINT('Origin',(0.,0.,1.605));
#18607=CARTESIAN_POINT('Origin',(-1.1,-0.6,1.305));
#18608=CARTESIAN_POINT('',(-1.1,-0.6,1.605));
#18609=CARTESIAN_POINT('',(-1.1,0.4,1.605));
#18610=CARTESIAN_POINT('',(-1.1,-0.6,1.605));
#18611=CARTESIAN_POINT('',(-1.1,-0.6,1.305));
#18612=CARTESIAN_POINT('',(-1.1,-0.6,1.305));
#18613=CARTESIAN_POINT('',(-1.1,0.4,1.305));
#18614=CARTESIAN_POINT('',(-1.1,-0.6,1.305));
#18615=CARTESIAN_POINT('',(-1.1,0.4,1.305));
#18616=CARTESIAN_POINT('Origin',(-1.1,-0.6,1.305));
#18617=CARTESIAN_POINT('',(-1.4,-0.6,1.605));
#18618=CARTESIAN_POINT('',(-1.1,-0.6,1.605));
#18619=CARTESIAN_POINT('',(-1.4,-0.6,1.305));
#18620=CARTESIAN_POINT('',(-1.4,-0.6,1.305));
#18621=CARTESIAN_POINT('',(-1.1,-0.6,1.305));
#18622=CARTESIAN_POINT('Origin',(-1.4,-0.6,1.305));
#18623=CARTESIAN_POINT('',(-1.4,0.4,1.605));
#18624=CARTESIAN_POINT('',(-1.4,-0.6,1.605));
#18625=CARTESIAN_POINT('',(-1.4,0.4,1.305));
#18626=CARTESIAN_POINT('',(-1.4,0.4,1.305));
#18627=CARTESIAN_POINT('',(-1.4,-0.6,1.305));
#18628=CARTESIAN_POINT('Origin',(-1.1,0.4,1.305));
#18629=CARTESIAN_POINT('',(-1.1,0.4,1.605));
#18630=CARTESIAN_POINT('',(-1.1,0.4,1.305));
#18631=CARTESIAN_POINT('Origin',(0.,0.,1.305));
#18632=CARTESIAN_POINT('Origin',(0.,0.,1.605));
#18633=CARTESIAN_POINT('Origin',(-0.6,-0.6,1.305));
#18634=CARTESIAN_POINT('',(-0.6,-0.6,1.605));
#18635=CARTESIAN_POINT('',(-0.6,0.4,1.605));
#18636=CARTESIAN_POINT('',(-0.6,-0.6,1.605));
#18637=CARTESIAN_POINT('',(-0.6,-0.6,1.305));
#18638=CARTESIAN_POINT('',(-0.6,-0.6,1.305));
#18639=CARTESIAN_POINT('',(-0.6,0.4,1.305));
#18640=CARTESIAN_POINT('',(-0.6,-0.6,1.305));
#18641=CARTESIAN_POINT('',(-0.6,0.4,1.305));
#18642=CARTESIAN_POINT('Origin',(-0.6,-0.6,1.305));
#18643=CARTESIAN_POINT('',(-0.9,-0.6,1.605));
#18644=CARTESIAN_POINT('',(-0.6,-0.6,1.605));
#18645=CARTESIAN_POINT('',(-0.9,-0.6,1.305));
#18646=CARTESIAN_POINT('',(-0.9,-0.6,1.305));
#18647=CARTESIAN_POINT('',(-0.6,-0.6,1.305));
#18648=CARTESIAN_POINT('Origin',(-0.9,-0.6,1.305));
#18649=CARTESIAN_POINT('',(-0.9,0.4,1.605));
#18650=CARTESIAN_POINT('',(-0.9,-0.6,1.605));
#18651=CARTESIAN_POINT('',(-0.9,0.4,1.305));
#18652=CARTESIAN_POINT('',(-0.9,0.4,1.305));
#18653=CARTESIAN_POINT('',(-0.9,-0.6,1.305));
#18654=CARTESIAN_POINT('Origin',(-0.6,0.4,1.305));
#18655=CARTESIAN_POINT('',(-0.6,0.4,1.605));
#18656=CARTESIAN_POINT('',(-0.6,0.4,1.305));
#18657=CARTESIAN_POINT('Origin',(0.,0.,1.305));
#18658=CARTESIAN_POINT('Origin',(0.,0.,1.605));
#18659=CARTESIAN_POINT('Origin',(-0.1,-0.6,1.305));
#18660=CARTESIAN_POINT('',(-0.1,-0.6,1.605));
#18661=CARTESIAN_POINT('',(-0.1,0.4,1.605));
#18662=CARTESIAN_POINT('',(-0.1,-0.6,1.605));
#18663=CARTESIAN_POINT('',(-0.1,-0.6,1.305));
#18664=CARTESIAN_POINT('',(-0.1,-0.6,1.305));
#18665=CARTESIAN_POINT('',(-0.1,0.4,1.305));
#18666=CARTESIAN_POINT('',(-0.1,-0.6,1.305));
#18667=CARTESIAN_POINT('',(-0.1,0.4,1.305));
#18668=CARTESIAN_POINT('Origin',(-0.1,-0.6,1.305));
#18669=CARTESIAN_POINT('',(-0.4,-0.6,1.605));
#18670=CARTESIAN_POINT('',(-0.1,-0.6,1.605));
#18671=CARTESIAN_POINT('',(-0.4,-0.6,1.305));
#18672=CARTESIAN_POINT('',(-0.4,-0.6,1.305));
#18673=CARTESIAN_POINT('',(-0.1,-0.6,1.305));
#18674=CARTESIAN_POINT('Origin',(-0.4,-0.6,1.305));
#18675=CARTESIAN_POINT('',(-0.4,0.4,1.605));
#18676=CARTESIAN_POINT('',(-0.4,-0.6,1.605));
#18677=CARTESIAN_POINT('',(-0.4,0.4,1.305));
#18678=CARTESIAN_POINT('',(-0.4,0.4,1.305));
#18679=CARTESIAN_POINT('',(-0.4,-0.6,1.305));
#18680=CARTESIAN_POINT('Origin',(-0.1,0.4,1.305));
#18681=CARTESIAN_POINT('',(-0.1,0.4,1.605));
#18682=CARTESIAN_POINT('',(-0.1,0.4,1.305));
#18683=CARTESIAN_POINT('Origin',(0.,0.,1.305));
#18684=CARTESIAN_POINT('Origin',(0.,0.,1.605));
#18685=CARTESIAN_POINT('Origin',(-4.47,7.3,1.605));
#18686=CARTESIAN_POINT('',(-4.47,3.7,1.305));
#18687=CARTESIAN_POINT('',(-4.47,3.7,0.125));
#18688=CARTESIAN_POINT('',(-4.47,3.7,0.));
#18689=CARTESIAN_POINT('',(-4.47,4.,1.605));
#18690=CARTESIAN_POINT('Origin',(-4.47,4.,1.305));
#18691=CARTESIAN_POINT('',(-4.47,4.3,1.905));
#18692=CARTESIAN_POINT('Origin',(-4.47,4.,1.905));
#18693=CARTESIAN_POINT('',(-4.47,4.3,2.295));
#18694=CARTESIAN_POINT('',(-4.47,4.3,2.595));
#18695=CARTESIAN_POINT('',(-4.47,4.6,2.595));
#18696=CARTESIAN_POINT('Origin',(-4.47,4.6,2.295));
#18697=CARTESIAN_POINT('',(-4.47,4.8,2.595));
#18698=CARTESIAN_POINT('',(-4.47,0.,2.595));
#18699=CARTESIAN_POINT('',(-4.47,5.1,2.295));
#18700=CARTESIAN_POINT('Origin',(-4.47,4.8,2.295));
#18701=CARTESIAN_POINT('',(-4.47,5.1,0.125));
#18702=CARTESIAN_POINT('',(-4.47,5.1,0.));
#18703=CARTESIAN_POINT('',(-4.47,5.35,0.125));
#18704=CARTESIAN_POINT('Origin',(-4.47,5.225,0.125));
#18705=CARTESIAN_POINT('',(-4.47,5.35,0.355));
#18706=CARTESIAN_POINT('',(-4.47,5.35,0.));
#18707=CARTESIAN_POINT('',(-4.47,7.3,0.355));
#18708=CARTESIAN_POINT('',(-4.47,7.3,0.355));
#18709=CARTESIAN_POINT('',(-4.47,7.3,-0.355));
#18710=CARTESIAN_POINT('',(-4.47,7.3,1.605));
#18711=CARTESIAN_POINT('',(-4.47,0.,-0.355));
#18712=CARTESIAN_POINT('',(-4.47,7.3,-0.355));
#18713=CARTESIAN_POINT('',(-4.47,0.,2.295));
#18714=CARTESIAN_POINT('',(-4.47,0.,1.605));
#18715=CARTESIAN_POINT('',(-4.47,0.3,2.595));
#18716=CARTESIAN_POINT('Origin',(-4.47,0.3,2.295));
#18717=CARTESIAN_POINT('',(-4.47,0.75,2.595));
#18718=CARTESIAN_POINT('',(-4.47,0.,2.595));
#18719=CARTESIAN_POINT('',(-4.47,1.05,2.295));
#18720=CARTESIAN_POINT('Origin',(-4.47,0.75,2.295));
#18721=CARTESIAN_POINT('',(-4.47,1.05,0.15));
#18722=CARTESIAN_POINT('',(-4.47,1.05,8.773890413177E-17));
#18723=CARTESIAN_POINT('',(-4.47,1.35,0.15));
#18724=CARTESIAN_POINT('Origin',(-4.47,1.2,0.15));
#18725=CARTESIAN_POINT('',(-4.47,1.35,0.355));
#18726=CARTESIAN_POINT('',(-4.47,1.35,1.128071624551E-16));
#18727=CARTESIAN_POINT('',(-4.47,3.45,0.355));
#18728=CARTESIAN_POINT('',(-4.47,7.3,0.355));
#18729=CARTESIAN_POINT('',(-4.47,3.45,0.125));
#18730=CARTESIAN_POINT('',(-4.47,3.45,0.));
#18731=CARTESIAN_POINT('Origin',(-4.47,3.575,0.125));
#18732=CARTESIAN_POINT('Origin',(-4.17,0.,0.));
#18733=CARTESIAN_POINT('',(-4.17,4.3,2.295));
#18734=CARTESIAN_POINT('',(-4.17,4.3,1.905));
#18735=CARTESIAN_POINT('',(-4.17,4.3,2.595));
#18736=CARTESIAN_POINT('',(-4.17,4.,1.605));
#18737=CARTESIAN_POINT('Origin',(-4.17,4.,1.905));
#18738=CARTESIAN_POINT('',(-4.17,3.7,1.305));
#18739=CARTESIAN_POINT('Origin',(-4.17,4.,1.305));
#18740=CARTESIAN_POINT('',(-4.17,3.7,0.125));
#18741=CARTESIAN_POINT('',(-4.17,3.7,0.));
#18742=CARTESIAN_POINT('',(-4.17,3.45,0.125));
#18743=CARTESIAN_POINT('Origin',(-4.17,3.575,0.125));
#18744=CARTESIAN_POINT('',(-4.17,3.45,0.355));
#18745=CARTESIAN_POINT('',(-4.17,3.45,0.));
#18746=CARTESIAN_POINT('',(-4.17,1.35,0.355));
#18747=CARTESIAN_POINT('',(-4.17,0.,0.355));
#18748=CARTESIAN_POINT('',(-4.17,1.35,0.15));
#18749=CARTESIAN_POINT('',(-4.17,1.35,1.128071624551E-16));
#18750=CARTESIAN_POINT('',(-4.17,1.05,0.15));
#18751=CARTESIAN_POINT('Origin',(-4.17,1.2,0.15));
#18752=CARTESIAN_POINT('',(-4.17,1.05,2.295));
#18753=CARTESIAN_POINT('',(-4.17,1.05,8.773890413177E-17));
#18754=CARTESIAN_POINT('',(-4.17,0.75,2.595));
#18755=CARTESIAN_POINT('Origin',(-4.17,0.75,2.295));
#18756=CARTESIAN_POINT('',(-4.17,0.3,2.595));
#18757=CARTESIAN_POINT('',(-4.17,0.,2.595));
#18758=CARTESIAN_POINT('',(-4.17,0.,2.295));
#18759=CARTESIAN_POINT('Origin',(-4.17,0.3,2.295));
#18760=CARTESIAN_POINT('',(-4.17,0.,-0.355));
#18761=CARTESIAN_POINT('',(-4.17,0.,0.));
#18762=CARTESIAN_POINT('',(-4.17,7.040192378865,-0.355));
#18763=CARTESIAN_POINT('',(-4.17,0.,-0.355));
#18764=CARTESIAN_POINT('',(-4.17,7.040192378865,0.355));
#18765=CARTESIAN_POINT('',(-4.17,7.040192378865,0.));
#18766=CARTESIAN_POINT('',(-4.17,5.35,0.355));
#18767=CARTESIAN_POINT('',(-4.17,0.,0.355));
#18768=CARTESIAN_POINT('',(-4.17,5.35,0.125));
#18769=CARTESIAN_POINT('',(-4.17,5.35,0.));
#18770=CARTESIAN_POINT('',(-4.17,5.1,0.125));
#18771=CARTESIAN_POINT('Origin',(-4.17,5.225,0.125));
#18772=CARTESIAN_POINT('',(-4.17,5.1,2.295));
#18773=CARTESIAN_POINT('',(-4.17,5.1,0.));
#18774=CARTESIAN_POINT('',(-4.17,4.8,2.595));
#18775=CARTESIAN_POINT('Origin',(-4.17,4.8,2.295));
#18776=CARTESIAN_POINT('',(-4.17,4.6,2.595));
#18777=CARTESIAN_POINT('',(-4.17,0.,2.595));
#18778=CARTESIAN_POINT('Origin',(-4.17,4.6,2.295));
#18779=CARTESIAN_POINT('Origin',(-4.17,0.,2.595));
#18780=CARTESIAN_POINT('',(-4.47,4.8,2.595));
#18781=CARTESIAN_POINT('',(-4.17,4.6,2.595));
#18782=CARTESIAN_POINT('Origin',(-4.17,3.7,0.));
#18783=CARTESIAN_POINT('',(-4.47,3.7,1.305));
#18784=CARTESIAN_POINT('',(-4.17,3.7,0.125));
#18785=CARTESIAN_POINT('Origin',(-4.47,7.3,1.605));
#18786=CARTESIAN_POINT('',(-1.97,0.85,1.605));
#18787=CARTESIAN_POINT('',(-1.97,1.35,1.605));
#18788=CARTESIAN_POINT('',(-1.97,7.3,1.605));
#18789=CARTESIAN_POINT('',(1.97,0.85,1.605));
#18790=CARTESIAN_POINT('',(1.97,0.85,1.605));
#18791=CARTESIAN_POINT('',(1.97,1.35,1.605));
#18792=CARTESIAN_POINT('',(1.97,7.3,1.605));
#18793=CARTESIAN_POINT('',(3.22,1.35,1.605));
#18794=CARTESIAN_POINT('',(-4.47,1.35,1.605));
#18795=CARTESIAN_POINT('',(3.22,3.45,1.605));
#18796=CARTESIAN_POINT('',(3.22,7.3,1.605));
#18797=CARTESIAN_POINT('',(1.97,3.45,1.605));
#18798=CARTESIAN_POINT('',(-4.47,3.45,1.605));
#18799=CARTESIAN_POINT('',(1.97,5.35,1.605));
#18800=CARTESIAN_POINT('',(1.97,7.3,1.605));
#18801=CARTESIAN_POINT('',(3.22,5.35,1.605));
#18802=CARTESIAN_POINT('',(-4.47,5.35,1.605));
#18803=CARTESIAN_POINT('',(3.22,7.3,1.605));
#18804=CARTESIAN_POINT('',(3.22,7.3,1.605));
#18805=CARTESIAN_POINT('',(-3.22,7.3,1.605));
#18806=CARTESIAN_POINT('',(-4.47,7.3,1.605));
#18807=CARTESIAN_POINT('',(-3.22,5.35,1.605));
#18808=CARTESIAN_POINT('',(-3.22,7.3,1.605));
#18809=CARTESIAN_POINT('',(-1.97,5.35,1.605));
#18810=CARTESIAN_POINT('',(-4.47,5.35,1.605));
#18811=CARTESIAN_POINT('',(-1.97,3.45,1.605));
#18812=CARTESIAN_POINT('',(-1.97,7.3,1.605));
#18813=CARTESIAN_POINT('',(-3.22,3.45,1.605));
#18814=CARTESIAN_POINT('',(-4.47,3.45,1.605));
#18815=CARTESIAN_POINT('',(-3.22,1.35,1.605));
#18816=CARTESIAN_POINT('',(-3.22,7.3,1.605));
#18817=CARTESIAN_POINT('',(-4.47,1.35,1.605));
#18818=CARTESIAN_POINT('',(2.150446608847,2.6,1.605));
#18819=CARTESIAN_POINT('',(2.150446608847,1.9,1.605));
#18820=CARTESIAN_POINT('',(2.150446608847,7.3,1.605));
#18821=CARTESIAN_POINT('',(0.950446608847,1.9,1.605));
#18822=CARTESIAN_POINT('',(-4.47,1.9,1.605));
#18823=CARTESIAN_POINT('',(0.950446608847,2.6,1.605));
#18824=CARTESIAN_POINT('',(0.950446608847,7.3,1.605));
#18825=CARTESIAN_POINT('',(-4.47,2.6,1.605));
#18826=CARTESIAN_POINT('',(-2.150446608847,2.6,1.605));
#18827=CARTESIAN_POINT('',(-0.950446608847,2.6,1.605));
#18828=CARTESIAN_POINT('',(-4.47,2.6,1.605));
#18829=CARTESIAN_POINT('',(-0.950446608847,1.9,1.605));
#18830=CARTESIAN_POINT('',(-0.950446608847,7.3,1.605));
#18831=CARTESIAN_POINT('',(-2.150446608847,1.9,1.605));
#18832=CARTESIAN_POINT('',(-4.47,1.9,1.605));
#18833=CARTESIAN_POINT('',(-2.150446608847,7.3,1.605));
#18834=CARTESIAN_POINT('Origin',(0.,0.,0.));
#18835=CARTESIAN_POINT('',(-4.47,0.,2.295));
#18836=CARTESIAN_POINT('',(-3.22,0.,-1.605));
#18837=CARTESIAN_POINT('Origin',(-3.22,0.,-0.355));
#18838=CARTESIAN_POINT('',(3.22,0.,-1.605));
#18839=CARTESIAN_POINT('',(-4.47,0.,-1.605));
#18840=CARTESIAN_POINT('',(4.47,0.,-0.355));
#18841=CARTESIAN_POINT('Origin',(3.22,0.,-0.355));
#18842=CARTESIAN_POINT('',(4.47,0.,2.295));
#18843=CARTESIAN_POINT('',(4.47,0.,1.605));
#18844=CARTESIAN_POINT('',(4.17,0.,2.295));
#18845=CARTESIAN_POINT('',(0.,0.,2.295));
#18846=CARTESIAN_POINT('',(4.17,0.,-0.355));
#18847=CARTESIAN_POINT('',(4.17,0.,0.));
#18848=CARTESIAN_POINT('',(3.22,0.,-1.305));
#18849=CARTESIAN_POINT('Origin',(3.22,0.,-0.355));
#18850=CARTESIAN_POINT('',(-3.22,0.,-1.305));
#18851=CARTESIAN_POINT('',(-4.394049177309E-17,0.,-1.305));
#18852=CARTESIAN_POINT('Origin',(-3.22,0.,-0.355));
#18853=CARTESIAN_POINT('Origin',(-3.22,7.3,0.355));
#18854=CARTESIAN_POINT('Origin',(-3.22,3.45,0.355));
#18855=CARTESIAN_POINT('Origin',(-3.22,1.35,0.355));
#18856=CARTESIAN_POINT('Origin',(-3.22,7.3,0.355));
#18857=CARTESIAN_POINT('Origin',(-3.22,5.35,0.355));
#18858=CARTESIAN_POINT('Origin',(-3.22,7.3,0.355));
#18859=CARTESIAN_POINT('Origin',(4.394049177309E-17,0.,1.305));
#18860=CARTESIAN_POINT('',(1.97,0.85,1.305));
#18861=CARTESIAN_POINT('',(1.97,1.35,1.305));
#18862=CARTESIAN_POINT('',(1.97,0.,1.305));
#18863=CARTESIAN_POINT('',(-1.97,0.85,1.305));
#18864=CARTESIAN_POINT('',(1.97,0.85,1.305));
#18865=CARTESIAN_POINT('',(-1.97,1.35,1.305));
#18866=CARTESIAN_POINT('',(-1.97,0.,1.305));
#18867=CARTESIAN_POINT('',(-3.22,1.35,1.305));
#18868=CARTESIAN_POINT('',(4.394049177309E-17,1.35,1.305));
#18869=CARTESIAN_POINT('',(-3.22,3.45,1.305));
#18870=CARTESIAN_POINT('',(-3.22,0.,1.305));
#18871=CARTESIAN_POINT('',(-1.97,3.45,1.305));
#18872=CARTESIAN_POINT('',(4.394049177309E-17,3.45,1.305));
#18873=CARTESIAN_POINT('',(-1.97,5.35,1.305));
#18874=CARTESIAN_POINT('',(-1.97,0.,1.305));
#18875=CARTESIAN_POINT('',(-3.22,5.35,1.305));
#18876=CARTESIAN_POINT('',(4.394049177309E-17,5.35,1.305));
#18877=CARTESIAN_POINT('',(-3.22,7.040192378865,1.305));
#18878=CARTESIAN_POINT('',(-3.22,0.,1.305));
#18879=CARTESIAN_POINT('',(3.22,7.040192378865,1.305));
#18880=CARTESIAN_POINT('',(4.394049177309E-17,7.040192378865,1.305));
#18881=CARTESIAN_POINT('',(3.22,5.35,1.305));
#18882=CARTESIAN_POINT('',(3.22,0.,1.305));
#18883=CARTESIAN_POINT('',(1.97,5.35,1.305));
#18884=CARTESIAN_POINT('',(4.394049177309E-17,5.35,1.305));
#18885=CARTESIAN_POINT('',(1.97,3.45,1.305));
#18886=CARTESIAN_POINT('',(1.97,0.,1.305));
#18887=CARTESIAN_POINT('',(3.22,3.45,1.305));
#18888=CARTESIAN_POINT('',(4.394049177309E-17,3.45,1.305));
#18889=CARTESIAN_POINT('',(3.22,1.35,1.305));
#18890=CARTESIAN_POINT('',(3.22,0.,1.305));
#18891=CARTESIAN_POINT('',(4.394049177309E-17,1.35,1.305));
#18892=CARTESIAN_POINT('',(-1.050446608847,2.5,1.305));
#18893=CARTESIAN_POINT('',(-2.050446608847,2.5,1.305));
#18894=CARTESIAN_POINT('',(4.394049177309E-17,2.5,1.305));
#18895=CARTESIAN_POINT('',(-2.050446608847,2.,1.305));
#18896=CARTESIAN_POINT('',(-2.050446608847,0.,1.305));
#18897=CARTESIAN_POINT('',(-1.050446608847,2.,1.305));
#18898=CARTESIAN_POINT('',(4.394049177309E-17,2.,1.305));
#18899=CARTESIAN_POINT('',(-1.050446608847,0.,1.305));
#18900=CARTESIAN_POINT('',(2.050446608847,2.5,1.305));
#18901=CARTESIAN_POINT('',(1.050446608847,2.5,1.305));
#18902=CARTESIAN_POINT('',(4.394049177309E-17,2.5,1.305));
#18903=CARTESIAN_POINT('',(1.050446608847,2.,1.305));
#18904=CARTESIAN_POINT('',(1.050446608847,0.,1.305));
#18905=CARTESIAN_POINT('',(2.050446608847,2.,1.305));
#18906=CARTESIAN_POINT('',(4.394049177309E-17,2.,1.305));
#18907=CARTESIAN_POINT('',(2.050446608847,0.,1.305));
#18908=CARTESIAN_POINT('Origin',(-3.22,0.,0.355));
#18909=CARTESIAN_POINT('Origin',(-3.22,3.45,0.355));
#18910=CARTESIAN_POINT('Origin',(-3.22,1.35,0.355));
#18911=CARTESIAN_POINT('Origin',(-3.22,0.,0.355));
#18912=CARTESIAN_POINT('Origin',(-3.22,7.040192378865,0.355));
#18913=CARTESIAN_POINT('Origin',(-3.22,5.35,0.355));
#18914=CARTESIAN_POINT('Origin',(3.22,7.3,0.355));
#18915=CARTESIAN_POINT('',(4.47,5.35,0.355));
#18916=CARTESIAN_POINT('Origin',(3.22,5.35,0.355));
#18917=CARTESIAN_POINT('',(4.47,7.3,0.355));
#18918=CARTESIAN_POINT('',(4.47,7.3,0.355));
#18919=CARTESIAN_POINT('Origin',(3.22,7.3,0.355));
#18920=CARTESIAN_POINT('Origin',(3.22,0.,0.355));
#18921=CARTESIAN_POINT('',(4.17,5.35,0.355));
#18922=CARTESIAN_POINT('',(4.17,7.040192378865,0.355));
#18923=CARTESIAN_POINT('',(4.17,0.,0.355));
#18924=CARTESIAN_POINT('Origin',(3.22,5.35,0.355));
#18925=CARTESIAN_POINT('Origin',(3.22,7.040192378865,0.355));
#18926=CARTESIAN_POINT('Origin',(4.47,7.3,1.605));
#18927=CARTESIAN_POINT('',(4.47,4.3,1.905));
#18928=CARTESIAN_POINT('',(4.47,4.3,2.295));
#18929=CARTESIAN_POINT('',(4.47,4.3,2.595));
#18930=CARTESIAN_POINT('',(4.47,4.,1.605));
#18931=CARTESIAN_POINT('Origin',(4.47,4.,1.905));
#18932=CARTESIAN_POINT('',(4.47,3.7,1.305));
#18933=CARTESIAN_POINT('Origin',(4.47,4.,1.305));
#18934=CARTESIAN_POINT('',(4.47,3.7,0.125));
#18935=CARTESIAN_POINT('',(4.47,3.7,0.));
#18936=CARTESIAN_POINT('',(4.47,3.45,0.125));
#18937=CARTESIAN_POINT('Origin',(4.47,3.575,0.125));
#18938=CARTESIAN_POINT('',(4.47,3.45,0.355));
#18939=CARTESIAN_POINT('',(4.47,3.45,0.));
#18940=CARTESIAN_POINT('',(4.47,1.35,0.355));
#18941=CARTESIAN_POINT('',(4.47,7.3,0.355));
#18942=CARTESIAN_POINT('',(4.47,1.35,0.15));
#18943=CARTESIAN_POINT('',(4.47,1.35,1.128071624551E-16));
#18944=CARTESIAN_POINT('',(4.47,1.05,0.15));
#18945=CARTESIAN_POINT('Origin',(4.47,1.2,0.15));
#18946=CARTESIAN_POINT('',(4.47,1.05,2.295));
#18947=CARTESIAN_POINT('',(4.47,1.05,8.773890413177E-17));
#18948=CARTESIAN_POINT('',(4.47,0.75,2.595));
#18949=CARTESIAN_POINT('Origin',(4.47,0.75,2.295));
#18950=CARTESIAN_POINT('',(4.47,0.3,2.595));
#18951=CARTESIAN_POINT('',(4.47,0.,2.595));
#18952=CARTESIAN_POINT('Origin',(4.47,0.3,2.295));
#18953=CARTESIAN_POINT('',(4.47,7.3,-0.355));
#18954=CARTESIAN_POINT('',(4.47,7.3,-0.355));
#18955=CARTESIAN_POINT('',(4.47,7.3,1.605));
#18956=CARTESIAN_POINT('',(4.47,5.35,0.125));
#18957=CARTESIAN_POINT('',(4.47,5.35,0.));
#18958=CARTESIAN_POINT('',(4.47,5.1,0.125));
#18959=CARTESIAN_POINT('Origin',(4.47,5.225,0.125));
#18960=CARTESIAN_POINT('',(4.47,5.1,2.295));
#18961=CARTESIAN_POINT('',(4.47,5.1,0.));
#18962=CARTESIAN_POINT('',(4.47,4.8,2.595));
#18963=CARTESIAN_POINT('Origin',(4.47,4.8,2.295));
#18964=CARTESIAN_POINT('',(4.47,4.6,2.595));
#18965=CARTESIAN_POINT('',(4.47,0.,2.595));
#18966=CARTESIAN_POINT('Origin',(4.47,4.6,2.295));
#18967=CARTESIAN_POINT('Origin',(-4.47,7.3,-1.605));
#18968=CARTESIAN_POINT('',(-3.22,7.3,-1.605));
#18969=CARTESIAN_POINT('',(-3.22,7.3,-1.605));
#18970=CARTESIAN_POINT('',(3.22,7.3,-1.605));
#18971=CARTESIAN_POINT('',(-4.47,7.3,-1.605));
#18972=CARTESIAN_POINT('',(3.22,7.3,-1.605));
#18973=CARTESIAN_POINT('',(-2.150446608847,1.9,-1.605));
#18974=CARTESIAN_POINT('',(-0.950446608847,1.9,-1.605));
#18975=CARTESIAN_POINT('',(-4.47,1.9,-1.605));
#18976=CARTESIAN_POINT('',(-0.950446608847,2.6,-1.605));
#18977=CARTESIAN_POINT('',(-0.950446608847,7.3,-1.605));
#18978=CARTESIAN_POINT('',(-2.150446608847,2.6,-1.605));
#18979=CARTESIAN_POINT('',(-4.47,2.6,-1.605));
#18980=CARTESIAN_POINT('',(-2.150446608847,7.3,-1.605));
#18981=CARTESIAN_POINT('',(0.950446608847,1.9,-1.605));
#18982=CARTESIAN_POINT('',(2.150446608847,1.9,-1.605));
#18983=CARTESIAN_POINT('',(-4.47,1.9,-1.605));
#18984=CARTESIAN_POINT('',(2.150446608847,2.6,-1.605));
#18985=CARTESIAN_POINT('',(2.150446608847,7.3,-1.605));
#18986=CARTESIAN_POINT('',(0.950446608847,2.6,-1.605));
#18987=CARTESIAN_POINT('',(-4.47,2.6,-1.605));
#18988=CARTESIAN_POINT('',(0.950446608847,7.3,-1.605));
#18989=CARTESIAN_POINT('Origin',(0.,7.3,0.));
#18990=CARTESIAN_POINT('Origin',(3.22,7.3,-0.355));
#18991=CARTESIAN_POINT('Origin',(-3.22,7.3,-0.355));
#18992=CARTESIAN_POINT('',(3.22,7.3,-1.455));
#18993=CARTESIAN_POINT('',(4.32,7.3,-0.355));
#18994=CARTESIAN_POINT('Origin',(3.22,7.3,-0.355));
#18995=CARTESIAN_POINT('',(4.32,7.3,0.355));
#18996=CARTESIAN_POINT('',(4.32,7.3,0.));
#18997=CARTESIAN_POINT('',(3.22,7.3,1.455));
#18998=CARTESIAN_POINT('Origin',(3.22,7.3,0.355));
#18999=CARTESIAN_POINT('',(-3.22,7.3,1.455));
#19000=CARTESIAN_POINT('',(4.899112301138E-17,7.3,1.455));
#19001=CARTESIAN_POINT('',(-4.32,7.3,0.355));
#19002=CARTESIAN_POINT('Origin',(-3.22,7.3,0.355));
#19003=CARTESIAN_POINT('',(-4.32,7.3,-0.355));
#19004=CARTESIAN_POINT('',(-4.32,7.3,0.));
#19005=CARTESIAN_POINT('',(-3.22,7.3,-1.455));
#19006=CARTESIAN_POINT('Origin',(-3.22,7.3,-0.355));
#19007=CARTESIAN_POINT('',(-4.899112301138E-17,7.3,-1.455));
#19008=CARTESIAN_POINT('Origin',(-3.22,7.3,-0.355));
#19009=CARTESIAN_POINT('Origin',(3.22,7.3,-0.355));
#19010=CARTESIAN_POINT('Origin',(3.22,7.3,0.355));
#19011=CARTESIAN_POINT('Origin',(3.22,3.45,0.355));
#19012=CARTESIAN_POINT('Origin',(3.22,1.35,0.355));
#19013=CARTESIAN_POINT('Origin',(4.17,0.,0.));
#19014=CARTESIAN_POINT('',(4.17,3.7,1.305));
#19015=CARTESIAN_POINT('',(4.17,3.7,0.125));
#19016=CARTESIAN_POINT('',(4.17,3.7,0.));
#19017=CARTESIAN_POINT('',(4.17,4.,1.605));
#19018=CARTESIAN_POINT('Origin',(4.17,4.,1.305));
#19019=CARTESIAN_POINT('',(4.17,4.3,1.905));
#19020=CARTESIAN_POINT('Origin',(4.17,4.,1.905));
#19021=CARTESIAN_POINT('',(4.17,4.3,2.295));
#19022=CARTESIAN_POINT('',(4.17,4.3,2.595));
#19023=CARTESIAN_POINT('',(4.17,4.6,2.595));
#19024=CARTESIAN_POINT('Origin',(4.17,4.6,2.295));
#19025=CARTESIAN_POINT('',(4.17,4.8,2.595));
#19026=CARTESIAN_POINT('',(4.17,0.,2.595));
#19027=CARTESIAN_POINT('',(4.17,5.1,2.295));
#19028=CARTESIAN_POINT('Origin',(4.17,4.8,2.295));
#19029=CARTESIAN_POINT('',(4.17,5.1,0.125));
#19030=CARTESIAN_POINT('',(4.17,5.1,0.));
#19031=CARTESIAN_POINT('',(4.17,5.35,0.125));
#19032=CARTESIAN_POINT('Origin',(4.17,5.225,0.125));
#19033=CARTESIAN_POINT('',(4.17,5.35,0.));
#19034=CARTESIAN_POINT('',(4.17,7.040192378865,-0.355));
#19035=CARTESIAN_POINT('',(4.17,7.040192378865,0.));
#19036=CARTESIAN_POINT('',(4.17,0.,-0.355));
#19037=CARTESIAN_POINT('',(4.17,0.3,2.595));
#19038=CARTESIAN_POINT('Origin',(4.17,0.3,2.295));
#19039=CARTESIAN_POINT('',(4.17,0.75,2.595));
#19040=CARTESIAN_POINT('',(4.17,0.,2.595));
#19041=CARTESIAN_POINT('',(4.17,1.05,2.295));
#19042=CARTESIAN_POINT('Origin',(4.17,0.75,2.295));
#19043=CARTESIAN_POINT('',(4.17,1.05,0.15));
#19044=CARTESIAN_POINT('',(4.17,1.05,8.773890413177E-17));
#19045=CARTESIAN_POINT('',(4.17,1.35,0.15));
#19046=CARTESIAN_POINT('Origin',(4.17,1.2,0.15));
#19047=CARTESIAN_POINT('',(4.17,1.35,0.355));
#19048=CARTESIAN_POINT('',(4.17,1.35,1.128071624551E-16));
#19049=CARTESIAN_POINT('',(4.17,3.45,0.355));
#19050=CARTESIAN_POINT('',(4.17,0.,0.355));
#19051=CARTESIAN_POINT('',(4.17,3.45,0.125));
#19052=CARTESIAN_POINT('',(4.17,3.45,0.));
#19053=CARTESIAN_POINT('Origin',(4.17,3.575,0.125));
#19054=CARTESIAN_POINT('Origin',(3.22,0.,0.355));
#19055=CARTESIAN_POINT('Origin',(3.22,1.35,0.355));
#19056=CARTESIAN_POINT('Origin',(3.22,3.45,0.355));
#19057=CARTESIAN_POINT('Origin',(-3.22,0.,-0.355));
#19058=CARTESIAN_POINT('',(-3.22,7.040192378865,-1.305));
#19059=CARTESIAN_POINT('',(-3.22,0.,-1.305));
#19060=CARTESIAN_POINT('Origin',(-3.22,7.040192378865,-0.355));
#19061=CARTESIAN_POINT('Origin',(-4.394049177309E-17,0.,-1.305));
#19062=CARTESIAN_POINT('',(3.22,7.040192378865,-1.305));
#19063=CARTESIAN_POINT('',(3.22,0.,-1.305));
#19064=CARTESIAN_POINT('',(-4.394049177309E-17,7.040192378865,-1.305));
#19065=CARTESIAN_POINT('',(-1.050446608847,2.,-1.305));
#19066=CARTESIAN_POINT('',(-2.050446608847,2.,-1.305));
#19067=CARTESIAN_POINT('',(-4.394049177309E-17,2.,-1.305));
#19068=CARTESIAN_POINT('',(-2.050446608847,2.5,-1.305));
#19069=CARTESIAN_POINT('',(-2.050446608847,0.,-1.305));
#19070=CARTESIAN_POINT('',(-1.050446608847,2.5,-1.305));
#19071=CARTESIAN_POINT('',(-4.394049177309E-17,2.5,-1.305));
#19072=CARTESIAN_POINT('',(-1.050446608847,0.,-1.305));
#19073=CARTESIAN_POINT('',(2.050446608847,2.,-1.305));
#19074=CARTESIAN_POINT('',(1.050446608847,2.,-1.305));
#19075=CARTESIAN_POINT('',(-4.394049177309E-17,2.,-1.305));
#19076=CARTESIAN_POINT('',(1.050446608847,2.5,-1.305));
#19077=CARTESIAN_POINT('',(1.050446608847,0.,-1.305));
#19078=CARTESIAN_POINT('',(2.050446608847,2.5,-1.305));
#19079=CARTESIAN_POINT('',(-4.394049177309E-17,2.5,-1.305));
#19080=CARTESIAN_POINT('',(2.050446608847,0.,-1.305));
#19081=CARTESIAN_POINT('Origin',(3.22,0.,-0.355));
#19082=CARTESIAN_POINT('Origin',(3.22,7.040192378865,-0.355));
#19083=CARTESIAN_POINT('Origin',(-4.17,7.040192378865,0.));
#19084=CARTESIAN_POINT('',(-4.32,7.3,-0.355));
#19085=CARTESIAN_POINT('',(-4.17,7.040192378865,0.355));
#19086=CARTESIAN_POINT('Origin',(-3.22,7.040192378865,0.355));
#19087=CARTESIAN_POINT('',(-3.22,7.040192378865,1.305));
#19088=CARTESIAN_POINT('Origin',(-3.22,7.040192378865,-0.355));
#19089=CARTESIAN_POINT('',(-3.22,7.3,-1.455));
#19090=CARTESIAN_POINT('Origin',(4.394049177309E-17,7.040192378865,1.305));
#19091=CARTESIAN_POINT('',(3.22,7.040192378865,1.305));
#19092=CARTESIAN_POINT('Origin',(-4.394049177309E-17,7.040192378865,-1.305));
#19093=CARTESIAN_POINT('',(3.22,7.3,-1.455));
#19094=CARTESIAN_POINT('Origin',(3.22,7.040192378865,0.355));
#19095=CARTESIAN_POINT('',(4.17,7.040192378865,0.355));
#19096=CARTESIAN_POINT('Origin',(3.22,7.040192378865,-0.355));
#19097=CARTESIAN_POINT('',(4.32,7.3,-0.355));
#19098=CARTESIAN_POINT('Origin',(4.17,7.040192378865,0.));
#19099=CARTESIAN_POINT('Origin',(1.97,1.35,1.128071624551E-16));
#19100=CARTESIAN_POINT('',(4.47,1.35,0.15));
#19101=CARTESIAN_POINT('',(1.97,1.35,1.128071624551E-16));
#19102=CARTESIAN_POINT('Origin',(1.97,0.,0.));
#19103=CARTESIAN_POINT('',(1.97,0.85,1.305));
#19104=CARTESIAN_POINT('Origin',(1.97,3.45,0.));
#19105=CARTESIAN_POINT('',(1.97,3.45,0.125));
#19106=CARTESIAN_POINT('',(1.97,3.45,0.));
#19107=CARTESIAN_POINT('Origin',(1.97,5.35,0.));
#19108=CARTESIAN_POINT('',(4.47,5.35,0.125));
#19109=CARTESIAN_POINT('',(1.97,5.35,0.));
#19110=CARTESIAN_POINT('Origin',(1.97,0.,0.));
#19111=CARTESIAN_POINT('Origin',(4.17,5.1,0.));
#19112=CARTESIAN_POINT('',(4.47,5.1,2.295));
#19113=CARTESIAN_POINT('',(4.17,5.1,0.125));
#19114=CARTESIAN_POINT('Origin',(4.17,3.7,0.));
#19115=CARTESIAN_POINT('',(4.17,3.7,1.305));
#19116=CARTESIAN_POINT('',(4.47,3.7,0.125));
#19117=CARTESIAN_POINT('Origin',(4.17,0.,2.595));
#19118=CARTESIAN_POINT('',(4.17,4.8,2.595));
#19119=CARTESIAN_POINT('',(4.47,4.6,2.595));
#19120=CARTESIAN_POINT('Origin',(4.17,0.,2.595));
#19121=CARTESIAN_POINT('',(4.17,0.75,2.595));
#19122=CARTESIAN_POINT('',(4.17,0.3,2.595));
#19123=CARTESIAN_POINT('Origin',(4.17,1.05,8.773890413177E-17));
#19124=CARTESIAN_POINT('',(4.17,1.05,2.295));
#19125=CARTESIAN_POINT('',(4.17,1.05,0.15));
#19126=CARTESIAN_POINT('Origin',(-4.471,4.3,2.595));
#19127=CARTESIAN_POINT('',(4.47,4.3,1.905));
#19128=CARTESIAN_POINT('',(4.17,4.3,2.295));
#19129=CARTESIAN_POINT('Origin',(1.97,1.2,0.15));
#19130=CARTESIAN_POINT('Origin',(1.97,5.225,0.125));
#19131=CARTESIAN_POINT('Origin',(1.97,3.575,0.125));
#19132=CARTESIAN_POINT('Origin',(-4.471,4.,1.905));
#19133=CARTESIAN_POINT('',(4.17,4.,1.605));
#19134=CARTESIAN_POINT('Origin',(-4.471,4.,1.305));
#19135=CARTESIAN_POINT('Origin',(4.17,4.8,2.295));
#19136=CARTESIAN_POINT('Origin',(4.17,4.6,2.295));
#19137=CARTESIAN_POINT('Origin',(4.17,0.75,2.295));
#19138=CARTESIAN_POINT('Origin',(4.17,0.3,2.295));
#19139=CARTESIAN_POINT('Origin',(-1.97,0.,0.));
#19140=CARTESIAN_POINT('',(-1.97,0.85,1.305));
#19141=CARTESIAN_POINT('',(-1.97,1.35,1.128071624551E-16));
#19142=CARTESIAN_POINT('Origin',(-1.97,1.35,1.128071624551E-16));
#19143=CARTESIAN_POINT('',(-4.17,1.35,0.15));
#19144=CARTESIAN_POINT('Origin',(-1.97,0.,0.));
#19145=CARTESIAN_POINT('',(-1.97,5.35,0.));
#19146=CARTESIAN_POINT('',(-1.97,3.45,0.));
#19147=CARTESIAN_POINT('Origin',(-1.97,3.45,0.));
#19148=CARTESIAN_POINT('',(-1.97,3.45,0.125));
#19149=CARTESIAN_POINT('Origin',(-1.97,5.35,0.));
#19150=CARTESIAN_POINT('',(-4.17,5.35,0.125));
#19151=CARTESIAN_POINT('Origin',(-4.17,5.1,0.));
#19152=CARTESIAN_POINT('',(-4.17,5.1,2.295));
#19153=CARTESIAN_POINT('',(-4.17,5.1,0.125));
#19154=CARTESIAN_POINT('Origin',(-4.17,1.05,8.773890413177E-17));
#19155=CARTESIAN_POINT('',(-4.17,1.05,2.295));
#19156=CARTESIAN_POINT('',(-4.17,1.05,0.15));
#19157=CARTESIAN_POINT('Origin',(-4.17,0.,2.595));
#19158=CARTESIAN_POINT('',(-4.17,0.75,2.595));
#19159=CARTESIAN_POINT('',(-4.17,0.3,2.595));
#19160=CARTESIAN_POINT('Origin',(4.471,4.3,2.595));
#19161=CARTESIAN_POINT('',(-4.17,4.3,1.905));
#19162=CARTESIAN_POINT('',(-4.47,4.3,2.295));
#19163=CARTESIAN_POINT('Origin',(-4.17,1.2,0.15));
#19164=CARTESIAN_POINT('Origin',(-4.17,5.225,0.125));
#19165=CARTESIAN_POINT('Origin',(-1.97,3.575,0.125));
#19166=CARTESIAN_POINT('Origin',(4.471,4.,1.905));
#19167=CARTESIAN_POINT('',(-4.47,4.,1.605));
#19168=CARTESIAN_POINT('Origin',(-4.17,4.,1.305));
#19169=CARTESIAN_POINT('Origin',(-4.17,4.8,2.295));
#19170=CARTESIAN_POINT('Origin',(4.471,4.6,2.295));
#19171=CARTESIAN_POINT('Origin',(-4.17,0.75,2.295));
#19172=CARTESIAN_POINT('Origin',(0.,0.3,2.295));
#19173=CARTESIAN_POINT('Origin',(1.97,0.85,1.305));
#19174=CARTESIAN_POINT('Origin',(1.050446608847,2.5,2.595));
#19175=CARTESIAN_POINT('',(1.050446608847,2.5,-1.505));
#19176=CARTESIAN_POINT('',(1.050446608847,2.5,2.595));
#19177=CARTESIAN_POINT('',(2.050446608847,2.5,-1.505));
#19178=CARTESIAN_POINT('',(1.050446608847,2.5,-1.505));
#19179=CARTESIAN_POINT('',(2.050446608847,2.5,2.595));
#19180=CARTESIAN_POINT('Origin',(2.050446608847,2.,2.595));
#19181=CARTESIAN_POINT('',(2.050446608847,2.,-1.505));
#19182=CARTESIAN_POINT('',(2.050446608847,2.,-1.505));
#19183=CARTESIAN_POINT('',(2.050446608847,2.,2.595));
#19184=CARTESIAN_POINT('Origin',(1.050446608847,2.,2.595));
#19185=CARTESIAN_POINT('',(1.050446608847,2.,-1.505));
#19186=CARTESIAN_POINT('',(1.050446608847,2.,-1.505));
#19187=CARTESIAN_POINT('',(1.050446608847,2.,2.595));
#19188=CARTESIAN_POINT('Origin',(1.050446608847,2.,2.595));
#19189=CARTESIAN_POINT('',(1.050446608847,2.,-1.505));
#19190=CARTESIAN_POINT('Origin',(-1.050446608847,2.5,2.595));
#19191=CARTESIAN_POINT('',(-2.050446608847,2.5,-1.505));
#19192=CARTESIAN_POINT('',(-2.050446608847,2.5,2.595));
#19193=CARTESIAN_POINT('',(-1.050446608847,2.5,-1.505));
#19194=CARTESIAN_POINT('',(-1.050446608847,2.5,-1.505));
#19195=CARTESIAN_POINT('',(-1.050446608847,2.5,2.595));
#19196=CARTESIAN_POINT('Origin',(-1.050446608847,2.,2.595));
#19197=CARTESIAN_POINT('',(-1.050446608847,2.,-1.505));
#19198=CARTESIAN_POINT('',(-1.050446608847,2.,-1.505));
#19199=CARTESIAN_POINT('',(-1.050446608847,2.,2.595));
#19200=CARTESIAN_POINT('Origin',(-1.050446608847,2.,2.595));
#19201=CARTESIAN_POINT('',(-2.050446608847,2.,-1.505));
#19202=CARTESIAN_POINT('',(-1.050446608847,2.,-1.505));
#19203=CARTESIAN_POINT('',(-2.050446608847,2.,2.595));
#19204=CARTESIAN_POINT('Origin',(-2.050446608847,2.,2.595));
#19205=CARTESIAN_POINT('',(-2.050446608847,2.,-1.505));
#19206=CARTESIAN_POINT('Origin',(1.050446608847,2.,2.595));
#19207=CARTESIAN_POINT('',(1.050446608847,2.5,1.505));
#19208=CARTESIAN_POINT('',(1.050446608847,2.5,2.595));
#19209=CARTESIAN_POINT('',(1.050446608847,2.,1.505));
#19210=CARTESIAN_POINT('',(1.050446608847,2.,1.505));
#19211=CARTESIAN_POINT('',(1.050446608847,2.,2.595));
#19212=CARTESIAN_POINT('Origin',(1.050446608847,2.,2.595));
#19213=CARTESIAN_POINT('',(2.050446608847,2.,1.505));
#19214=CARTESIAN_POINT('',(1.050446608847,2.,1.505));
#19215=CARTESIAN_POINT('',(2.050446608847,2.,2.595));
#19216=CARTESIAN_POINT('Origin',(2.050446608847,2.,2.595));
#19217=CARTESIAN_POINT('',(2.050446608847,2.5,1.505));
#19218=CARTESIAN_POINT('',(2.050446608847,2.,1.505));
#19219=CARTESIAN_POINT('',(2.050446608847,2.5,2.595));
#19220=CARTESIAN_POINT('Origin',(1.050446608847,2.5,2.595));
#19221=CARTESIAN_POINT('',(1.050446608847,2.5,1.505));
#19222=CARTESIAN_POINT('Origin',(-2.050446608847,2.,2.595));
#19223=CARTESIAN_POINT('',(-2.050446608847,2.5,1.505));
#19224=CARTESIAN_POINT('',(-2.050446608847,2.5,2.595));
#19225=CARTESIAN_POINT('',(-2.050446608847,2.,1.505));
#19226=CARTESIAN_POINT('',(-2.050446608847,2.,1.505));
#19227=CARTESIAN_POINT('',(-2.050446608847,2.,2.595));
#19228=CARTESIAN_POINT('Origin',(-1.050446608847,2.,2.595));
#19229=CARTESIAN_POINT('',(-1.050446608847,2.,1.505));
#19230=CARTESIAN_POINT('',(-1.050446608847,2.,1.505));
#19231=CARTESIAN_POINT('',(-1.050446608847,2.,2.595));
#19232=CARTESIAN_POINT('Origin',(-1.050446608847,2.,2.595));
#19233=CARTESIAN_POINT('',(-1.050446608847,2.5,1.505));
#19234=CARTESIAN_POINT('',(-1.050446608847,2.,1.505));
#19235=CARTESIAN_POINT('',(-1.050446608847,2.5,2.595));
#19236=CARTESIAN_POINT('Origin',(-1.050446608847,2.5,2.595));
#19237=CARTESIAN_POINT('',(-1.050446608847,2.5,1.505));
#19238=CARTESIAN_POINT('Origin',(-4.47,2.6,1.605));
#19239=CARTESIAN_POINT('',(-0.856368927436,4.406815536282,3.411815536282));
#19240=CARTESIAN_POINT('',(3.717113275513,4.166666666667,3.171666666667));
#19241=CARTESIAN_POINT('Origin',(2.150446608847,7.3,1.605));
#19242=CARTESIAN_POINT('',(-0.05636892743561,4.106815536282,-0.601815536282));
#19243=CARTESIAN_POINT('Origin',(0.950446608847,7.3,1.605));
#19244=CARTESIAN_POINT('',(-0.856368927436,0.09318446371785,3.411815536282));
#19245=CARTESIAN_POINT('Origin',(-4.47,1.9,1.605));
#19246=CARTESIAN_POINT('Origin',(-2.150446608847,7.3,1.605));
#19247=CARTESIAN_POINT('',(-2.923631072564,1.126815536282,2.378184463718));
#19248=CARTESIAN_POINT('',(-2.923631072564,3.373184463718,2.378184463718));
#19249=CARTESIAN_POINT('Origin',(-4.47,2.6,1.605));
#19250=CARTESIAN_POINT('',(0.61622005782,4.166666666667,3.171666666667));
#19251=CARTESIAN_POINT('Origin',(-4.47,1.9,1.605));
#19252=CARTESIAN_POINT('',(-2.750446608847,3.7,-0.195));
#19253=CARTESIAN_POINT('Origin',(-0.950446608847,7.3,1.605));
#19254=CARTESIAN_POINT('Origin',(-2.050446608847,2.,-1.505));
#19255=CARTESIAN_POINT('',(-2.050446608847,2.,-1.505));
#19256=CARTESIAN_POINT('',(-1.717113275513,2.166666666667,-1.171666666667));
#19257=CARTESIAN_POINT('Origin',(-1.050446608847,2.5,-1.505));
#19258=CARTESIAN_POINT('',(-1.217113275513,2.333333333333,-1.338333333333));
#19259=CARTESIAN_POINT('Origin',(-1.050446608847,2.,-1.505));
#19260=CARTESIAN_POINT('',(-1.050446608847,2.,-1.505));
#19261=CARTESIAN_POINT('Origin',(-1.050446608847,2.,-1.505));
#19262=CARTESIAN_POINT('Origin',(1.050446608847,2.,-1.505));
#19263=CARTESIAN_POINT('',(1.050446608847,2.,-1.505));
#19264=CARTESIAN_POINT('',(1.050446608847,2.5,-1.505));
#19265=CARTESIAN_POINT('Origin',(1.050446608847,2.5,-1.505));
#19266=CARTESIAN_POINT('',(1.88377994218,2.333333333333,-1.338333333333));
#19267=CARTESIAN_POINT('Origin',(1.050446608847,2.,-1.505));
#19268=CARTESIAN_POINT('',(2.050446608847,2.,-1.505));
#19269=CARTESIAN_POINT('Origin',(2.050446608847,2.,-1.505));
#19270=CARTESIAN_POINT('',(0.,0.,0.));
#19271=CARTESIAN_POINT('Origin',(-2.25,-1.25,0.756273516183));
#19272=CARTESIAN_POINT('',(-2.25,-1.25,1.1));
#19273=CARTESIAN_POINT('',(-2.58714781981,-1.25,0.823200665191));
#19274=CARTESIAN_POINT('Origin',(-2.25,-1.25,0.756273516183));
#19275=CARTESIAN_POINT('',(-2.58714781981,-1.95,0.823200665191));
#19276=CARTESIAN_POINT('',(-2.58714781981,-1.25,0.823200665191));
#19277=CARTESIAN_POINT('',(-2.25,-1.95,1.1));
#19278=CARTESIAN_POINT('Origin',(-2.25,-1.95,0.756273516183));
#19279=CARTESIAN_POINT('',(-2.25,-1.25,1.1));
#19280=CARTESIAN_POINT('Origin',(-2.58714781981,-1.25,0.823200665191));
#19281=CARTESIAN_POINT('',(-2.645889,-1.25,0.368878));
#19282=CARTESIAN_POINT('',(-2.58714781981,-1.25,0.823200665191));
#19283=CARTESIAN_POINT('',(-2.645889,-1.95,0.368878));
#19284=CARTESIAN_POINT('',(-2.645889,-1.25,0.368878));
#19285=CARTESIAN_POINT('',(-2.58714781981,-1.95,0.823200665191));
#19286=CARTESIAN_POINT('Origin',(-2.724797138009,-1.25,0.37908034628));
#19287=CARTESIAN_POINT('',(-2.733565316038,-1.25,0.3));
#19288=CARTESIAN_POINT('Origin',(-2.724797138009,-1.25,0.37908034628));
#19289=CARTESIAN_POINT('',(-2.733565316038,-1.95,0.3));
#19290=CARTESIAN_POINT('',(-2.733565316038,-1.25,0.3));
#19291=CARTESIAN_POINT('Origin',(-2.724797138009,-1.95,0.37908034628));
#19292=CARTESIAN_POINT('Origin',(-2.733565316038,-1.25,0.3));
#19293=CARTESIAN_POINT('',(-3.25,-1.25,0.3));
#19294=CARTESIAN_POINT('',(-2.733565316038,-1.25,0.3));
#19295=CARTESIAN_POINT('',(-3.25,-1.95,0.3));
#19296=CARTESIAN_POINT('',(-3.25,-1.25,0.3));
#19297=CARTESIAN_POINT('',(-2.733565316038,-1.95,0.3));
#19298=CARTESIAN_POINT('Origin',(-3.25,-1.25,0.));
#19299=CARTESIAN_POINT('',(-3.25,-1.25,0.));
#19300=CARTESIAN_POINT('',(-3.25,-1.95,0.));
#19301=CARTESIAN_POINT('',(-3.25,-1.25,0.));
#19302=CARTESIAN_POINT('',(-3.25,-1.95,-1.110223024625E-16));
#19303=CARTESIAN_POINT('',(-3.25,-1.25,0.));
#19304=CARTESIAN_POINT('Origin',(-2.772049,-1.25,0.));
#19305=CARTESIAN_POINT('',(-2.772049,-1.25,0.));
#19306=CARTESIAN_POINT('',(-2.772049,-1.95,0.));
#19307=CARTESIAN_POINT('',(-2.772049,-1.25,0.));
#19308=CARTESIAN_POINT('',(-2.772049,-1.95,-1.110223024625E-16));
#19309=CARTESIAN_POINT('',(-2.772049,-1.25,0.));
#19310=CARTESIAN_POINT('Origin',(-2.749780246866,-1.25,0.));
#19311=CARTESIAN_POINT('',(-2.749780246866,-1.25,0.));
#19312=CARTESIAN_POINT('',(-2.749780246866,-1.95,0.));
#19313=CARTESIAN_POINT('',(-2.749780246866,-1.25,0.));
#19314=CARTESIAN_POINT('',(-2.749780246866,-1.95,-1.110223024625E-16));
#19315=CARTESIAN_POINT('',(-2.749780246866,-1.25,0.));
#19316=CARTESIAN_POINT('Origin',(-2.749780246866,-1.25,0.406991536515));
#19317=CARTESIAN_POINT('',(-2.346261117096,-1.25,0.353940403596));
#19318=CARTESIAN_POINT('Origin',(-2.749780246866,-1.25,0.406991536515));
#19319=CARTESIAN_POINT('',(-2.346261117096,-1.95,0.353940403596));
#19320=CARTESIAN_POINT('',(-2.346261117096,-1.25,0.353940403596));
#19321=CARTESIAN_POINT('Origin',(-2.749780246866,-1.95,0.406991536515));
#19322=CARTESIAN_POINT('Origin',(-2.289624352222,-1.25,0.784732675458));
#19323=CARTESIAN_POINT('',(-2.289624352222,-1.25,0.784732675458));
#19324=CARTESIAN_POINT('',(-2.289624352222,-1.95,0.784732675458));
#19325=CARTESIAN_POINT('',(-2.289624352222,-1.25,0.784732675458));
#19326=CARTESIAN_POINT('',(-2.289624352222,-1.95,0.784732675458));
#19327=CARTESIAN_POINT('',(-2.289624352222,-1.25,0.784732675458));
#19328=CARTESIAN_POINT('Origin',(-2.25,-1.25,0.740946415245));
#19329=CARTESIAN_POINT('',(-2.25,-1.25,0.8));
#19330=CARTESIAN_POINT('Origin',(-2.25,-1.25,0.740946415245));
#19331=CARTESIAN_POINT('',(-2.25,-1.95,0.8));
#19332=CARTESIAN_POINT('',(-2.25,-1.25,0.8));
#19333=CARTESIAN_POINT('Origin',(-2.25,-1.95,0.740946415245));
#19334=CARTESIAN_POINT('Origin',(-2.25,-1.25,1.1));
#19335=CARTESIAN_POINT('',(-2.25,-1.95,1.1));
#19336=CARTESIAN_POINT('',(-2.25,-1.25,1.1));
#19337=CARTESIAN_POINT('Origin',(-2.666810270767,-1.25,0.435914973428));
#19338=CARTESIAN_POINT('Origin',(-2.666810270767,-1.95,0.435914973428));
#19339=CARTESIAN_POINT('Origin',(-2.25,1.95,0.756273516183));
#19340=CARTESIAN_POINT('',(-2.25,1.95,1.1));
#19341=CARTESIAN_POINT('',(-2.58714781981,1.95,0.823200665191));
#19342=CARTESIAN_POINT('Origin',(-2.25,1.95,0.756273516183));
#19343=CARTESIAN_POINT('',(-2.58714781981,1.25,0.823200665191));
#19344=CARTESIAN_POINT('',(-2.58714781981,1.95,0.823200665191));
#19345=CARTESIAN_POINT('',(-2.25,1.25,1.1));
#19346=CARTESIAN_POINT('Origin',(-2.25,1.25,0.756273516183));
#19347=CARTESIAN_POINT('',(-2.25,1.95,1.1));
#19348=CARTESIAN_POINT('Origin',(-2.58714781981,1.95,0.823200665191));
#19349=CARTESIAN_POINT('',(-2.645889,1.95,0.368878));
#19350=CARTESIAN_POINT('',(-2.58714781981,1.95,0.823200665191));
#19351=CARTESIAN_POINT('',(-2.645889,1.25,0.368878));
#19352=CARTESIAN_POINT('',(-2.645889,1.95,0.368878));
#19353=CARTESIAN_POINT('',(-2.58714781981,1.25,0.823200665191));
#19354=CARTESIAN_POINT('Origin',(-2.724797138009,1.95,0.37908034628));
#19355=CARTESIAN_POINT('',(-2.733565316038,1.95,0.3));
#19356=CARTESIAN_POINT('Origin',(-2.724797138009,1.95,0.37908034628));
#19357=CARTESIAN_POINT('',(-2.733565316038,1.25,0.3));
#19358=CARTESIAN_POINT('',(-2.733565316038,1.95,0.3));
#19359=CARTESIAN_POINT('Origin',(-2.724797138009,1.25,0.37908034628));
#19360=CARTESIAN_POINT('Origin',(-2.733565316038,1.95,0.3));
#19361=CARTESIAN_POINT('',(-3.25,1.95,0.3));
#19362=CARTESIAN_POINT('',(-2.733565316038,1.95,0.3));
#19363=CARTESIAN_POINT('',(-3.25,1.25,0.3));
#19364=CARTESIAN_POINT('',(-3.25,1.95,0.3));
#19365=CARTESIAN_POINT('',(-2.733565316038,1.25,0.3));
#19366=CARTESIAN_POINT('Origin',(-3.25,1.95,0.));
#19367=CARTESIAN_POINT('',(-3.25,1.95,0.));
#19368=CARTESIAN_POINT('',(-3.25,1.25,0.));
#19369=CARTESIAN_POINT('',(-3.25,1.95,0.));
#19370=CARTESIAN_POINT('',(-3.25,1.25,-1.110223024625E-16));
#19371=CARTESIAN_POINT('',(-3.25,1.95,0.));
#19372=CARTESIAN_POINT('Origin',(-2.772049,1.95,0.));
#19373=CARTESIAN_POINT('',(-2.772049,1.95,0.));
#19374=CARTESIAN_POINT('',(-2.772049,1.25,0.));
#19375=CARTESIAN_POINT('',(-2.772049,1.95,0.));
#19376=CARTESIAN_POINT('',(-2.772049,1.25,-1.110223024625E-16));
#19377=CARTESIAN_POINT('',(-2.772049,1.95,0.));
#19378=CARTESIAN_POINT('Origin',(-2.749780246866,1.95,0.));
#19379=CARTESIAN_POINT('',(-2.749780246866,1.95,0.));
#19380=CARTESIAN_POINT('',(-2.749780246866,1.25,0.));
#19381=CARTESIAN_POINT('',(-2.749780246866,1.95,0.));
#19382=CARTESIAN_POINT('',(-2.749780246866,1.25,-1.110223024625E-16));
#19383=CARTESIAN_POINT('',(-2.749780246866,1.95,0.));
#19384=CARTESIAN_POINT('Origin',(-2.749780246866,1.95,0.406991536515));
#19385=CARTESIAN_POINT('',(-2.346261117096,1.95,0.353940403596));
#19386=CARTESIAN_POINT('Origin',(-2.749780246866,1.95,0.406991536515));
#19387=CARTESIAN_POINT('',(-2.346261117096,1.25,0.353940403596));
#19388=CARTESIAN_POINT('',(-2.346261117096,1.95,0.353940403596));
#19389=CARTESIAN_POINT('Origin',(-2.749780246866,1.25,0.406991536515));
#19390=CARTESIAN_POINT('Origin',(-2.289624352222,1.95,0.784732675458));
#19391=CARTESIAN_POINT('',(-2.289624352222,1.95,0.784732675458));
#19392=CARTESIAN_POINT('',(-2.289624352222,1.25,0.784732675458));
#19393=CARTESIAN_POINT('',(-2.289624352222,1.95,0.784732675458));
#19394=CARTESIAN_POINT('',(-2.289624352222,1.25,0.784732675458));
#19395=CARTESIAN_POINT('',(-2.289624352222,1.95,0.784732675458));
#19396=CARTESIAN_POINT('Origin',(-2.25,1.95,0.740946415245));
#19397=CARTESIAN_POINT('',(-2.25,1.95,0.8));
#19398=CARTESIAN_POINT('Origin',(-2.25,1.95,0.740946415245));
#19399=CARTESIAN_POINT('',(-2.25,1.25,0.8));
#19400=CARTESIAN_POINT('',(-2.25,1.95,0.8));
#19401=CARTESIAN_POINT('Origin',(-2.25,1.25,0.740946415245));
#19402=CARTESIAN_POINT('Origin',(-2.25,1.95,1.1));
#19403=CARTESIAN_POINT('',(-2.25,1.25,1.1));
#19404=CARTESIAN_POINT('',(-2.25,1.95,1.1));
#19405=CARTESIAN_POINT('Origin',(-2.666810270767,1.95,0.435914973428));
#19406=CARTESIAN_POINT('Origin',(-2.666810270767,1.25,0.435914973428));
#19407=CARTESIAN_POINT('Origin',(2.25,-1.95,0.756273516183));
#19408=CARTESIAN_POINT('',(2.25,-1.95,1.1));
#19409=CARTESIAN_POINT('',(2.58714781981,-1.95,0.823200665191));
#19410=CARTESIAN_POINT('Origin',(2.25,-1.95,0.756273516183));
#19411=CARTESIAN_POINT('',(2.58714781981,-1.25,0.823200665191));
#19412=CARTESIAN_POINT('',(2.58714781981,-1.95,0.823200665191));
#19413=CARTESIAN_POINT('',(2.25,-1.25,1.1));
#19414=CARTESIAN_POINT('Origin',(2.25,-1.25,0.756273516183));
#19415=CARTESIAN_POINT('',(2.25,-1.95,1.1));
#19416=CARTESIAN_POINT('Origin',(2.58714781981,-1.95,0.823200665191));
#19417=CARTESIAN_POINT('',(2.645889,-1.95,0.368878));
#19418=CARTESIAN_POINT('',(2.58714781981,-1.95,0.823200665191));
#19419=CARTESIAN_POINT('',(2.645889,-1.25,0.368878));
#19420=CARTESIAN_POINT('',(2.645889,-1.95,0.368878));
#19421=CARTESIAN_POINT('',(2.58714781981,-1.25,0.823200665191));
#19422=CARTESIAN_POINT('Origin',(2.724797138009,-1.95,0.37908034628));
#19423=CARTESIAN_POINT('',(2.733565316038,-1.95,0.3));
#19424=CARTESIAN_POINT('Origin',(2.724797138009,-1.95,0.37908034628));
#19425=CARTESIAN_POINT('',(2.733565316038,-1.25,0.3));
#19426=CARTESIAN_POINT('',(2.733565316038,-1.95,0.3));
#19427=CARTESIAN_POINT('Origin',(2.724797138009,-1.25,0.37908034628));
#19428=CARTESIAN_POINT('Origin',(2.733565316038,-1.95,0.3));
#19429=CARTESIAN_POINT('',(3.25,-1.95,0.3));
#19430=CARTESIAN_POINT('',(2.733565316038,-1.95,0.3));
#19431=CARTESIAN_POINT('',(3.25,-1.25,0.3));
#19432=CARTESIAN_POINT('',(3.25,-1.95,0.3));
#19433=CARTESIAN_POINT('',(2.733565316038,-1.25,0.3));
#19434=CARTESIAN_POINT('Origin',(3.25,-1.95,0.));
#19435=CARTESIAN_POINT('',(3.25,-1.95,0.));
#19436=CARTESIAN_POINT('',(3.25,-1.25,0.));
#19437=CARTESIAN_POINT('',(3.25,-1.95,0.));
#19438=CARTESIAN_POINT('',(3.25,-1.25,-1.110223024625E-16));
#19439=CARTESIAN_POINT('',(3.25,-1.95,0.));
#19440=CARTESIAN_POINT('Origin',(2.772049,-1.95,0.));
#19441=CARTESIAN_POINT('',(2.772049,-1.95,0.));
#19442=CARTESIAN_POINT('',(2.772049,-1.25,0.));
#19443=CARTESIAN_POINT('',(2.772049,-1.95,0.));
#19444=CARTESIAN_POINT('',(2.772049,-1.25,-1.110223024625E-16));
#19445=CARTESIAN_POINT('',(2.772049,-1.95,0.));
#19446=CARTESIAN_POINT('Origin',(2.749780246866,-1.95,0.));
#19447=CARTESIAN_POINT('',(2.749780246866,-1.95,0.));
#19448=CARTESIAN_POINT('',(2.749780246866,-1.25,0.));
#19449=CARTESIAN_POINT('',(2.749780246866,-1.95,0.));
#19450=CARTESIAN_POINT('',(2.749780246866,-1.25,-1.110223024625E-16));
#19451=CARTESIAN_POINT('',(2.749780246866,-1.95,0.));
#19452=CARTESIAN_POINT('Origin',(2.749780246866,-1.95,0.406991536515));
#19453=CARTESIAN_POINT('',(2.346261117096,-1.95,0.353940403596));
#19454=CARTESIAN_POINT('Origin',(2.749780246866,-1.95,0.406991536515));
#19455=CARTESIAN_POINT('',(2.346261117096,-1.25,0.353940403596));
#19456=CARTESIAN_POINT('',(2.346261117096,-1.95,0.353940403596));
#19457=CARTESIAN_POINT('Origin',(2.749780246866,-1.25,0.406991536515));
#19458=CARTESIAN_POINT('Origin',(2.289624352222,-1.95,0.784732675458));
#19459=CARTESIAN_POINT('',(2.289624352222,-1.95,0.784732675458));
#19460=CARTESIAN_POINT('',(2.289624352222,-1.25,0.784732675458));
#19461=CARTESIAN_POINT('',(2.289624352222,-1.95,0.784732675458));
#19462=CARTESIAN_POINT('',(2.289624352222,-1.25,0.784732675458));
#19463=CARTESIAN_POINT('',(2.289624352222,-1.95,0.784732675458));
#19464=CARTESIAN_POINT('Origin',(2.25,-1.95,0.740946415245));
#19465=CARTESIAN_POINT('',(2.25,-1.95,0.8));
#19466=CARTESIAN_POINT('Origin',(2.25,-1.95,0.740946415245));
#19467=CARTESIAN_POINT('',(2.25,-1.25,0.8));
#19468=CARTESIAN_POINT('',(2.25,-1.95,0.8));
#19469=CARTESIAN_POINT('Origin',(2.25,-1.25,0.740946415245));
#19470=CARTESIAN_POINT('Origin',(2.25,-1.95,1.1));
#19471=CARTESIAN_POINT('',(2.25,-1.25,1.1));
#19472=CARTESIAN_POINT('',(2.25,-1.95,1.1));
#19473=CARTESIAN_POINT('Origin',(2.666810270767,-1.95,0.435914973428));
#19474=CARTESIAN_POINT('Origin',(2.666810270767,-1.25,0.435914973428));
#19475=CARTESIAN_POINT('Origin',(2.25,1.25,0.756273516183));
#19476=CARTESIAN_POINT('',(2.25,1.25,1.1));
#19477=CARTESIAN_POINT('',(2.58714781981,1.25,0.823200665191));
#19478=CARTESIAN_POINT('Origin',(2.25,1.25,0.756273516183));
#19479=CARTESIAN_POINT('',(2.58714781981,1.95,0.823200665191));
#19480=CARTESIAN_POINT('',(2.58714781981,1.25,0.823200665191));
#19481=CARTESIAN_POINT('',(2.25,1.95,1.1));
#19482=CARTESIAN_POINT('Origin',(2.25,1.95,0.756273516183));
#19483=CARTESIAN_POINT('',(2.25,1.25,1.1));
#19484=CARTESIAN_POINT('Origin',(2.58714781981,1.25,0.823200665191));
#19485=CARTESIAN_POINT('',(2.645889,1.25,0.368878));
#19486=CARTESIAN_POINT('',(2.58714781981,1.25,0.823200665191));
#19487=CARTESIAN_POINT('',(2.645889,1.95,0.368878));
#19488=CARTESIAN_POINT('',(2.645889,1.25,0.368878));
#19489=CARTESIAN_POINT('',(2.58714781981,1.95,0.823200665191));
#19490=CARTESIAN_POINT('Origin',(2.724797138009,1.25,0.37908034628));
#19491=CARTESIAN_POINT('',(2.733565316038,1.25,0.3));
#19492=CARTESIAN_POINT('Origin',(2.724797138009,1.25,0.37908034628));
#19493=CARTESIAN_POINT('',(2.733565316038,1.95,0.3));
#19494=CARTESIAN_POINT('',(2.733565316038,1.25,0.3));
#19495=CARTESIAN_POINT('Origin',(2.724797138009,1.95,0.37908034628));
#19496=CARTESIAN_POINT('Origin',(2.733565316038,1.25,0.3));
#19497=CARTESIAN_POINT('',(3.25,1.25,0.3));
#19498=CARTESIAN_POINT('',(2.733565316038,1.25,0.3));
#19499=CARTESIAN_POINT('',(3.25,1.95,0.3));
#19500=CARTESIAN_POINT('',(3.25,1.25,0.3));
#19501=CARTESIAN_POINT('',(2.733565316038,1.95,0.3));
#19502=CARTESIAN_POINT('Origin',(3.25,1.25,0.));
#19503=CARTESIAN_POINT('',(3.25,1.25,0.));
#19504=CARTESIAN_POINT('',(3.25,1.95,0.));
#19505=CARTESIAN_POINT('',(3.25,1.25,0.));
#19506=CARTESIAN_POINT('',(3.25,1.95,-1.110223024625E-16));
#19507=CARTESIAN_POINT('',(3.25,1.25,0.));
#19508=CARTESIAN_POINT('Origin',(2.772049,1.25,0.));
#19509=CARTESIAN_POINT('',(2.772049,1.25,0.));
#19510=CARTESIAN_POINT('',(2.772049,1.95,0.));
#19511=CARTESIAN_POINT('',(2.772049,1.25,0.));
#19512=CARTESIAN_POINT('',(2.772049,1.95,-1.110223024625E-16));
#19513=CARTESIAN_POINT('',(2.772049,1.25,0.));
#19514=CARTESIAN_POINT('Origin',(2.749780246866,1.25,0.));
#19515=CARTESIAN_POINT('',(2.749780246866,1.25,0.));
#19516=CARTESIAN_POINT('',(2.749780246866,1.95,0.));
#19517=CARTESIAN_POINT('',(2.749780246866,1.25,0.));
#19518=CARTESIAN_POINT('',(2.749780246866,1.95,-1.110223024625E-16));
#19519=CARTESIAN_POINT('',(2.749780246866,1.25,0.));
#19520=CARTESIAN_POINT('Origin',(2.749780246866,1.25,0.406991536515));
#19521=CARTESIAN_POINT('',(2.346261117096,1.25,0.353940403596));
#19522=CARTESIAN_POINT('Origin',(2.749780246866,1.25,0.406991536515));
#19523=CARTESIAN_POINT('',(2.346261117096,1.95,0.353940403596));
#19524=CARTESIAN_POINT('',(2.346261117096,1.25,0.353940403596));
#19525=CARTESIAN_POINT('Origin',(2.749780246866,1.95,0.406991536515));
#19526=CARTESIAN_POINT('Origin',(2.289624352222,1.25,0.784732675458));
#19527=CARTESIAN_POINT('',(2.289624352222,1.25,0.784732675458));
#19528=CARTESIAN_POINT('',(2.289624352222,1.95,0.784732675458));
#19529=CARTESIAN_POINT('',(2.289624352222,1.25,0.784732675458));
#19530=CARTESIAN_POINT('',(2.289624352222,1.95,0.784732675458));
#19531=CARTESIAN_POINT('',(2.289624352222,1.25,0.784732675458));
#19532=CARTESIAN_POINT('Origin',(2.25,1.25,0.740946415245));
#19533=CARTESIAN_POINT('',(2.25,1.25,0.8));
#19534=CARTESIAN_POINT('Origin',(2.25,1.25,0.740946415245));
#19535=CARTESIAN_POINT('',(2.25,1.95,0.8));
#19536=CARTESIAN_POINT('',(2.25,1.25,0.8));
#19537=CARTESIAN_POINT('Origin',(2.25,1.95,0.740946415245));
#19538=CARTESIAN_POINT('Origin',(2.25,1.25,1.1));
#19539=CARTESIAN_POINT('',(2.25,1.95,1.1));
#19540=CARTESIAN_POINT('',(2.25,1.25,1.1));
#19541=CARTESIAN_POINT('Origin',(2.666810270767,1.25,0.435914973428));
#19542=CARTESIAN_POINT('Origin',(2.666810270767,1.95,0.435914973428));
#19543=CARTESIAN_POINT('Origin',(-1.59099025767,-1.59099025767,2.9));
#19544=CARTESIAN_POINT('',(-1.89099025767,-1.59099025767,2.9));
#19545=CARTESIAN_POINT('Origin',(-1.59099025767,-1.59099025767,2.9));
#19546=CARTESIAN_POINT('',(-1.89099025767,-1.59099025767,2.95));
#19547=CARTESIAN_POINT('',(-1.89099025767,-1.59099025767,2.9));
#19548=CARTESIAN_POINT('',(-1.29099025767,-1.59099025767,2.95));
#19549=CARTESIAN_POINT('Origin',(-1.59099025767,-1.59099025767,2.95));
#19550=CARTESIAN_POINT('Origin',(-1.59099025767,-1.59099025767,2.95));
#19551=CARTESIAN_POINT('Ctrl Pts',(-1.29099025767,-1.59099025767,2.95));
#19552=CARTESIAN_POINT('Ctrl Pts',(-1.29099025767,-1.89099025767,2.95));
#19553=CARTESIAN_POINT('Ctrl Pts',(-1.59099025767,-1.89099025767,2.95));
#19554=CARTESIAN_POINT('Ctrl Pts',(-1.89099025767,-1.89099025767,2.95));
#19555=CARTESIAN_POINT('Ctrl Pts',(-1.89099025767,-1.59099025767,2.95));
#19556=CARTESIAN_POINT('Ctrl Pts',(-1.89099025767,-1.29099025767,2.95));
#19557=CARTESIAN_POINT('Ctrl Pts',(-1.59099025767,-1.29099025767,2.95));
#19558=CARTESIAN_POINT('Ctrl Pts',(-1.29099025767,-1.29099025767,2.95));
#19559=CARTESIAN_POINT('Ctrl Pts',(-1.29099025767,-1.59099025767,2.95));
#19560=CARTESIAN_POINT('Ctrl Pts',(-1.29099025767,-1.59099025767,3.01544984695));
#19561=CARTESIAN_POINT('Ctrl Pts',(-1.29099025767,-1.89099025767,3.01544984695));
#19562=CARTESIAN_POINT('Ctrl Pts',(-1.59099025767,-1.89099025767,3.01544984695));
#19563=CARTESIAN_POINT('Ctrl Pts',(-1.89099025767,-1.89099025767,3.01544984695));
#19564=CARTESIAN_POINT('Ctrl Pts',(-1.89099025767,-1.59099025767,3.01544984695));
#19565=CARTESIAN_POINT('Ctrl Pts',(-1.89099025767,-1.29099025767,3.01544984695));
#19566=CARTESIAN_POINT('Ctrl Pts',(-1.59099025767,-1.29099025767,3.01544984695));
#19567=CARTESIAN_POINT('Ctrl Pts',(-1.29099025767,-1.29099025767,3.01544984695));
#19568=CARTESIAN_POINT('Ctrl Pts',(-1.29099025767,-1.59099025767,3.01544984695));
#19569=CARTESIAN_POINT('Ctrl Pts',(-1.311547179175,-1.59099025767,3.080894125176));
#19570=CARTESIAN_POINT('Ctrl Pts',(-1.311547179175,-1.870433336165,3.080894125176));
#19571=CARTESIAN_POINT('Ctrl Pts',(-1.59099025767,-1.870433336165,3.080894125176));
#19572=CARTESIAN_POINT('Ctrl Pts',(-1.870433336165,-1.870433336165,3.080894125176));
#19573=CARTESIAN_POINT('Ctrl Pts',(-1.870433336165,-1.59099025767,3.080894125176));
#19574=CARTESIAN_POINT('Ctrl Pts',(-1.870433336165,-1.311547179175,3.080894125176));
#19575=CARTESIAN_POINT('Ctrl Pts',(-1.59099025767,-1.311547179175,3.080894125176));
#19576=CARTESIAN_POINT('Ctrl Pts',(-1.311547179175,-1.311547179175,3.080894125176));
#19577=CARTESIAN_POINT('Ctrl Pts',(-1.311547179175,-1.59099025767,3.080894125176));
#19578=CARTESIAN_POINT('Ctrl Pts',(-1.35269272026,-1.59099025767,3.13829753741));
#19579=CARTESIAN_POINT('Ctrl Pts',(-1.35269272026,-1.82928779508,3.13829753741));
#19580=CARTESIAN_POINT('Ctrl Pts',(-1.59099025767,-1.82928779508,3.13829753741));
#19581=CARTESIAN_POINT('Ctrl Pts',(-1.82928779508,-1.82928779508,3.13829753741));
#19582=CARTESIAN_POINT('Ctrl Pts',(-1.82928779508,-1.59099025767,3.13829753741));
#19583=CARTESIAN_POINT('Ctrl Pts',(-1.82928779508,-1.35269272026,3.13829753741));
#19584=CARTESIAN_POINT('Ctrl Pts',(-1.59099025767,-1.35269272026,3.13829753741));
#19585=CARTESIAN_POINT('Ctrl Pts',(-1.35269272026,-1.35269272026,3.13829753741));
#19586=CARTESIAN_POINT('Ctrl Pts',(-1.35269272026,-1.59099025767,3.13829753741));
#19587=CARTESIAN_POINT('Ctrl Pts',(-1.410096132493,-1.59099025767,3.179443078495));
#19588=CARTESIAN_POINT('Ctrl Pts',(-1.410096132493,-1.771884382847,3.179443078495));
#19589=CARTESIAN_POINT('Ctrl Pts',(-1.59099025767,-1.771884382847,3.179443078495));
#19590=CARTESIAN_POINT('Ctrl Pts',(-1.771884382847,-1.771884382847,3.179443078495));
#19591=CARTESIAN_POINT('Ctrl Pts',(-1.771884382847,-1.59099025767,3.179443078495));
#19592=CARTESIAN_POINT('Ctrl Pts',(-1.771884382847,-1.410096132493,3.179443078495));
#19593=CARTESIAN_POINT('Ctrl Pts',(-1.59099025767,-1.410096132493,3.179443078495));
#19594=CARTESIAN_POINT('Ctrl Pts',(-1.410096132493,-1.410096132493,3.179443078495));
#19595=CARTESIAN_POINT('Ctrl Pts',(-1.410096132493,-1.59099025767,3.179443078495));
#19596=CARTESIAN_POINT('Ctrl Pts',(-1.47554041072,-1.59099025767,3.2));
#19597=CARTESIAN_POINT('Ctrl Pts',(-1.47554041072,-1.70644010462,3.2));
#19598=CARTESIAN_POINT('Ctrl Pts',(-1.59099025767,-1.70644010462,3.2));
#19599=CARTESIAN_POINT('Ctrl Pts',(-1.70644010462,-1.70644010462,3.2));
#19600=CARTESIAN_POINT('Ctrl Pts',(-1.70644010462,-1.59099025767,3.2));
#19601=CARTESIAN_POINT('Ctrl Pts',(-1.70644010462,-1.47554041072,3.2));
#19602=CARTESIAN_POINT('Ctrl Pts',(-1.59099025767,-1.47554041072,3.2));
#19603=CARTESIAN_POINT('Ctrl Pts',(-1.47554041072,-1.47554041072,3.2));
#19604=CARTESIAN_POINT('Ctrl Pts',(-1.47554041072,-1.59099025767,3.2));
#19605=CARTESIAN_POINT('Ctrl Pts',(-1.54099025767,-1.59099025767,3.2));
#19606=CARTESIAN_POINT('Ctrl Pts',(-1.54099025767,-1.64099025767,3.2));
#19607=CARTESIAN_POINT('Ctrl Pts',(-1.59099025767,-1.64099025767,3.2));
#19608=CARTESIAN_POINT('Ctrl Pts',(-1.64099025767,-1.64099025767,3.2));
#19609=CARTESIAN_POINT('Ctrl Pts',(-1.64099025767,-1.59099025767,3.2));
#19610=CARTESIAN_POINT('Ctrl Pts',(-1.64099025767,-1.54099025767,3.2));
#19611=CARTESIAN_POINT('Ctrl Pts',(-1.59099025767,-1.54099025767,3.2));
#19612=CARTESIAN_POINT('Ctrl Pts',(-1.54099025767,-1.54099025767,3.2));
#19613=CARTESIAN_POINT('Ctrl Pts',(-1.54099025767,-1.59099025767,3.2));
#19614=CARTESIAN_POINT('',(-1.54099025767,-1.59099025767,3.2));
#19615=CARTESIAN_POINT('Origin',(-1.54099025767,-1.59099025767,2.95));
#19616=CARTESIAN_POINT('Origin',(-1.59099025767,-1.59099025767,3.2));
#19617=CARTESIAN_POINT('Origin',(-1.59099025767,-1.59099025767,2.9));
#19618=CARTESIAN_POINT('Origin',(-1.59099025767,-1.59099025767,3.2));
#19619=CARTESIAN_POINT('Origin',(-2.25,-2.1,0.));
#19620=CARTESIAN_POINT('',(-2.25,-2.1,0.));
#19621=CARTESIAN_POINT('',(-2.25,-1.25,0.));
#19622=CARTESIAN_POINT('',(-2.25,-2.1,0.));
#19623=CARTESIAN_POINT('',(-2.25,-2.1,2.6));
#19624=CARTESIAN_POINT('',(-2.25,-2.1,0.));
#19625=CARTESIAN_POINT('',(-2.25,2.1,2.6));
#19626=CARTESIAN_POINT('',(-2.25,-2.1,2.6));
#19627=CARTESIAN_POINT('',(-2.25,2.1,0.));
#19628=CARTESIAN_POINT('',(-2.25,2.1,0.));
#19629=CARTESIAN_POINT('',(-2.25,1.25,0.));
#19630=CARTESIAN_POINT('',(-2.25,-2.1,0.));
#19631=CARTESIAN_POINT('',(-2.25,1.25,0.3));
#19632=CARTESIAN_POINT('',(-2.25,1.25,0.));
#19633=CARTESIAN_POINT('',(-2.25,-1.25,0.3));
#19634=CARTESIAN_POINT('',(-2.25,-1.25,0.3));
#19635=CARTESIAN_POINT('',(-2.25,-1.25,0.));
#19636=CARTESIAN_POINT('Origin',(-6.E-17,-4.1E-16,0.));
#19637=CARTESIAN_POINT('',(-1.25,-1.25,0.));
#19638=CARTESIAN_POINT('',(-2.25,-1.25,0.));
#19639=CARTESIAN_POINT('',(-1.25,-2.25,0.));
#19640=CARTESIAN_POINT('',(-1.25,-2.25,0.));
#19641=CARTESIAN_POINT('',(-2.1,-2.25,0.));
#19642=CARTESIAN_POINT('',(2.1,-2.25,0.));
#19643=CARTESIAN_POINT('Origin',(-2.1,-2.1,0.));
#19644=CARTESIAN_POINT('Origin',(-2.25,-1.25,0.));
#19645=CARTESIAN_POINT('',(-1.25,-1.25,0.3));
#19646=CARTESIAN_POINT('',(-2.25,-1.25,0.3));
#19647=CARTESIAN_POINT('',(-1.25,-1.25,0.));
#19648=CARTESIAN_POINT('Origin',(3.395E-14,-3.395E-14,0.3));
#19649=CARTESIAN_POINT('',(-1.25,1.25,0.3));
#19650=CARTESIAN_POINT('',(-2.25,1.25,0.3));
#19651=CARTESIAN_POINT('',(-1.25,2.25,0.3));
#19652=CARTESIAN_POINT('',(-1.25,2.25,0.3));
#19653=CARTESIAN_POINT('',(1.25,2.25,0.3));
#19654=CARTESIAN_POINT('',(-1.25,2.25,0.3));
#19655=CARTESIAN_POINT('',(1.25,1.25,0.3));
#19656=CARTESIAN_POINT('',(1.25,2.25,0.3));
#19657=CARTESIAN_POINT('',(2.25,1.25,0.3));
#19658=CARTESIAN_POINT('',(2.25,1.25,0.3));
#19659=CARTESIAN_POINT('',(2.25,-1.250000000001,0.3));
#19660=CARTESIAN_POINT('',(2.25,1.25,0.3));
#19661=CARTESIAN_POINT('',(1.25,-1.250000000001,0.3));
#19662=CARTESIAN_POINT('',(2.25,-1.250000000001,0.3));
#19663=CARTESIAN_POINT('',(1.25,-2.25,0.3));
#19664=CARTESIAN_POINT('',(1.25,-2.25,0.3));
#19665=CARTESIAN_POINT('',(-1.25,-2.25,0.3));
#19666=CARTESIAN_POINT('',(1.25,-2.25,0.3));
#19667=CARTESIAN_POINT('',(-1.25,-2.25,0.3));
#19668=CARTESIAN_POINT('Origin',(-2.25,1.25,0.));
#19669=CARTESIAN_POINT('',(-1.25,1.25,0.));
#19670=CARTESIAN_POINT('',(-2.25,1.25,0.));
#19671=CARTESIAN_POINT('',(-1.25,1.25,0.));
#19672=CARTESIAN_POINT('Origin',(-6.E-17,-4.1E-16,0.));
#19673=CARTESIAN_POINT('',(-2.1,2.25,0.));
#19674=CARTESIAN_POINT('Origin',(-2.1,2.1,0.));
#19675=CARTESIAN_POINT('',(-1.25,2.25,0.));
#19676=CARTESIAN_POINT('',(-2.1,2.25,0.));
#19677=CARTESIAN_POINT('',(-1.25,2.25,0.));
#19678=CARTESIAN_POINT('Origin',(-2.1,2.1,0.));
#19679=CARTESIAN_POINT('',(-2.1,2.25,2.6));
#19680=CARTESIAN_POINT('Origin',(-2.1,2.1,2.6));
#19681=CARTESIAN_POINT('',(-2.1,2.25,0.));
#19682=CARTESIAN_POINT('Origin',(-6.E-17,-4.1E-16,2.6));
#19683=CARTESIAN_POINT('',(-2.1,-2.25,2.6));
#19684=CARTESIAN_POINT('Origin',(-2.1,-2.1,2.6));
#19685=CARTESIAN_POINT('',(2.1,-2.25,2.6));
#19686=CARTESIAN_POINT('',(2.1,-2.25,2.6));
#19687=CARTESIAN_POINT('',(2.25,-2.1,2.6));
#19688=CARTESIAN_POINT('Origin',(2.1,-2.1,2.6));
#19689=CARTESIAN_POINT('',(2.25,2.1,2.6));
#19690=CARTESIAN_POINT('',(2.25,2.1,2.6));
#19691=CARTESIAN_POINT('',(2.1,2.25,2.6));
#19692=CARTESIAN_POINT('Origin',(2.1,2.1,2.6));
#19693=CARTESIAN_POINT('',(-2.1,2.25,2.6));
#19694=CARTESIAN_POINT('Origin',(-2.1,-2.1,0.));
#19695=CARTESIAN_POINT('',(-2.1,-2.25,0.));
#19696=CARTESIAN_POINT('Origin',(-1.25,-2.25,0.));
#19697=CARTESIAN_POINT('',(-1.25,-2.25,0.));
#19698=CARTESIAN_POINT('Origin',(2.1,-2.25,0.));
#19699=CARTESIAN_POINT('',(2.1,-2.25,0.));
#19700=CARTESIAN_POINT('',(1.25,-2.25,0.));
#19701=CARTESIAN_POINT('',(2.1,-2.25,0.));
#19702=CARTESIAN_POINT('',(2.1,-2.25,0.));
#19703=CARTESIAN_POINT('',(1.25,-2.25,0.));
#19704=CARTESIAN_POINT('Origin',(-1.25,2.25,0.));
#19705=CARTESIAN_POINT('',(-1.25,2.25,0.));
#19706=CARTESIAN_POINT('Origin',(-2.1,2.25,0.));
#19707=CARTESIAN_POINT('',(2.1,2.25,0.));
#19708=CARTESIAN_POINT('',(2.1,2.25,0.));
#19709=CARTESIAN_POINT('',(1.25,2.25,0.));
#19710=CARTESIAN_POINT('',(-2.1,2.25,0.));
#19711=CARTESIAN_POINT('',(1.25,2.25,0.));
#19712=CARTESIAN_POINT('Origin',(1.25,2.25,0.));
#19713=CARTESIAN_POINT('',(1.25,1.25,0.));
#19714=CARTESIAN_POINT('',(1.25,2.25,0.));
#19715=CARTESIAN_POINT('',(1.25,1.25,0.));
#19716=CARTESIAN_POINT('Origin',(2.25,1.25,0.));
#19717=CARTESIAN_POINT('',(2.25,1.25,0.));
#19718=CARTESIAN_POINT('',(2.25,1.25,0.));
#19719=CARTESIAN_POINT('',(2.25,1.25,0.));
#19720=CARTESIAN_POINT('Origin',(2.25,2.1,0.));
#19721=CARTESIAN_POINT('',(2.25,2.1,0.));
#19722=CARTESIAN_POINT('',(2.25,2.1,0.));
#19723=CARTESIAN_POINT('',(2.25,2.1,0.));
#19724=CARTESIAN_POINT('',(2.25,-2.1,0.));
#19725=CARTESIAN_POINT('',(2.25,-2.1,0.));
#19726=CARTESIAN_POINT('',(2.25,-1.250000000001,0.));
#19727=CARTESIAN_POINT('',(2.25,2.1,0.));
#19728=CARTESIAN_POINT('',(2.25,-1.250000000001,0.));
#19729=CARTESIAN_POINT('Origin',(2.25,-1.250000000001,0.));
#19730=CARTESIAN_POINT('',(1.25,-1.250000000001,0.));
#19731=CARTESIAN_POINT('',(2.25,-1.250000000001,0.));
#19732=CARTESIAN_POINT('',(1.25,-1.250000000001,0.));
#19733=CARTESIAN_POINT('Origin',(1.25,-2.25,0.));
#19734=CARTESIAN_POINT('',(1.25,-2.25,0.));
#19735=CARTESIAN_POINT('Origin',(2.1,2.1,0.));
#19736=CARTESIAN_POINT('Origin',(2.1,2.1,0.));
#19737=CARTESIAN_POINT('Origin',(2.1,-2.1,0.));
#19738=CARTESIAN_POINT('Origin',(2.1,-2.1,0.));
#19739=CARTESIAN_POINT('Origin',(-6.E-17,-4.1E-16,0.));
#19740=CARTESIAN_POINT('Origin',(-6.E-17,-4.1E-16,0.));
#19741=CARTESIAN_POINT('Origin',(-2.249999999989,0.999999999993,2.6));
#19742=CARTESIAN_POINT('',(-2.249999999989,0.999999999993,2.6));
#19743=CARTESIAN_POINT('',(-2.249999999989,0.999999999993,2.9));
#19744=CARTESIAN_POINT('',(-2.249999999989,0.999999999993,2.6));
#19745=CARTESIAN_POINT('',(-2.249999999989,2.099999999982,2.9));
#19746=CARTESIAN_POINT('',(-2.249999999989,0.999999999993,2.9));
#19747=CARTESIAN_POINT('',(-2.249999999989,2.099999999982,2.6));
#19748=CARTESIAN_POINT('',(-2.249999999989,2.099999999982,2.6));
#19749=CARTESIAN_POINT('',(-2.249999999989,0.999999999993,2.6));
#19750=CARTESIAN_POINT('Origin',(-2.099999999989,2.1,2.6));
#19751=CARTESIAN_POINT('',(-2.099999999989,2.25,2.6));
#19752=CARTESIAN_POINT('Origin',(-2.099999999989,2.1,2.6));
#19753=CARTESIAN_POINT('',(-2.099999999989,2.25,2.9));
#19754=CARTESIAN_POINT('Origin',(-2.099999999989,2.1,2.9));
#19755=CARTESIAN_POINT('',(-2.099999999989,2.25,2.6));
#19756=CARTESIAN_POINT('Origin',(-2.099999999989,2.25,2.6));
#19757=CARTESIAN_POINT('',(-1.,2.25,2.9));
#19758=CARTESIAN_POINT('',(-2.099999999989,2.25,2.9));
#19759=CARTESIAN_POINT('',(-1.,2.25,2.6));
#19760=CARTESIAN_POINT('',(-1.,2.25,2.6));
#19761=CARTESIAN_POINT('',(-2.099999999989,2.25,2.6));
#19762=CARTESIAN_POINT('Origin',(-1.,2.25,2.6));
#19763=CARTESIAN_POINT('',(-1.,2.05,2.9));
#19764=CARTESIAN_POINT('',(-1.,2.25,2.9));
#19765=CARTESIAN_POINT('',(-1.,2.05,2.6));
#19766=CARTESIAN_POINT('',(-1.,2.05,2.6));
#19767=CARTESIAN_POINT('',(-1.,2.25,2.6));
#19768=CARTESIAN_POINT('Origin',(-1.,2.05,2.6));
#19769=CARTESIAN_POINT('',(1.,2.05,2.9));
#19770=CARTESIAN_POINT('',(-1.,2.05,2.9));
#19771=CARTESIAN_POINT('',(1.,2.05,2.6));
#19772=CARTESIAN_POINT('',(1.,2.05,2.6));
#19773=CARTESIAN_POINT('',(-1.,2.05,2.6));
#19774=CARTESIAN_POINT('Origin',(1.,2.249999999996,2.6));
#19775=CARTESIAN_POINT('',(1.,2.249999999996,2.6));
#19776=CARTESIAN_POINT('',(1.,2.249999999996,2.9));
#19777=CARTESIAN_POINT('',(1.,2.249999999996,2.6));
#19778=CARTESIAN_POINT('',(1.,2.249999999996,2.6));
#19779=CARTESIAN_POINT('',(1.,2.249999999996,2.9));
#19780=CARTESIAN_POINT('Origin',(1.,2.249999999996,2.6));
#19781=CARTESIAN_POINT('',(2.099999999989,2.249999999996,2.9));
#19782=CARTESIAN_POINT('',(1.,2.249999999996,2.9));
#19783=CARTESIAN_POINT('',(2.099999999989,2.249999999996,2.6));
#19784=CARTESIAN_POINT('',(2.099999999989,2.249999999996,2.6));
#19785=CARTESIAN_POINT('',(1.,2.249999999996,2.6));
#19786=CARTESIAN_POINT('Origin',(2.1,2.099999999996,2.6));
#19787=CARTESIAN_POINT('',(2.25,2.099999999996,2.6));
#19788=CARTESIAN_POINT('Origin',(2.1,2.099999999996,2.6));
#19789=CARTESIAN_POINT('',(2.25,2.099999999996,2.9));
#19790=CARTESIAN_POINT('Origin',(2.1,2.099999999996,2.9));
#19791=CARTESIAN_POINT('',(2.25,2.099999999996,2.6));
#19792=CARTESIAN_POINT('Origin',(2.25,2.099999999996,2.6));
#19793=CARTESIAN_POINT('',(2.25,1.000000000007,2.9));
#19794=CARTESIAN_POINT('',(2.25,2.099999999996,2.9));
#19795=CARTESIAN_POINT('',(2.25,1.000000000007,2.6));
#19796=CARTESIAN_POINT('',(2.25,1.000000000007,2.6));
#19797=CARTESIAN_POINT('',(2.25,2.099999999996,2.6));
#19798=CARTESIAN_POINT('Origin',(2.25,1.000000000007,2.6));
#19799=CARTESIAN_POINT('',(2.05,1.000000000007,2.9));
#19800=CARTESIAN_POINT('',(2.25,1.000000000007,2.9));
#19801=CARTESIAN_POINT('',(2.05,1.000000000007,2.6));
#19802=CARTESIAN_POINT('',(2.05,1.000000000007,2.6));
#19803=CARTESIAN_POINT('',(2.25,1.000000000007,2.6));
#19804=CARTESIAN_POINT('Origin',(2.05,1.000000000007,2.6));
#19805=CARTESIAN_POINT('',(2.05,-0.999999999993,2.9));
#19806=CARTESIAN_POINT('',(2.05,1.000000000007,2.9));
#19807=CARTESIAN_POINT('',(2.05,-0.999999999993,2.6));
#19808=CARTESIAN_POINT('',(2.05,-0.999999999993,2.6));
#19809=CARTESIAN_POINT('',(2.05,1.000000000007,2.6));
#19810=CARTESIAN_POINT('Origin',(2.249999999989,-0.999999999993,2.6));
#19811=CARTESIAN_POINT('',(2.249999999989,-0.999999999993,2.6));
#19812=CARTESIAN_POINT('',(2.249999999989,-0.999999999993,2.9));
#19813=CARTESIAN_POINT('',(2.249999999989,-0.999999999993,2.6));
#19814=CARTESIAN_POINT('',(2.249999999989,-0.999999999993,2.6));
#19815=CARTESIAN_POINT('',(2.249999999989,-0.999999999993,2.9));
#19816=CARTESIAN_POINT('Origin',(2.249999999989,-0.999999999993,2.6));
#19817=CARTESIAN_POINT('',(2.249999999989,-2.099999999982,2.9));
#19818=CARTESIAN_POINT('',(2.249999999989,-0.999999999993,2.9));
#19819=CARTESIAN_POINT('',(2.249999999989,-2.099999999982,2.6));
#19820=CARTESIAN_POINT('',(2.249999999989,-2.099999999982,2.6));
#19821=CARTESIAN_POINT('',(2.249999999989,-0.999999999993,2.6));
#19822=CARTESIAN_POINT('Origin',(2.099999999989,-2.1,2.6));
#19823=CARTESIAN_POINT('',(2.099999999989,-2.25,2.6));
#19824=CARTESIAN_POINT('Origin',(2.099999999989,-2.1,2.6));
#19825=CARTESIAN_POINT('',(2.099999999989,-2.25,2.9));
#19826=CARTESIAN_POINT('Origin',(2.099999999989,-2.1,2.9));
#19827=CARTESIAN_POINT('',(2.099999999989,-2.25,2.6));
#19828=CARTESIAN_POINT('Origin',(2.099999999989,-2.25,2.6));
#19829=CARTESIAN_POINT('',(1.,-2.25,2.9));
#19830=CARTESIAN_POINT('',(2.099999999989,-2.25,2.9));
#19831=CARTESIAN_POINT('',(1.,-2.25,2.6));
#19832=CARTESIAN_POINT('',(1.,-2.25,2.6));
#19833=CARTESIAN_POINT('',(2.099999999989,-2.25,2.6));
#19834=CARTESIAN_POINT('Origin',(1.,-2.25,2.6));
#19835=CARTESIAN_POINT('',(1.,-2.05,2.9));
#19836=CARTESIAN_POINT('',(1.,-2.25,2.9));
#19837=CARTESIAN_POINT('',(1.,-2.05,2.6));
#19838=CARTESIAN_POINT('',(1.,-2.05,2.6));
#19839=CARTESIAN_POINT('',(1.,-2.25,2.6));
#19840=CARTESIAN_POINT('Origin',(-1.,-2.05,2.6));
#19841=CARTESIAN_POINT('',(-1.,-2.05,2.6));
#19842=CARTESIAN_POINT('',(-1.,-2.05,2.9));
#19843=CARTESIAN_POINT('',(-1.,-2.05,2.6));
#19844=CARTESIAN_POINT('',(-1.,-2.05,2.6));
#19845=CARTESIAN_POINT('',(-1.,-2.05,2.9));
#19846=CARTESIAN_POINT('Origin',(-1.,-2.25,2.6));
#19847=CARTESIAN_POINT('',(-1.,-2.25,2.6));
#19848=CARTESIAN_POINT('',(-1.,-2.25,2.9));
#19849=CARTESIAN_POINT('',(-1.,-2.25,2.6));
#19850=CARTESIAN_POINT('',(-1.,-2.25,2.6));
#19851=CARTESIAN_POINT('',(-1.,-2.25,2.9));
#19852=CARTESIAN_POINT('Origin',(-1.,-2.25,2.6));
#19853=CARTESIAN_POINT('',(-2.099999999989,-2.249999999998,2.9));
#19854=CARTESIAN_POINT('',(-1.,-2.25,2.9));
#19855=CARTESIAN_POINT('',(-2.099999999989,-2.249999999998,2.6));
#19856=CARTESIAN_POINT('',(-2.099999999989,-2.249999999998,2.6));
#19857=CARTESIAN_POINT('',(-1.,-2.25,2.6));
#19858=CARTESIAN_POINT('Origin',(-2.1,-2.099999999996,2.6));
#19859=CARTESIAN_POINT('',(-2.25,-2.099999999996,2.6));
#19860=CARTESIAN_POINT('Origin',(-2.1,-2.099999999996,2.6));
#19861=CARTESIAN_POINT('',(-2.25,-2.099999999996,2.9));
#19862=CARTESIAN_POINT('Origin',(-2.1,-2.099999999996,2.9));
#19863=CARTESIAN_POINT('',(-2.25,-2.099999999996,2.6));
#19864=CARTESIAN_POINT('Origin',(-2.25,-2.099999999996,2.6));
#19865=CARTESIAN_POINT('',(-2.25,-1.000000000007,2.9));
#19866=CARTESIAN_POINT('',(-2.25,-2.099999999996,2.9));
#19867=CARTESIAN_POINT('',(-2.25,-1.000000000007,2.6));
#19868=CARTESIAN_POINT('',(-2.25,-1.000000000007,2.6));
#19869=CARTESIAN_POINT('',(-2.25,-2.099999999996,2.6));
#19870=CARTESIAN_POINT('Origin',(-2.25,-1.000000000007,2.6));
#19871=CARTESIAN_POINT('',(-2.05,-1.000000000007,2.9));
#19872=CARTESIAN_POINT('',(-2.25,-1.000000000007,2.9));
#19873=CARTESIAN_POINT('',(-2.05,-1.000000000007,2.6));
#19874=CARTESIAN_POINT('',(-2.05,-1.000000000007,2.6));
#19875=CARTESIAN_POINT('',(-2.25,-1.000000000007,2.6));
#19876=CARTESIAN_POINT('Origin',(-2.05,-1.000000000007,2.6));
#19877=CARTESIAN_POINT('',(-2.05,0.999999999993,2.9));
#19878=CARTESIAN_POINT('',(-2.05,-1.000000000007,2.9));
#19879=CARTESIAN_POINT('',(-2.05,0.999999999993,2.6));
#19880=CARTESIAN_POINT('',(-2.05,0.999999999993,2.6));
#19881=CARTESIAN_POINT('',(-2.05,-1.000000000007,2.6));
#19882=CARTESIAN_POINT('Origin',(-2.249999999989,0.999999999993,2.6));
#19883=CARTESIAN_POINT('',(-2.249999999989,0.999999999993,2.6));
#19884=CARTESIAN_POINT('',(-2.249999999989,0.999999999993,2.9));
#19885=CARTESIAN_POINT('Origin',(0.,0.,2.6));
#19886=CARTESIAN_POINT('',(-1.2,1.46957615897682E-16,2.9));
#19887=CARTESIAN_POINT('Origin',(0.,0.,2.9));
#19888=CARTESIAN_POINT('',(-1.2,1.46957615897682E-16,2.6));
#19889=CARTESIAN_POINT('',(-1.2,1.46957615897682E-16,2.6));
#19890=CARTESIAN_POINT('Origin',(0.,0.,2.6));
#19891=CARTESIAN_POINT('Origin',(-1.5888E-13,-5.2624E-13,2.6));
#19892=CARTESIAN_POINT('Origin',(-1.5888E-13,-5.2624E-13,2.9));
#19893=CARTESIAN_POINT('Origin',(0.,0.,2.6));
#19894=CARTESIAN_POINT('',(-1.15,1.40834381901946E-16,2.6));
#19895=CARTESIAN_POINT('Origin',(0.,0.,2.6));
#19896=CARTESIAN_POINT('',(-1.15,1.40834381901946E-16,3.7));
#19897=CARTESIAN_POINT('',(-1.15,1.40834381901946E-16,2.6));
#19898=CARTESIAN_POINT('Origin',(2.216651921374E-32,-1.093625784907E-32,
3.7));
#19899=CARTESIAN_POINT('Origin',(2.216651921374E-32,-1.093625784907E-32,
3.7));
#19900=CARTESIAN_POINT('',(-1.05,-1.28587913910472E-16,3.8));
#19901=CARTESIAN_POINT('Origin',(2.465190328816E-32,-1.232595164408E-32,
3.8));
#19902=CARTESIAN_POINT('Origin',(-1.05,-1.28587913910472E-16,3.7));
#19903=CARTESIAN_POINT('Origin',(-1.486347970152E-16,6.453130379405E-17,
2.6));
#19904=CARTESIAN_POINT('Origin',(-1.486347970152E-16,6.453130379405E-17,
3.8));
#19905=CARTESIAN_POINT('Origin',(-1.59099025767,1.59099025767,2.9));
#19906=CARTESIAN_POINT('',(-1.89099025767,1.59099025767,2.9));
#19907=CARTESIAN_POINT('Origin',(-1.59099025767,1.59099025767,2.9));
#19908=CARTESIAN_POINT('',(-1.89099025767,1.59099025767,2.95));
#19909=CARTESIAN_POINT('',(-1.89099025767,1.59099025767,2.9));
#19910=CARTESIAN_POINT('',(-1.29099025767,1.59099025767,2.95));
#19911=CARTESIAN_POINT('Origin',(-1.59099025767,1.59099025767,2.95));
#19912=CARTESIAN_POINT('Origin',(-1.59099025767,1.59099025767,2.95));
#19913=CARTESIAN_POINT('Ctrl Pts',(-1.29099025767,1.59099025767,2.95));
#19914=CARTESIAN_POINT('Ctrl Pts',(-1.29099025767,1.29099025767,2.95));
#19915=CARTESIAN_POINT('Ctrl Pts',(-1.59099025767,1.29099025767,2.95));
#19916=CARTESIAN_POINT('Ctrl Pts',(-1.89099025767,1.29099025767,2.95));
#19917=CARTESIAN_POINT('Ctrl Pts',(-1.89099025767,1.59099025767,2.95));
#19918=CARTESIAN_POINT('Ctrl Pts',(-1.89099025767,1.89099025767,2.95));
#19919=CARTESIAN_POINT('Ctrl Pts',(-1.59099025767,1.89099025767,2.95));
#19920=CARTESIAN_POINT('Ctrl Pts',(-1.29099025767,1.89099025767,2.95));
#19921=CARTESIAN_POINT('Ctrl Pts',(-1.29099025767,1.59099025767,2.95));
#19922=CARTESIAN_POINT('Ctrl Pts',(-1.29099025767,1.59099025767,3.01544984695));
#19923=CARTESIAN_POINT('Ctrl Pts',(-1.29099025767,1.29099025767,3.01544984695));
#19924=CARTESIAN_POINT('Ctrl Pts',(-1.59099025767,1.29099025767,3.01544984695));
#19925=CARTESIAN_POINT('Ctrl Pts',(-1.89099025767,1.29099025767,3.01544984695));
#19926=CARTESIAN_POINT('Ctrl Pts',(-1.89099025767,1.59099025767,3.01544984695));
#19927=CARTESIAN_POINT('Ctrl Pts',(-1.89099025767,1.89099025767,3.01544984695));
#19928=CARTESIAN_POINT('Ctrl Pts',(-1.59099025767,1.89099025767,3.01544984695));
#19929=CARTESIAN_POINT('Ctrl Pts',(-1.29099025767,1.89099025767,3.01544984695));
#19930=CARTESIAN_POINT('Ctrl Pts',(-1.29099025767,1.59099025767,3.01544984695));
#19931=CARTESIAN_POINT('Ctrl Pts',(-1.311547179175,1.59099025767,3.080894125176));
#19932=CARTESIAN_POINT('Ctrl Pts',(-1.311547179175,1.311547179175,3.080894125176));
#19933=CARTESIAN_POINT('Ctrl Pts',(-1.59099025767,1.311547179175,3.080894125176));
#19934=CARTESIAN_POINT('Ctrl Pts',(-1.870433336165,1.311547179175,3.080894125176));
#19935=CARTESIAN_POINT('Ctrl Pts',(-1.870433336165,1.59099025767,3.080894125176));
#19936=CARTESIAN_POINT('Ctrl Pts',(-1.870433336165,1.870433336165,3.080894125176));
#19937=CARTESIAN_POINT('Ctrl Pts',(-1.59099025767,1.870433336165,3.080894125176));
#19938=CARTESIAN_POINT('Ctrl Pts',(-1.311547179175,1.870433336165,3.080894125176));
#19939=CARTESIAN_POINT('Ctrl Pts',(-1.311547179175,1.59099025767,3.080894125176));
#19940=CARTESIAN_POINT('Ctrl Pts',(-1.35269272026,1.59099025767,3.13829753741));
#19941=CARTESIAN_POINT('Ctrl Pts',(-1.35269272026,1.35269272026,3.13829753741));
#19942=CARTESIAN_POINT('Ctrl Pts',(-1.59099025767,1.35269272026,3.13829753741));
#19943=CARTESIAN_POINT('Ctrl Pts',(-1.82928779508,1.35269272026,3.13829753741));
#19944=CARTESIAN_POINT('Ctrl Pts',(-1.82928779508,1.59099025767,3.13829753741));
#19945=CARTESIAN_POINT('Ctrl Pts',(-1.82928779508,1.82928779508,3.13829753741));
#19946=CARTESIAN_POINT('Ctrl Pts',(-1.59099025767,1.82928779508,3.13829753741));
#19947=CARTESIAN_POINT('Ctrl Pts',(-1.35269272026,1.82928779508,3.13829753741));
#19948=CARTESIAN_POINT('Ctrl Pts',(-1.35269272026,1.59099025767,3.13829753741));
#19949=CARTESIAN_POINT('Ctrl Pts',(-1.410096132493,1.59099025767,3.179443078495));
#19950=CARTESIAN_POINT('Ctrl Pts',(-1.410096132493,1.410096132493,3.179443078495));
#19951=CARTESIAN_POINT('Ctrl Pts',(-1.59099025767,1.410096132493,3.179443078495));
#19952=CARTESIAN_POINT('Ctrl Pts',(-1.771884382847,1.410096132493,3.179443078495));
#19953=CARTESIAN_POINT('Ctrl Pts',(-1.771884382847,1.59099025767,3.179443078495));
#19954=CARTESIAN_POINT('Ctrl Pts',(-1.771884382847,1.771884382847,3.179443078495));
#19955=CARTESIAN_POINT('Ctrl Pts',(-1.59099025767,1.771884382847,3.179443078495));
#19956=CARTESIAN_POINT('Ctrl Pts',(-1.410096132493,1.771884382847,3.179443078495));
#19957=CARTESIAN_POINT('Ctrl Pts',(-1.410096132493,1.59099025767,3.179443078495));
#19958=CARTESIAN_POINT('Ctrl Pts',(-1.47554041072,1.59099025767,3.2));
#19959=CARTESIAN_POINT('Ctrl Pts',(-1.47554041072,1.47554041072,3.2));
#19960=CARTESIAN_POINT('Ctrl Pts',(-1.59099025767,1.47554041072,3.2));
#19961=CARTESIAN_POINT('Ctrl Pts',(-1.70644010462,1.47554041072,3.2));
#19962=CARTESIAN_POINT('Ctrl Pts',(-1.70644010462,1.59099025767,3.2));
#19963=CARTESIAN_POINT('Ctrl Pts',(-1.70644010462,1.70644010462,3.2));
#19964=CARTESIAN_POINT('Ctrl Pts',(-1.59099025767,1.70644010462,3.2));
#19965=CARTESIAN_POINT('Ctrl Pts',(-1.47554041072,1.70644010462,3.2));
#19966=CARTESIAN_POINT('Ctrl Pts',(-1.47554041072,1.59099025767,3.2));
#19967=CARTESIAN_POINT('Ctrl Pts',(-1.54099025767,1.59099025767,3.2));
#19968=CARTESIAN_POINT('Ctrl Pts',(-1.54099025767,1.54099025767,3.2));
#19969=CARTESIAN_POINT('Ctrl Pts',(-1.59099025767,1.54099025767,3.2));
#19970=CARTESIAN_POINT('Ctrl Pts',(-1.64099025767,1.54099025767,3.2));
#19971=CARTESIAN_POINT('Ctrl Pts',(-1.64099025767,1.59099025767,3.2));
#19972=CARTESIAN_POINT('Ctrl Pts',(-1.64099025767,1.64099025767,3.2));
#19973=CARTESIAN_POINT('Ctrl Pts',(-1.59099025767,1.64099025767,3.2));
#19974=CARTESIAN_POINT('Ctrl Pts',(-1.54099025767,1.64099025767,3.2));
#19975=CARTESIAN_POINT('Ctrl Pts',(-1.54099025767,1.59099025767,3.2));
#19976=CARTESIAN_POINT('',(-1.54099025767,1.59099025767,3.2));
#19977=CARTESIAN_POINT('Origin',(-1.54099025767,1.59099025767,2.95));
#19978=CARTESIAN_POINT('Origin',(-1.59099025767,1.59099025767,3.2));
#19979=CARTESIAN_POINT('Origin',(-1.59099025767,1.59099025767,2.9));
#19980=CARTESIAN_POINT('Origin',(-1.59099025767,1.59099025767,3.2));
#19981=CARTESIAN_POINT('Origin',(1.59099025767,1.59099025767,2.9));
#19982=CARTESIAN_POINT('',(1.29099025767,1.59099025767,2.9));
#19983=CARTESIAN_POINT('Origin',(1.59099025767,1.59099025767,2.9));
#19984=CARTESIAN_POINT('',(1.29099025767,1.59099025767,2.95));
#19985=CARTESIAN_POINT('',(1.29099025767,1.59099025767,2.9));
#19986=CARTESIAN_POINT('',(1.89099025767,1.59099025767,2.95));
#19987=CARTESIAN_POINT('Origin',(1.59099025767,1.59099025767,2.95));
#19988=CARTESIAN_POINT('Origin',(1.59099025767,1.59099025767,2.95));
#19989=CARTESIAN_POINT('Ctrl Pts',(1.89099025767,1.59099025767,2.95));
#19990=CARTESIAN_POINT('Ctrl Pts',(1.89099025767,1.29099025767,2.95));
#19991=CARTESIAN_POINT('Ctrl Pts',(1.59099025767,1.29099025767,2.95));
#19992=CARTESIAN_POINT('Ctrl Pts',(1.29099025767,1.29099025767,2.95));
#19993=CARTESIAN_POINT('Ctrl Pts',(1.29099025767,1.59099025767,2.95));
#19994=CARTESIAN_POINT('Ctrl Pts',(1.29099025767,1.89099025767,2.95));
#19995=CARTESIAN_POINT('Ctrl Pts',(1.59099025767,1.89099025767,2.95));
#19996=CARTESIAN_POINT('Ctrl Pts',(1.89099025767,1.89099025767,2.95));
#19997=CARTESIAN_POINT('Ctrl Pts',(1.89099025767,1.59099025767,2.95));
#19998=CARTESIAN_POINT('Ctrl Pts',(1.89099025767,1.59099025767,3.01544984695));
#19999=CARTESIAN_POINT('Ctrl Pts',(1.89099025767,1.29099025767,3.01544984695));
#20000=CARTESIAN_POINT('Ctrl Pts',(1.59099025767,1.29099025767,3.01544984695));
#20001=CARTESIAN_POINT('Ctrl Pts',(1.29099025767,1.29099025767,3.01544984695));
#20002=CARTESIAN_POINT('Ctrl Pts',(1.29099025767,1.59099025767,3.01544984695));
#20003=CARTESIAN_POINT('Ctrl Pts',(1.29099025767,1.89099025767,3.01544984695));
#20004=CARTESIAN_POINT('Ctrl Pts',(1.59099025767,1.89099025767,3.01544984695));
#20005=CARTESIAN_POINT('Ctrl Pts',(1.89099025767,1.89099025767,3.01544984695));
#20006=CARTESIAN_POINT('Ctrl Pts',(1.89099025767,1.59099025767,3.01544984695));
#20007=CARTESIAN_POINT('Ctrl Pts',(1.870433336165,1.59099025767,3.080894125176));
#20008=CARTESIAN_POINT('Ctrl Pts',(1.870433336165,1.311547179175,3.080894125176));
#20009=CARTESIAN_POINT('Ctrl Pts',(1.59099025767,1.311547179175,3.080894125176));
#20010=CARTESIAN_POINT('Ctrl Pts',(1.311547179175,1.311547179175,3.080894125176));
#20011=CARTESIAN_POINT('Ctrl Pts',(1.311547179175,1.59099025767,3.080894125176));
#20012=CARTESIAN_POINT('Ctrl Pts',(1.311547179175,1.870433336165,3.080894125176));
#20013=CARTESIAN_POINT('Ctrl Pts',(1.59099025767,1.870433336165,3.080894125176));
#20014=CARTESIAN_POINT('Ctrl Pts',(1.870433336165,1.870433336165,3.080894125176));
#20015=CARTESIAN_POINT('Ctrl Pts',(1.870433336165,1.59099025767,3.080894125176));
#20016=CARTESIAN_POINT('Ctrl Pts',(1.82928779508,1.59099025767,3.13829753741));
#20017=CARTESIAN_POINT('Ctrl Pts',(1.82928779508,1.35269272026,3.13829753741));
#20018=CARTESIAN_POINT('Ctrl Pts',(1.59099025767,1.35269272026,3.13829753741));
#20019=CARTESIAN_POINT('Ctrl Pts',(1.35269272026,1.35269272026,3.13829753741));
#20020=CARTESIAN_POINT('Ctrl Pts',(1.35269272026,1.59099025767,3.13829753741));
#20021=CARTESIAN_POINT('Ctrl Pts',(1.35269272026,1.82928779508,3.13829753741));
#20022=CARTESIAN_POINT('Ctrl Pts',(1.59099025767,1.82928779508,3.13829753741));
#20023=CARTESIAN_POINT('Ctrl Pts',(1.82928779508,1.82928779508,3.13829753741));
#20024=CARTESIAN_POINT('Ctrl Pts',(1.82928779508,1.59099025767,3.13829753741));
#20025=CARTESIAN_POINT('Ctrl Pts',(1.771884382846,1.59099025767,3.179443078495));
#20026=CARTESIAN_POINT('Ctrl Pts',(1.771884382846,1.410096132494,3.179443078495));
#20027=CARTESIAN_POINT('Ctrl Pts',(1.59099025767,1.410096132494,3.179443078495));
#20028=CARTESIAN_POINT('Ctrl Pts',(1.410096132494,1.410096132494,3.179443078495));
#20029=CARTESIAN_POINT('Ctrl Pts',(1.410096132494,1.59099025767,3.179443078495));
#20030=CARTESIAN_POINT('Ctrl Pts',(1.410096132494,1.771884382846,3.179443078495));
#20031=CARTESIAN_POINT('Ctrl Pts',(1.59099025767,1.771884382846,3.179443078495));
#20032=CARTESIAN_POINT('Ctrl Pts',(1.771884382846,1.771884382846,3.179443078495));
#20033=CARTESIAN_POINT('Ctrl Pts',(1.771884382846,1.59099025767,3.179443078495));
#20034=CARTESIAN_POINT('Ctrl Pts',(1.70644010462,1.59099025767,3.2));
#20035=CARTESIAN_POINT('Ctrl Pts',(1.70644010462,1.47554041072,3.2));
#20036=CARTESIAN_POINT('Ctrl Pts',(1.59099025767,1.47554041072,3.2));
#20037=CARTESIAN_POINT('Ctrl Pts',(1.47554041072,1.47554041072,3.2));
#20038=CARTESIAN_POINT('Ctrl Pts',(1.47554041072,1.59099025767,3.2));
#20039=CARTESIAN_POINT('Ctrl Pts',(1.47554041072,1.70644010462,3.2));
#20040=CARTESIAN_POINT('Ctrl Pts',(1.59099025767,1.70644010462,3.2));
#20041=CARTESIAN_POINT('Ctrl Pts',(1.70644010462,1.70644010462,3.2));
#20042=CARTESIAN_POINT('Ctrl Pts',(1.70644010462,1.59099025767,3.2));
#20043=CARTESIAN_POINT('Ctrl Pts',(1.64099025767,1.59099025767,3.2));
#20044=CARTESIAN_POINT('Ctrl Pts',(1.64099025767,1.54099025767,3.2));
#20045=CARTESIAN_POINT('Ctrl Pts',(1.59099025767,1.54099025767,3.2));
#20046=CARTESIAN_POINT('Ctrl Pts',(1.54099025767,1.54099025767,3.2));
#20047=CARTESIAN_POINT('Ctrl Pts',(1.54099025767,1.59099025767,3.2));
#20048=CARTESIAN_POINT('Ctrl Pts',(1.54099025767,1.64099025767,3.2));
#20049=CARTESIAN_POINT('Ctrl Pts',(1.59099025767,1.64099025767,3.2));
#20050=CARTESIAN_POINT('Ctrl Pts',(1.64099025767,1.64099025767,3.2));
#20051=CARTESIAN_POINT('Ctrl Pts',(1.64099025767,1.59099025767,3.2));
#20052=CARTESIAN_POINT('',(1.64099025767,1.59099025767,3.2));
#20053=CARTESIAN_POINT('Origin',(1.64099025767,1.59099025767,2.95));
#20054=CARTESIAN_POINT('Origin',(1.59099025767,1.59099025767,3.2));
#20055=CARTESIAN_POINT('Origin',(1.59099025767,1.59099025767,2.9));
#20056=CARTESIAN_POINT('Origin',(1.59099025767,1.59099025767,3.2));
#20057=CARTESIAN_POINT('Origin',(1.59099025767,-1.59099025767,2.9));
#20058=CARTESIAN_POINT('',(1.29099025767,-1.59099025767,2.9));
#20059=CARTESIAN_POINT('Origin',(1.59099025767,-1.59099025767,2.9));
#20060=CARTESIAN_POINT('',(1.29099025767,-1.59099025767,2.95));
#20061=CARTESIAN_POINT('',(1.29099025767,-1.59099025767,2.9));
#20062=CARTESIAN_POINT('',(1.89099025767,-1.59099025767,2.95));
#20063=CARTESIAN_POINT('Origin',(1.59099025767,-1.59099025767,2.95));
#20064=CARTESIAN_POINT('Origin',(1.59099025767,-1.59099025767,2.95));
#20065=CARTESIAN_POINT('Ctrl Pts',(1.89099025767,-1.59099025767,2.95));
#20066=CARTESIAN_POINT('Ctrl Pts',(1.89099025767,-1.89099025767,2.95));
#20067=CARTESIAN_POINT('Ctrl Pts',(1.59099025767,-1.89099025767,2.95));
#20068=CARTESIAN_POINT('Ctrl Pts',(1.29099025767,-1.89099025767,2.95));
#20069=CARTESIAN_POINT('Ctrl Pts',(1.29099025767,-1.59099025767,2.95));
#20070=CARTESIAN_POINT('Ctrl Pts',(1.29099025767,-1.29099025767,2.95));
#20071=CARTESIAN_POINT('Ctrl Pts',(1.59099025767,-1.29099025767,2.95));
#20072=CARTESIAN_POINT('Ctrl Pts',(1.89099025767,-1.29099025767,2.95));
#20073=CARTESIAN_POINT('Ctrl Pts',(1.89099025767,-1.59099025767,2.95));
#20074=CARTESIAN_POINT('Ctrl Pts',(1.89099025767,-1.59099025767,3.01544984695));
#20075=CARTESIAN_POINT('Ctrl Pts',(1.89099025767,-1.89099025767,3.01544984695));
#20076=CARTESIAN_POINT('Ctrl Pts',(1.59099025767,-1.89099025767,3.01544984695));
#20077=CARTESIAN_POINT('Ctrl Pts',(1.29099025767,-1.89099025767,3.01544984695));
#20078=CARTESIAN_POINT('Ctrl Pts',(1.29099025767,-1.59099025767,3.01544984695));
#20079=CARTESIAN_POINT('Ctrl Pts',(1.29099025767,-1.29099025767,3.01544984695));
#20080=CARTESIAN_POINT('Ctrl Pts',(1.59099025767,-1.29099025767,3.01544984695));
#20081=CARTESIAN_POINT('Ctrl Pts',(1.89099025767,-1.29099025767,3.01544984695));
#20082=CARTESIAN_POINT('Ctrl Pts',(1.89099025767,-1.59099025767,3.01544984695));
#20083=CARTESIAN_POINT('Ctrl Pts',(1.870433336165,-1.59099025767,3.080894125176));
#20084=CARTESIAN_POINT('Ctrl Pts',(1.870433336165,-1.870433336165,3.080894125176));
#20085=CARTESIAN_POINT('Ctrl Pts',(1.59099025767,-1.870433336165,3.080894125176));
#20086=CARTESIAN_POINT('Ctrl Pts',(1.311547179175,-1.870433336165,3.080894125176));
#20087=CARTESIAN_POINT('Ctrl Pts',(1.311547179175,-1.59099025767,3.080894125176));
#20088=CARTESIAN_POINT('Ctrl Pts',(1.311547179175,-1.311547179175,3.080894125176));
#20089=CARTESIAN_POINT('Ctrl Pts',(1.59099025767,-1.311547179175,3.080894125176));
#20090=CARTESIAN_POINT('Ctrl Pts',(1.870433336165,-1.311547179175,3.080894125176));
#20091=CARTESIAN_POINT('Ctrl Pts',(1.870433336165,-1.59099025767,3.080894125176));
#20092=CARTESIAN_POINT('Ctrl Pts',(1.82928779508,-1.59099025767,3.13829753741));
#20093=CARTESIAN_POINT('Ctrl Pts',(1.82928779508,-1.82928779508,3.13829753741));
#20094=CARTESIAN_POINT('Ctrl Pts',(1.59099025767,-1.82928779508,3.13829753741));
#20095=CARTESIAN_POINT('Ctrl Pts',(1.35269272026,-1.82928779508,3.13829753741));
#20096=CARTESIAN_POINT('Ctrl Pts',(1.35269272026,-1.59099025767,3.13829753741));
#20097=CARTESIAN_POINT('Ctrl Pts',(1.35269272026,-1.35269272026,3.13829753741));
#20098=CARTESIAN_POINT('Ctrl Pts',(1.59099025767,-1.35269272026,3.13829753741));
#20099=CARTESIAN_POINT('Ctrl Pts',(1.82928779508,-1.35269272026,3.13829753741));
#20100=CARTESIAN_POINT('Ctrl Pts',(1.82928779508,-1.59099025767,3.13829753741));
#20101=CARTESIAN_POINT('Ctrl Pts',(1.771884382846,-1.59099025767,3.179443078495));
#20102=CARTESIAN_POINT('Ctrl Pts',(1.771884382846,-1.771884382846,3.179443078495));
#20103=CARTESIAN_POINT('Ctrl Pts',(1.59099025767,-1.771884382846,3.179443078495));
#20104=CARTESIAN_POINT('Ctrl Pts',(1.410096132494,-1.771884382846,3.179443078495));
#20105=CARTESIAN_POINT('Ctrl Pts',(1.410096132494,-1.59099025767,3.179443078495));
#20106=CARTESIAN_POINT('Ctrl Pts',(1.410096132494,-1.410096132494,3.179443078495));
#20107=CARTESIAN_POINT('Ctrl Pts',(1.59099025767,-1.410096132494,3.179443078495));
#20108=CARTESIAN_POINT('Ctrl Pts',(1.771884382846,-1.410096132494,3.179443078495));
#20109=CARTESIAN_POINT('Ctrl Pts',(1.771884382846,-1.59099025767,3.179443078495));
#20110=CARTESIAN_POINT('Ctrl Pts',(1.70644010462,-1.59099025767,3.2));
#20111=CARTESIAN_POINT('Ctrl Pts',(1.70644010462,-1.70644010462,3.2));
#20112=CARTESIAN_POINT('Ctrl Pts',(1.59099025767,-1.70644010462,3.2));
#20113=CARTESIAN_POINT('Ctrl Pts',(1.47554041072,-1.70644010462,3.2));
#20114=CARTESIAN_POINT('Ctrl Pts',(1.47554041072,-1.59099025767,3.2));
#20115=CARTESIAN_POINT('Ctrl Pts',(1.47554041072,-1.47554041072,3.2));
#20116=CARTESIAN_POINT('Ctrl Pts',(1.59099025767,-1.47554041072,3.2));
#20117=CARTESIAN_POINT('Ctrl Pts',(1.70644010462,-1.47554041072,3.2));
#20118=CARTESIAN_POINT('Ctrl Pts',(1.70644010462,-1.59099025767,3.2));
#20119=CARTESIAN_POINT('Ctrl Pts',(1.64099025767,-1.59099025767,3.2));
#20120=CARTESIAN_POINT('Ctrl Pts',(1.64099025767,-1.64099025767,3.2));
#20121=CARTESIAN_POINT('Ctrl Pts',(1.59099025767,-1.64099025767,3.2));
#20122=CARTESIAN_POINT('Ctrl Pts',(1.54099025767,-1.64099025767,3.2));
#20123=CARTESIAN_POINT('Ctrl Pts',(1.54099025767,-1.59099025767,3.2));
#20124=CARTESIAN_POINT('Ctrl Pts',(1.54099025767,-1.54099025767,3.2));
#20125=CARTESIAN_POINT('Ctrl Pts',(1.59099025767,-1.54099025767,3.2));
#20126=CARTESIAN_POINT('Ctrl Pts',(1.64099025767,-1.54099025767,3.2));
#20127=CARTESIAN_POINT('Ctrl Pts',(1.64099025767,-1.59099025767,3.2));
#20128=CARTESIAN_POINT('',(1.64099025767,-1.59099025767,3.2));
#20129=CARTESIAN_POINT('Origin',(1.64099025767,-1.59099025767,2.95));
#20130=CARTESIAN_POINT('Origin',(1.59099025767,-1.59099025767,3.2));
#20131=CARTESIAN_POINT('Origin',(1.59099025767,-1.59099025767,2.9));
#20132=CARTESIAN_POINT('Origin',(1.59099025767,-1.59099025767,3.2));
#20133=CARTESIAN_POINT('',(0.,0.,0.));
#20134=CARTESIAN_POINT('Origin',(129.39999858787,-60.62951638846,0.));
#20135=CARTESIAN_POINT('',(129.400485,-55.629515,0.));
#20136=CARTESIAN_POINT('',(129.400485,-55.629515,1.51));
#20137=CARTESIAN_POINT('',(129.400485,-55.629515,0.));
#20138=CARTESIAN_POINT('',(134.4,-60.629515,1.51));
#20139=CARTESIAN_POINT('Origin',(129.39999858787,-60.62951638846,1.51));
#20140=CARTESIAN_POINT('',(134.4,-60.629515,0.));
#20141=CARTESIAN_POINT('',(134.4,-60.629515,0.));
#20142=CARTESIAN_POINT('Origin',(129.39999858787,-60.62951638846,0.));
#20143=CARTESIAN_POINT('Origin',(93.138,-55.626,0.));
#20144=CARTESIAN_POINT('',(93.138,-55.626,0.));
#20145=CARTESIAN_POINT('',(93.138,-55.626,1.51));
#20146=CARTESIAN_POINT('',(93.138,-55.626,0.));
#20147=CARTESIAN_POINT('',(93.138,-55.626,1.51));
#20148=CARTESIAN_POINT('',(93.138,-55.626,0.));
#20149=CARTESIAN_POINT('Origin',(134.4,-60.629515,0.));
#20150=CARTESIAN_POINT('',(134.4,-94.06,1.51));
#20151=CARTESIAN_POINT('',(134.4,-60.629515,1.51));
#20152=CARTESIAN_POINT('',(134.4,-94.06,0.));
#20153=CARTESIAN_POINT('',(134.4,-94.06,0.));
#20154=CARTESIAN_POINT('',(134.4,-60.629515,0.));
#20155=CARTESIAN_POINT('Origin',(0.,0.,0.));
#20156=CARTESIAN_POINT('',(129.4,-99.06,0.));
#20157=CARTESIAN_POINT('Origin',(129.40000032116,-94.06000032116,0.));
#20158=CARTESIAN_POINT('',(93.138,-99.06,0.));
#20159=CARTESIAN_POINT('',(129.4,-99.06,0.));
#20160=CARTESIAN_POINT('',(88.138,-94.06,0.));
#20161=CARTESIAN_POINT('Origin',(93.137999678834,-94.06000032116,0.));
#20162=CARTESIAN_POINT('',(88.138,-60.626,0.));
#20163=CARTESIAN_POINT('',(88.138,-94.06,0.));
#20164=CARTESIAN_POINT('Origin',(93.137999678834,-60.62599967883,0.));
#20165=CARTESIAN_POINT('',(122.682,-97.028,0.));
#20166=CARTESIAN_POINT('',(123.952,-97.028,0.));
#20167=CARTESIAN_POINT('',(122.682,-97.028,0.));
#20168=CARTESIAN_POINT('',(123.952,-91.44,0.));
#20169=CARTESIAN_POINT('',(123.952,-97.028,0.));
#20170=CARTESIAN_POINT('',(130.75,-91.44,0.));
#20171=CARTESIAN_POINT('',(123.952,-91.44,0.));
#20172=CARTESIAN_POINT('',(130.75,-89.671,0.));
#20173=CARTESIAN_POINT('',(130.75,-91.44,0.));
#20174=CARTESIAN_POINT('',(122.682,-89.662,0.));
#20175=CARTESIAN_POINT('',(130.75,-89.671,0.));
#20176=CARTESIAN_POINT('',(122.682,-89.662,0.));
#20177=CARTESIAN_POINT('',(128.8542,-77.1828,0.));
#20178=CARTESIAN_POINT('Origin',(128.8542,-78.2828,0.));
#20179=CARTESIAN_POINT('',(98.0186,-61.13,0.));
#20180=CARTESIAN_POINT('Origin',(98.0186,-62.23,0.));
#20181=CARTESIAN_POINT('',(113.87,-60.965,0.));
#20182=CARTESIAN_POINT('',(114.47,-60.965,0.));
#20183=CARTESIAN_POINT('Origin',(114.17,-60.965,0.));
#20184=CARTESIAN_POINT('',(113.87,-62.065,0.));
#20185=CARTESIAN_POINT('',(113.87,-30.4825,0.));
#20186=CARTESIAN_POINT('',(114.47,-62.065,0.));
#20187=CARTESIAN_POINT('Origin',(114.17,-62.065,0.));
#20188=CARTESIAN_POINT('',(114.47,-31.0325,0.));
#20189=CARTESIAN_POINT('',(113.87,-57.035,0.));
#20190=CARTESIAN_POINT('',(114.47,-57.035,0.));
#20191=CARTESIAN_POINT('Origin',(114.17,-57.035,0.));
#20192=CARTESIAN_POINT('',(113.87,-57.635,0.));
#20193=CARTESIAN_POINT('',(113.87,-28.5175,0.));
#20194=CARTESIAN_POINT('',(114.47,-57.635,0.));
#20195=CARTESIAN_POINT('Origin',(114.17,-57.635,0.));
#20196=CARTESIAN_POINT('',(114.47,-28.8175,0.));
#20197=CARTESIAN_POINT('',(115.6,-60.66,0.));
#20198=CARTESIAN_POINT('Origin',(115.6,-60.985,0.));
#20199=CARTESIAN_POINT('',(121.38,-60.66,0.));
#20200=CARTESIAN_POINT('Origin',(121.38,-60.985,0.));
#20201=CARTESIAN_POINT('',(122.51,-60.965,0.));
#20202=CARTESIAN_POINT('',(123.11,-60.965,0.));
#20203=CARTESIAN_POINT('Origin',(122.81,-60.965,0.));
#20204=CARTESIAN_POINT('',(122.51,-62.065,0.));
#20205=CARTESIAN_POINT('',(122.51,-30.4825,0.));
#20206=CARTESIAN_POINT('',(123.11,-62.065,0.));
#20207=CARTESIAN_POINT('Origin',(122.81,-62.065,0.));
#20208=CARTESIAN_POINT('',(123.11,-31.0325,0.));
#20209=CARTESIAN_POINT('',(122.51,-57.035,0.));
#20210=CARTESIAN_POINT('',(123.11,-57.035,0.));
#20211=CARTESIAN_POINT('Origin',(122.81,-57.035,0.));
#20212=CARTESIAN_POINT('',(122.51,-57.635,0.));
#20213=CARTESIAN_POINT('',(122.51,-28.5175,0.));
#20214=CARTESIAN_POINT('',(123.11,-57.635,0.));
#20215=CARTESIAN_POINT('Origin',(122.81,-57.635,0.));
#20216=CARTESIAN_POINT('',(123.11,-28.8175,0.));
#20217=CARTESIAN_POINT('',(125.603,-67.31,0.));
#20218=CARTESIAN_POINT('',(131.503,-67.27,0.));
#20219=CARTESIAN_POINT('',(125.603,-67.31,0.));
#20220=CARTESIAN_POINT('',(131.5,-65.85,0.));
#20221=CARTESIAN_POINT('',(131.503,-67.27,0.));
#20222=CARTESIAN_POINT('',(127.2,-65.85,0.));
#20223=CARTESIAN_POINT('',(131.5,-65.85,0.));
#20224=CARTESIAN_POINT('',(127.2,-58.1,0.));
#20225=CARTESIAN_POINT('',(127.2,-65.85,0.));
#20226=CARTESIAN_POINT('',(125.61,-58.1,0.));
#20227=CARTESIAN_POINT('',(127.2,-58.1,0.));
#20228=CARTESIAN_POINT('',(125.61,-58.1,0.));
#20229=CARTESIAN_POINT('Origin',(0.,0.,1.51));
#20230=CARTESIAN_POINT('',(88.138,-60.626,1.51));
#20231=CARTESIAN_POINT('Origin',(93.137999678834,-60.62599967883,1.51));
#20232=CARTESIAN_POINT('',(88.138,-94.06,1.51));
#20233=CARTESIAN_POINT('',(88.138,-94.06,1.51));
#20234=CARTESIAN_POINT('',(93.138,-99.06,1.51));
#20235=CARTESIAN_POINT('Origin',(93.137999678834,-94.06000032116,1.51));
#20236=CARTESIAN_POINT('',(129.4,-99.06,1.51));
#20237=CARTESIAN_POINT('',(129.4,-99.06,1.51));
#20238=CARTESIAN_POINT('Origin',(129.40000032116,-94.06000032116,1.51));
#20239=CARTESIAN_POINT('',(122.682,-97.028,1.51));
#20240=CARTESIAN_POINT('',(123.952,-97.028,1.51));
#20241=CARTESIAN_POINT('',(122.682,-97.028,1.51));
#20242=CARTESIAN_POINT('',(122.682,-89.662,1.51));
#20243=CARTESIAN_POINT('',(122.682,-89.662,1.51));
#20244=CARTESIAN_POINT('',(130.75,-89.671,1.51));
#20245=CARTESIAN_POINT('',(130.75,-89.671,1.51));
#20246=CARTESIAN_POINT('',(130.75,-91.44,1.51));
#20247=CARTESIAN_POINT('',(130.75,-91.44,1.51));
#20248=CARTESIAN_POINT('',(123.952,-91.44,1.51));
#20249=CARTESIAN_POINT('',(123.952,-91.44,1.51));
#20250=CARTESIAN_POINT('',(123.952,-97.028,1.51));
#20251=CARTESIAN_POINT('',(128.8542,-77.1828,1.51));
#20252=CARTESIAN_POINT('Origin',(128.8542,-78.2828,1.51));
#20253=CARTESIAN_POINT('',(98.0186,-61.13,1.51));
#20254=CARTESIAN_POINT('Origin',(98.0186,-62.23,1.51));
#20255=CARTESIAN_POINT('',(113.87,-60.965,1.51));
#20256=CARTESIAN_POINT('',(114.47,-60.965,1.51));
#20257=CARTESIAN_POINT('Origin',(114.17,-60.965,1.51));
#20258=CARTESIAN_POINT('',(114.47,-62.065,1.51));
#20259=CARTESIAN_POINT('',(114.47,-31.0325,1.51));
#20260=CARTESIAN_POINT('',(113.87,-62.065,1.51));
#20261=CARTESIAN_POINT('Origin',(114.17,-62.065,1.51));
#20262=CARTESIAN_POINT('',(113.87,-30.4825,1.51));
#20263=CARTESIAN_POINT('',(113.87,-57.035,1.51));
#20264=CARTESIAN_POINT('',(114.47,-57.035,1.51));
#20265=CARTESIAN_POINT('Origin',(114.17,-57.035,1.51));
#20266=CARTESIAN_POINT('',(114.47,-57.635,1.51));
#20267=CARTESIAN_POINT('',(114.47,-28.8175,1.51));
#20268=CARTESIAN_POINT('',(113.87,-57.635,1.51));
#20269=CARTESIAN_POINT('Origin',(114.17,-57.635,1.51));
#20270=CARTESIAN_POINT('',(113.87,-28.5175,1.51));
#20271=CARTESIAN_POINT('',(115.6,-60.66,1.51));
#20272=CARTESIAN_POINT('Origin',(115.6,-60.985,1.51));
#20273=CARTESIAN_POINT('',(121.38,-60.66,1.51));
#20274=CARTESIAN_POINT('Origin',(121.38,-60.985,1.51));
#20275=CARTESIAN_POINT('',(122.51,-60.965,1.51));
#20276=CARTESIAN_POINT('',(123.11,-60.965,1.51));
#20277=CARTESIAN_POINT('Origin',(122.81,-60.965,1.51));
#20278=CARTESIAN_POINT('',(123.11,-62.065,1.51));
#20279=CARTESIAN_POINT('',(123.11,-31.0325,1.51));
#20280=CARTESIAN_POINT('',(122.51,-62.065,1.51));
#20281=CARTESIAN_POINT('Origin',(122.81,-62.065,1.51));
#20282=CARTESIAN_POINT('',(122.51,-30.4825,1.51));
#20283=CARTESIAN_POINT('',(122.51,-57.035,1.51));
#20284=CARTESIAN_POINT('',(123.11,-57.035,1.51));
#20285=CARTESIAN_POINT('Origin',(122.81,-57.035,1.51));
#20286=CARTESIAN_POINT('',(123.11,-57.635,1.51));
#20287=CARTESIAN_POINT('',(123.11,-28.8175,1.51));
#20288=CARTESIAN_POINT('',(122.51,-57.635,1.51));
#20289=CARTESIAN_POINT('Origin',(122.81,-57.635,1.51));
#20290=CARTESIAN_POINT('',(122.51,-28.5175,1.51));
#20291=CARTESIAN_POINT('',(125.603,-67.31,1.51));
#20292=CARTESIAN_POINT('',(131.503,-67.27,1.51));
#20293=CARTESIAN_POINT('',(125.603,-67.31,1.51));
#20294=CARTESIAN_POINT('',(125.61,-58.1,1.51));
#20295=CARTESIAN_POINT('',(125.61,-58.1,1.51));
#20296=CARTESIAN_POINT('',(127.2,-58.1,1.51));
#20297=CARTESIAN_POINT('',(127.2,-58.1,1.51));
#20298=CARTESIAN_POINT('',(127.2,-65.85,1.51));
#20299=CARTESIAN_POINT('',(127.2,-65.85,1.51));
#20300=CARTESIAN_POINT('',(131.5,-65.85,1.51));
#20301=CARTESIAN_POINT('',(131.5,-65.85,1.51));
#20302=CARTESIAN_POINT('',(131.503,-67.27,1.51));
#20303=CARTESIAN_POINT('Origin',(93.137999678834,-60.62599967883,0.));
#20304=CARTESIAN_POINT('',(88.138,-60.626,0.));
#20305=CARTESIAN_POINT('Origin',(129.40000032116,-94.06000032116,0.));
#20306=CARTESIAN_POINT('',(129.4,-99.06,0.));
#20307=CARTESIAN_POINT('Origin',(88.138,-94.06,0.));
#20308=CARTESIAN_POINT('',(88.138,-94.06,0.));
#20309=CARTESIAN_POINT('Origin',(129.4,-99.06,0.));
#20310=CARTESIAN_POINT('',(93.138,-99.06,0.));
#20311=CARTESIAN_POINT('Origin',(93.137999678834,-94.06000032116,0.));
#20312=CARTESIAN_POINT('Origin',(122.682,-97.028,0.));
#20313=CARTESIAN_POINT('',(122.682,-97.028,0.));
#20314=CARTESIAN_POINT('',(123.952,-97.028,0.));
#20315=CARTESIAN_POINT('Origin',(122.682,-89.662,0.));
#20316=CARTESIAN_POINT('',(122.682,-89.662,0.));
#20317=CARTESIAN_POINT('Origin',(123.952,-97.028,0.));
#20318=CARTESIAN_POINT('',(123.952,-91.44,0.));
#20319=CARTESIAN_POINT('Origin',(130.75,-89.671,0.));
#20320=CARTESIAN_POINT('',(130.75,-89.671,0.));
#20321=CARTESIAN_POINT('Origin',(123.952,-91.44,0.));
#20322=CARTESIAN_POINT('',(130.75,-91.44,0.));
#20323=CARTESIAN_POINT('Origin',(130.75,-91.44,0.));
#20324=CARTESIAN_POINT('Origin',(128.8542,-78.2828,-0.046));
#20325=CARTESIAN_POINT('',(128.8542,-77.1828,-0.046));
#20326=CARTESIAN_POINT('Origin',(98.0186,-62.23,-0.046));
#20327=CARTESIAN_POINT('',(98.0186,-61.13,-0.046));
#20328=CARTESIAN_POINT('Origin',(114.17,-60.965,-0.046));
#20329=CARTESIAN_POINT('',(114.47,-60.965,-0.046));
#20330=CARTESIAN_POINT('',(113.87,-60.965,-0.046));
#20331=CARTESIAN_POINT('Origin',(113.87,-60.965,-0.046));
#20332=CARTESIAN_POINT('',(113.87,-62.065,-0.046));
#20333=CARTESIAN_POINT('Origin',(114.17,-62.065,-0.046));
#20334=CARTESIAN_POINT('',(114.47,-62.065,-0.046));
#20335=CARTESIAN_POINT('Origin',(114.47,-62.065,-0.046));
#20336=CARTESIAN_POINT('Origin',(114.17,-57.035,-0.046));
#20337=CARTESIAN_POINT('',(114.47,-57.035,-0.046));
#20338=CARTESIAN_POINT('',(113.87,-57.035,-0.046));
#20339=CARTESIAN_POINT('Origin',(113.87,-57.035,-0.046));
#20340=CARTESIAN_POINT('',(113.87,-57.635,-0.046));
#20341=CARTESIAN_POINT('Origin',(114.17,-57.635,-0.046));
#20342=CARTESIAN_POINT('',(114.47,-57.635,-0.046));
#20343=CARTESIAN_POINT('Origin',(114.47,-57.635,-0.046));
#20344=CARTESIAN_POINT('Origin',(115.6,-60.985,-0.046));
#20345=CARTESIAN_POINT('',(115.6,-60.66,-0.046));
#20346=CARTESIAN_POINT('Origin',(121.38,-60.985,-0.046));
#20347=CARTESIAN_POINT('',(121.38,-60.66,-0.046));
#20348=CARTESIAN_POINT('Origin',(122.81,-60.965,-0.046));
#20349=CARTESIAN_POINT('',(123.11,-60.965,-0.046));
#20350=CARTESIAN_POINT('',(122.51,-60.965,-0.046));
#20351=CARTESIAN_POINT('Origin',(122.51,-60.965,-0.046));
#20352=CARTESIAN_POINT('',(122.51,-62.065,-0.046));
#20353=CARTESIAN_POINT('Origin',(122.81,-62.065,-0.046));
#20354=CARTESIAN_POINT('',(123.11,-62.065,-0.046));
#20355=CARTESIAN_POINT('Origin',(123.11,-62.065,-0.046));
#20356=CARTESIAN_POINT('Origin',(122.81,-57.035,-0.046));
#20357=CARTESIAN_POINT('',(123.11,-57.035,-0.046));
#20358=CARTESIAN_POINT('',(122.51,-57.035,-0.046));
#20359=CARTESIAN_POINT('Origin',(122.51,-57.035,-0.046));
#20360=CARTESIAN_POINT('',(122.51,-57.635,-0.046));
#20361=CARTESIAN_POINT('Origin',(122.81,-57.635,-0.046));
#20362=CARTESIAN_POINT('',(123.11,-57.635,-0.046));
#20363=CARTESIAN_POINT('Origin',(123.11,-57.635,-0.046));
#20364=CARTESIAN_POINT('Origin',(125.603,-67.31,0.));
#20365=CARTESIAN_POINT('',(125.603,-67.31,0.));
#20366=CARTESIAN_POINT('',(131.503,-67.27,0.));
#20367=CARTESIAN_POINT('Origin',(125.61,-58.1,0.));
#20368=CARTESIAN_POINT('',(125.61,-58.1,0.));
#20369=CARTESIAN_POINT('Origin',(131.503,-67.27,0.));
#20370=CARTESIAN_POINT('',(131.5,-65.85,0.));
#20371=CARTESIAN_POINT('Origin',(127.2,-58.1,0.));
#20372=CARTESIAN_POINT('',(127.2,-58.1,0.));
#20373=CARTESIAN_POINT('Origin',(131.5,-65.85,0.));
#20374=CARTESIAN_POINT('',(127.2,-65.85,0.));
#20375=CARTESIAN_POINT('Origin',(127.2,-65.85,0.));
#20376=CARTESIAN_POINT('',(99.7,-90.225,-108.405));
#20377=CARTESIAN_POINT('',(118.49,-59.885,-106.905));
#20378=CARTESIAN_POINT('',(105.842,-90.371,-108.405));
#20379=CARTESIAN_POINT('',(7.105427357601E-14,2.,-110.));
#20380=CARTESIAN_POINT('Origin',(62.2879318921707,4.37776316,6.57762161289218));
#20381=CARTESIAN_POINT('',(90.5811079887206,4.37776316,24.6369991986658));
#20382=CARTESIAN_POINT('',(90.5811079887206,4.37776316,-11.4817559728814));
#20383=CARTESIAN_POINT('',(90.5811079887206,4.37776316,15.607310405779));
#20384=CARTESIAN_POINT('',(82.9195538787206,4.37776316000001,32.2985533086658));
#20385=CARTESIAN_POINT('Origin',(82.9195538787206,4.37776316,24.6369991986658));
#20386=CARTESIAN_POINT('',(41.6563099056208,4.37776316000001,32.2985533086658));
#20387=CARTESIAN_POINT('',(51.9721208988957,4.37776316,32.2985533086658));
#20388=CARTESIAN_POINT('',(33.9947557956208,4.37776316,24.6369991986658));
#20389=CARTESIAN_POINT('Origin',(41.6563099056208,4.37776316,24.6369991986658));
#20390=CARTESIAN_POINT('',(33.9947557956208,4.37776316,-11.4817559728814));
#20391=CARTESIAN_POINT('',(33.9947557956208,4.37776316,-2.45206717999461));
#20392=CARTESIAN_POINT('',(41.6563099056208,4.37776315999999,-19.1433100828814));
#20393=CARTESIAN_POINT('Origin',(41.6563099056208,4.37776316,-11.4817559728814));
#20394=CARTESIAN_POINT('',(82.9195538787206,4.37776315999999,-19.1433100828814));
#20395=CARTESIAN_POINT('',(72.6037428854456,4.37776316,-19.1433100828814));
#20396=CARTESIAN_POINT('Origin',(82.9195538787206,4.37776316,-11.4817559728814));
#20397=CARTESIAN_POINT('Origin',(41.6563099056208,7.37776316,-11.4817559728814));
#20398=CARTESIAN_POINT('',(33.9947557956208,18.133825,-11.4817559728814));
#20399=CARTESIAN_POINT('',(33.9947557956208,7.37776316,-11.4817559728814));
#20400=CARTESIAN_POINT('',(41.6563099056208,18.133825,-19.1433100828814));
#20401=CARTESIAN_POINT('Origin',(41.6563099056208,18.133825,-11.4817559728814));
#20402=CARTESIAN_POINT('',(41.6563099056208,7.37776315999999,-19.1433100828814));
#20403=CARTESIAN_POINT('Origin',(33.9947557956208,7.37776316,-11.4817559728814));
#20404=CARTESIAN_POINT('',(33.9947557956208,18.133825,24.6369991986658));
#20405=CARTESIAN_POINT('',(33.9947557956208,7.37776316,24.6369991986658));
#20406=CARTESIAN_POINT('',(33.9947557956208,18.133825,24.6369991986658));
#20407=CARTESIAN_POINT('Origin',(41.6563099056208,7.37776316,24.6369991986658));
#20408=CARTESIAN_POINT('',(41.6563099056208,18.133825,32.2985533086658));
#20409=CARTESIAN_POINT('',(41.6563099056208,7.37776316000001,32.2985533086658));
#20410=CARTESIAN_POINT('Origin',(41.6563099056208,18.133825,24.6369991986658));
#20411=CARTESIAN_POINT('Origin',(41.6563099056208,7.37776316000001,32.2985533086658));
#20412=CARTESIAN_POINT('',(82.9195538787206,18.133825,32.2985533086658));
#20413=CARTESIAN_POINT('',(82.9195538787206,7.37776316000001,32.2985533086658));
#20414=CARTESIAN_POINT('',(82.9195538787206,18.133825,32.2985533086658));
#20415=CARTESIAN_POINT('',(77.4999996572733,10.0000001490116,32.2985533086658));
#20416=CARTESIAN_POINT('',(76.4999996423721,10.0000001490116,32.2985533086658));
#20417=CARTESIAN_POINT('',(59.578154781447,10.0000001490116,32.2985533086658));
#20418=CARTESIAN_POINT('',(80.4948963811288,16.9311472521778,32.2985533086658));
#20419=CARTESIAN_POINT('',(71.5883973036549,1.47836854045607,32.2985533086658));
#20420=CARTESIAN_POINT('',(81.4948963811288,16.9311472521778,32.2985533086658));
#20421=CARTESIAN_POINT('',(61.0756031433748,16.9311472521778,32.2985533086658));
#20422=CARTESIAN_POINT('',(74.4611644553089,4.72762009439856,32.2985533086658));
#20423=CARTESIAN_POINT('',(71.4999996572733,10.0000001490116,32.2985533086658));
#20424=CARTESIAN_POINT('',(70.4999996423721,10.0000001490116,32.2985533086658));
#20425=CARTESIAN_POINT('',(56.578154781447,10.0000001490116,32.2985533086658));
#20426=CARTESIAN_POINT('',(74.4948963811288,16.9311472521778,32.2985533086658));
#20427=CARTESIAN_POINT('',(66.3364848000755,2.776300582961,32.2985533086658));
#20428=CARTESIAN_POINT('',(75.4948963811288,16.9311472521778,32.2985533086658));
#20429=CARTESIAN_POINT('',(58.0756031433748,16.9311472521778,32.2985533086658));
#20430=CARTESIAN_POINT('',(69.2092519475404,6.02555213447666,32.2985533086658));
#20431=CARTESIAN_POINT('',(74.4999996423721,10.0000001490116,32.2985533086658));
#20432=CARTESIAN_POINT('',(78.4948963811288,16.9311472521778,32.2985533086658));
#20433=CARTESIAN_POINT('',(69.8377598024618,1.91101255462438,32.2985533086658));
#20434=CARTESIAN_POINT('',(79.4948963811288,16.9311472521778,32.2985533086658));
#20435=CARTESIAN_POINT('',(60.0756031433748,16.9311472521778,32.2985533086658));
#20436=CARTESIAN_POINT('',(75.4999996572733,10.0000001490116,32.2985533086658));
#20437=CARTESIAN_POINT('',(72.7105269527194,5.16026410775794,32.2985533086658));
#20438=CARTESIAN_POINT('',(58.578154781447,10.0000001490116,32.2985533086658));
#20439=CARTESIAN_POINT('',(72.4999996423721,10.0000001490116,32.2985533086658));
#20440=CARTESIAN_POINT('',(76.4948963811288,16.9311472521778,32.2985533086658));
#20441=CARTESIAN_POINT('',(68.0871223012686,2.34365656879269,32.2985533086658));
#20442=CARTESIAN_POINT('',(77.4948963811288,16.9311472521778,32.2985533086658));
#20443=CARTESIAN_POINT('',(59.0756031433748,16.9311472521778,32.2985533086658));
#20444=CARTESIAN_POINT('',(73.4999996572733,10.0000001490116,32.2985533086658));
#20445=CARTESIAN_POINT('',(70.9598894501299,5.59290812111729,32.2985533086658));
#20446=CARTESIAN_POINT('',(57.5781547814471,10.0000001490116,32.2985533086658));
#20447=CARTESIAN_POINT('Origin',(49.0689726150665,7.81677862,-9.72134397653293));
#20448=CARTESIAN_POINT('',(49.0689726150665,9.56677862,-10.6213439765329));
#20449=CARTESIAN_POINT('Origin',(49.0689726150665,9.56677862,-9.72134397653293));
#20450=CARTESIAN_POINT('',(49.0689726150665,6.06677862,-10.6213439765329));
#20451=CARTESIAN_POINT('',(49.0689726150665,7.81677862,-10.6213439765329));
#20452=CARTESIAN_POINT('Origin',(49.0689726150665,6.06677862,-9.72134397653293));
#20453=CARTESIAN_POINT('Origin',(49.0689726150665,6.06677862,-9.72134397653293));
#20454=CARTESIAN_POINT('Origin',(79.8744224585475,7.81677862000007,6.26558906398047));
#20455=CARTESIAN_POINT('',(79.8744224585475,9.56677862,5.36558906398047));
#20456=CARTESIAN_POINT('Origin',(79.8744224585475,9.56677862,6.26558906398047));
#20457=CARTESIAN_POINT('',(79.8744224585475,6.06677862000007,5.36558906398047));
#20458=CARTESIAN_POINT('',(79.8744224585475,7.81677862000007,5.36558906398047));
#20459=CARTESIAN_POINT('Origin',(79.8744224585475,6.06677862000007,6.26558906398047));
#20460=CARTESIAN_POINT('Origin',(79.8744224585475,6.06677862000007,6.26558906398047));
#20461=CARTESIAN_POINT('Origin',(77.4948963811288,16.9311472521778,32.2985533086658));
#20462=CARTESIAN_POINT('',(73.4999996572733,10.0000001490116,30.1095378486658));
#20463=CARTESIAN_POINT('',(77.4948963811288,16.9311472521778,30.1095378486658));
#20464=CARTESIAN_POINT('',(76.1046422343252,14.5190558594915,30.1095378486658));
#20465=CARTESIAN_POINT('',(73.4999996572733,10.0000001490116,32.2985533086658));
#20466=CARTESIAN_POINT('',(77.4948963811288,16.9311472521778,32.2985533086658));
#20467=CARTESIAN_POINT('Origin',(76.4948963811288,16.9311472521778,32.2985533086658));
#20468=CARTESIAN_POINT('',(76.4948963811288,16.9311472521778,30.1095378486658));
#20469=CARTESIAN_POINT('',(79.7072251299247,16.9311472521778,30.1095378486658));
#20470=CARTESIAN_POINT('',(76.4948963811288,16.9311472521778,32.2985533086658));
#20471=CARTESIAN_POINT('Origin',(72.4999996423721,10.0000001490116,32.2985533086658));
#20472=CARTESIAN_POINT('',(72.4999996423721,10.0000001490116,30.1095378486658));
#20473=CARTESIAN_POINT('',(73.2318751142737,11.2698043238568,30.1095378486658));
#20474=CARTESIAN_POINT('',(72.4999996423721,10.0000001490116,32.2985533086658));
#20475=CARTESIAN_POINT('Origin',(73.4999996572733,10.0000001490116,32.2985533086658));
#20476=CARTESIAN_POINT('',(78.2097767679969,10.0000001490116,30.1095378486658));
#20477=CARTESIAN_POINT('Origin',(79.4948963811288,16.9311472521778,32.2985533086658));
#20478=CARTESIAN_POINT('',(75.4999996572733,10.0000001490116,30.1095378486658));
#20479=CARTESIAN_POINT('',(79.4948963811288,16.9311472521778,30.1095378486658));
#20480=CARTESIAN_POINT('',(77.8552797369147,14.0864118461321,30.1095378486658));
#20481=CARTESIAN_POINT('',(75.4999996572733,10.0000001490116,32.2985533086658));
#20482=CARTESIAN_POINT('',(79.4948963811288,16.9311472521778,32.2985533086658));
#20483=CARTESIAN_POINT('Origin',(78.4948963811288,16.9311472521778,32.2985533086658));
#20484=CARTESIAN_POINT('',(78.4948963811288,16.9311472521778,30.1095378486658));
#20485=CARTESIAN_POINT('',(80.7072251299247,16.9311472521778,30.1095378486658));
#20486=CARTESIAN_POINT('',(78.4948963811288,16.9311472521778,32.2985533086658));
#20487=CARTESIAN_POINT('Origin',(74.4999996423721,10.0000001490116,32.2985533086658));
#20488=CARTESIAN_POINT('',(74.4999996423721,10.0000001490116,30.1095378486658));
#20489=CARTESIAN_POINT('',(74.9825126154668,10.8371603096885,30.1095378486658));
#20490=CARTESIAN_POINT('',(74.4999996423721,10.0000001490116,32.2985533086658));
#20491=CARTESIAN_POINT('Origin',(75.4999996572733,10.0000001490116,32.2985533086658));
#20492=CARTESIAN_POINT('',(79.2097767679969,10.0000001490116,30.1095378486658));
#20493=CARTESIAN_POINT('Origin',(74.4948963811288,16.9311472521778,32.2985533086658));
#20494=CARTESIAN_POINT('',(75.4948963811288,16.9311472521778,30.1095378486658));
#20495=CARTESIAN_POINT('',(74.4948963811288,16.9311472521778,30.1095378486658));
#20496=CARTESIAN_POINT('',(78.7072251299247,16.9311472521778,30.1095378486658));
#20497=CARTESIAN_POINT('',(75.4948963811288,16.9311472521778,32.2985533086658));
#20498=CARTESIAN_POINT('',(74.4948963811288,16.9311472521778,32.2985533086658));
#20499=CARTESIAN_POINT('Origin',(70.4999996423721,10.0000001490116,32.2985533086658));
#20500=CARTESIAN_POINT('',(70.4999996423721,10.0000001490116,30.1095378486658));
#20501=CARTESIAN_POINT('',(71.4812376130806,11.7024483380251,30.1095378486658));
#20502=CARTESIAN_POINT('',(70.4999996423721,10.0000001490116,32.2985533086658));
#20503=CARTESIAN_POINT('Origin',(71.4999996572733,10.0000001490116,32.2985533086658));
#20504=CARTESIAN_POINT('',(71.4999996572733,10.0000001490116,30.1095378486658));
#20505=CARTESIAN_POINT('',(77.2097767679969,10.0000001490116,30.1095378486658));
#20506=CARTESIAN_POINT('',(71.4999996572733,10.0000001490116,32.2985533086658));
#20507=CARTESIAN_POINT('Origin',(75.4948963811288,16.9311472521778,32.2985533086658));
#20508=CARTESIAN_POINT('',(74.3540047317357,14.9516998728508,30.1095378486658));
#20509=CARTESIAN_POINT('Origin',(80.4948963811288,16.9311472521778,32.2985533086658));
#20510=CARTESIAN_POINT('',(81.4948963811288,16.9311472521778,30.1095378486658));
#20511=CARTESIAN_POINT('',(80.4948963811288,16.9311472521778,30.1095378486658));
#20512=CARTESIAN_POINT('',(81.7072251299247,16.9311472521778,30.1095378486658));
#20513=CARTESIAN_POINT('',(81.4948963811288,16.9311472521778,32.2985533086658));
#20514=CARTESIAN_POINT('',(80.4948963811288,16.9311472521778,32.2985533086658));
#20515=CARTESIAN_POINT('Origin',(76.4999996423721,10.0000001490116,32.2985533086658));
#20516=CARTESIAN_POINT('',(76.4999996423721,10.0000001490116,30.1095378486658));
#20517=CARTESIAN_POINT('',(76.7331501166599,10.4045162955202,30.1095378486658));
#20518=CARTESIAN_POINT('',(76.4999996423721,10.0000001490116,32.2985533086658));
#20519=CARTESIAN_POINT('Origin',(77.4999996572733,10.0000001490116,32.2985533086658));
#20520=CARTESIAN_POINT('',(77.4999996572733,10.0000001490116,30.1095378486658));
#20521=CARTESIAN_POINT('',(80.2097767679969,10.0000001490116,30.1095378486658));
#20522=CARTESIAN_POINT('',(77.4999996572733,10.0000001490116,32.2985533086658));
#20523=CARTESIAN_POINT('Origin',(81.4948963811288,16.9311472521778,32.2985533086658));
#20524=CARTESIAN_POINT('',(79.6059172395042,13.6537678327727,30.1095378486658));
#20525=CARTESIAN_POINT('Origin',(82.0000012218952,13.5000002458692,-19.1433100828814));
#20526=CARTESIAN_POINT('',(82.0000012218952,14.0000002533197,-16.9542946228814));
#20527=CARTESIAN_POINT('',(82.0000012218952,13.5000002458692,-16.9542946228814));
#20528=CARTESIAN_POINT('',(82.0000012218952,10.4388817029346,-16.9542946228814));
#20529=CARTESIAN_POINT('',(82.0000012218952,14.0000002533197,-19.1433100828814));
#20530=CARTESIAN_POINT('',(82.0000012218952,14.0000002533197,-19.1433100828814));
#20531=CARTESIAN_POINT('',(82.0000012218952,13.5000002458692,-19.1433100828814));
#20532=CARTESIAN_POINT('',(82.0000012218952,10.4388817029346,-19.1433100828814));
#20533=CARTESIAN_POINT('',(82.0000012218952,13.5000002458692,-19.1433100828814));
#20534=CARTESIAN_POINT('Origin',(79.5000011846423,13.5000002458692,-19.1433100828814));
#20535=CARTESIAN_POINT('',(79.5000011846423,13.5000002458692,-16.9542946228814));
#20536=CARTESIAN_POINT('',(60.5781555451316,13.5000002458692,-16.9542946228814));
#20537=CARTESIAN_POINT('',(79.5000011846423,13.5000002458692,-19.1433100828814));
#20538=CARTESIAN_POINT('',(81.2097775316815,13.5000002458692,-19.1433100828814));
#20539=CARTESIAN_POINT('',(79.5000011846423,13.5000002458692,-19.1433100828814));
#20540=CARTESIAN_POINT('Origin',(79.5000011846423,14.0000002533197,-19.1433100828814));
#20541=CARTESIAN_POINT('',(79.5000011846423,14.0000002533197,-16.9542946228814));
#20542=CARTESIAN_POINT('',(79.5000011846423,10.6888817066599,-16.9542946228814));
#20543=CARTESIAN_POINT('',(79.5000011846423,14.0000002533197,-19.1433100828814));
#20544=CARTESIAN_POINT('',(79.5000011846423,10.6888817066599,-19.1433100828814));
#20545=CARTESIAN_POINT('',(79.5000011846423,14.0000002533197,-19.1433100828814));
#20546=CARTESIAN_POINT('Origin',(82.0000012218952,14.0000002533197,-19.1433100828814));
#20547=CARTESIAN_POINT('',(61.828155563758,14.0000002533197,-16.9542946228814));
#20548=CARTESIAN_POINT('',(82.4597775503079,14.0000002533197,-19.1433100828814));
#20549=CARTESIAN_POINT('Origin',(79.5000011846423,9.50000025331974,-19.1433100828814));
#20550=CARTESIAN_POINT('',(79.5000011846423,9.50000025331974,-19.1433100828814));
#20551=CARTESIAN_POINT('',(79.5000011846423,9.00000024586916,-19.1433100828814));
#20552=CARTESIAN_POINT('',(79.5000011846423,8.43888170665987,-19.1433100828814));
#20553=CARTESIAN_POINT('',(79.5000011846423,9.50000025331974,-15.1433100828814));
#20554=CARTESIAN_POINT('',(79.5000011846423,9.50000025331974,-19.1433100828814));
#20555=CARTESIAN_POINT('',(79.5000011846423,9.00000024586916,-15.1433100828814));
#20556=CARTESIAN_POINT('',(79.5000011846423,9.50000025331974,-15.1433100828814));
#20557=CARTESIAN_POINT('',(79.5000011846423,9.00000024586916,-19.1433100828814));
#20558=CARTESIAN_POINT('Origin',(82.0000012218952,9.50000025331974,-19.1433100828814));
#20559=CARTESIAN_POINT('',(82.0000012218952,9.50000025331974,-19.1433100828814));
#20560=CARTESIAN_POINT('',(82.4597775503079,9.50000025331974,-19.1433100828814));
#20561=CARTESIAN_POINT('',(82.0000012218952,9.50000025331974,-15.1433100828814));
#20562=CARTESIAN_POINT('',(82.0000012218952,9.50000025331974,-19.1433100828814));
#20563=CARTESIAN_POINT('',(82.0000012218952,9.50000025331974,-15.1433100828814));
#20564=CARTESIAN_POINT('Origin',(82.0000012218952,9.00000024586916,-19.1433100828814));
#20565=CARTESIAN_POINT('',(82.0000012218952,9.00000024586916,-19.1433100828814));
#20566=CARTESIAN_POINT('',(82.0000012218952,8.18888170293458,-19.1433100828814));
#20567=CARTESIAN_POINT('',(82.0000012218952,9.00000024586916,-15.1433100828814));
#20568=CARTESIAN_POINT('',(82.0000012218952,9.00000024586916,-19.1433100828814));
#20569=CARTESIAN_POINT('',(82.0000012218952,9.00000024586916,-15.1433100828814));
#20570=CARTESIAN_POINT('Origin',(79.5000011846423,9.00000024586916,-19.1433100828814));
#20571=CARTESIAN_POINT('',(81.2097775316815,9.00000024586916,-19.1433100828814));
#20572=CARTESIAN_POINT('',(79.5000011846423,9.00000024586916,-15.1433100828814));
#20573=CARTESIAN_POINT('Origin',(80.7500012032688,9.25000024959445,-15.1433100828814));
#20574=CARTESIAN_POINT('Origin',(79.5000011846423,15.5000002533197,-19.1433100828814));
#20575=CARTESIAN_POINT('',(79.5000011846423,15.0000002458692,-16.9542946228814));
#20576=CARTESIAN_POINT('',(79.5000011846423,15.5000002533197,-16.9542946228814));
#20577=CARTESIAN_POINT('',(79.5000011846423,11.4388817066599,-16.9542946228814));
#20578=CARTESIAN_POINT('',(79.5000011846423,15.0000002458692,-19.1433100828814));
#20579=CARTESIAN_POINT('',(79.5000011846423,15.0000002458692,-19.1433100828814));
#20580=CARTESIAN_POINT('',(79.5000011846423,15.5000002533197,-19.1433100828814));
#20581=CARTESIAN_POINT('',(79.5000011846423,11.4388817066599,-19.1433100828814));
#20582=CARTESIAN_POINT('',(79.5000011846423,15.5000002533197,-19.1433100828814));
#20583=CARTESIAN_POINT('Origin',(82.0000012218952,15.5000002533197,-19.1433100828814));
#20584=CARTESIAN_POINT('',(82.0000012218952,15.5000002533197,-16.9542946228814));
#20585=CARTESIAN_POINT('',(61.828155563758,15.5000002533197,-16.9542946228814));
#20586=CARTESIAN_POINT('',(82.0000012218952,15.5000002533197,-19.1433100828814));
#20587=CARTESIAN_POINT('',(82.4597775503079,15.5000002533197,-19.1433100828814));
#20588=CARTESIAN_POINT('',(82.0000012218952,15.5000002533197,-19.1433100828814));
#20589=CARTESIAN_POINT('Origin',(82.0000012218952,15.0000002458692,-19.1433100828814));
#20590=CARTESIAN_POINT('',(82.0000012218952,15.0000002458692,-16.9542946228814));
#20591=CARTESIAN_POINT('',(82.0000012218952,11.1888817029346,-16.9542946228814));
#20592=CARTESIAN_POINT('',(82.0000012218952,15.0000002458692,-19.1433100828814));
#20593=CARTESIAN_POINT('',(82.0000012218952,11.1888817029346,-19.1433100828814));
#20594=CARTESIAN_POINT('',(82.0000012218952,15.0000002458692,-19.1433100828814));
#20595=CARTESIAN_POINT('Origin',(79.5000011846423,15.0000002458692,-19.1433100828814));
#20596=CARTESIAN_POINT('',(60.5781555451316,15.0000002458692,-16.9542946228814));
#20597=CARTESIAN_POINT('',(81.2097775316815,15.0000002458692,-19.1433100828814));
#20598=CARTESIAN_POINT('Origin',(79.5000011846423,12.0000002458692,-19.1433100828814));
#20599=CARTESIAN_POINT('',(82.0000012218952,12.0000002458692,-16.9542946228814));
#20600=CARTESIAN_POINT('',(79.5000011846423,12.0000002458692,-16.9542946228814));
#20601=CARTESIAN_POINT('',(60.5781555451316,12.0000002458692,-16.9542946228814));
#20602=CARTESIAN_POINT('',(82.0000012218952,12.0000002458692,-19.1433100828814));
#20603=CARTESIAN_POINT('',(82.0000012218952,12.0000002458692,-19.1433100828814));
#20604=CARTESIAN_POINT('',(79.5000011846423,12.0000002458692,-19.1433100828814));
#20605=CARTESIAN_POINT('',(81.2097775316815,12.0000002458692,-19.1433100828814));
#20606=CARTESIAN_POINT('',(79.5000011846423,12.0000002458692,-19.1433100828814));
#20607=CARTESIAN_POINT('Origin',(79.5000011846423,12.5000002533197,-19.1433100828814));
#20608=CARTESIAN_POINT('',(79.5000011846423,12.5000002533197,-16.9542946228814));
#20609=CARTESIAN_POINT('',(79.5000011846423,9.93888170665987,-16.9542946228814));
#20610=CARTESIAN_POINT('',(79.5000011846423,12.5000002533197,-19.1433100828814));
#20611=CARTESIAN_POINT('',(79.5000011846423,9.93888170665987,-19.1433100828814));
#20612=CARTESIAN_POINT('',(79.5000011846423,12.5000002533197,-19.1433100828814));
#20613=CARTESIAN_POINT('Origin',(82.0000012218952,12.5000002533197,-19.1433100828814));
#20614=CARTESIAN_POINT('',(82.0000012218952,12.5000002533197,-16.9542946228814));
#20615=CARTESIAN_POINT('',(61.828155563758,12.5000002533197,-16.9542946228814));
#20616=CARTESIAN_POINT('',(82.0000012218952,12.5000002533197,-19.1433100828814));
#20617=CARTESIAN_POINT('',(82.4597775503079,12.5000002533197,-19.1433100828814));
#20618=CARTESIAN_POINT('',(82.0000012218952,12.5000002533197,-19.1433100828814));
#20619=CARTESIAN_POINT('Origin',(82.0000012218952,12.0000002458692,-19.1433100828814));
#20620=CARTESIAN_POINT('',(82.0000012218952,9.68888170293458,-16.9542946228814));
#20621=CARTESIAN_POINT('',(82.0000012218952,9.68888170293458,-19.1433100828814));
#20622=CARTESIAN_POINT('Origin',(82.0000012218952,10.5000002458692,-19.1433100828814));
#20623=CARTESIAN_POINT('',(82.0000012218952,11.0000002533197,-16.9542946228814));
#20624=CARTESIAN_POINT('',(82.0000012218952,10.5000002458692,-16.9542946228814));
#20625=CARTESIAN_POINT('',(82.0000012218952,8.93888170293458,-16.9542946228814));
#20626=CARTESIAN_POINT('',(82.0000012218952,11.0000002533197,-19.1433100828814));
#20627=CARTESIAN_POINT('',(82.0000012218952,11.0000002533197,-19.1433100828814));
#20628=CARTESIAN_POINT('',(82.0000012218952,10.5000002458692,-19.1433100828814));
#20629=CARTESIAN_POINT('',(82.0000012218952,8.93888170293458,-19.1433100828814));
#20630=CARTESIAN_POINT('',(82.0000012218952,10.5000002458692,-19.1433100828814));
#20631=CARTESIAN_POINT('Origin',(79.5000011846423,10.5000002458692,-19.1433100828814));
#20632=CARTESIAN_POINT('',(79.5000011846423,10.5000002458692,-16.9542946228814));
#20633=CARTESIAN_POINT('',(60.5781555451316,10.5000002458692,-16.9542946228814));
#20634=CARTESIAN_POINT('',(79.5000011846423,10.5000002458692,-19.1433100828814));
#20635=CARTESIAN_POINT('',(81.2097775316815,10.5000002458692,-19.1433100828814));
#20636=CARTESIAN_POINT('',(79.5000011846423,10.5000002458692,-19.1433100828814));
#20637=CARTESIAN_POINT('Origin',(79.5000011846423,11.0000002533197,-19.1433100828814));
#20638=CARTESIAN_POINT('',(79.5000011846423,11.0000002533197,-16.9542946228814));
#20639=CARTESIAN_POINT('',(79.5000011846423,9.18888170665987,-16.9542946228814));
#20640=CARTESIAN_POINT('',(79.5000011846423,11.0000002533197,-19.1433100828814));
#20641=CARTESIAN_POINT('',(79.5000011846423,9.18888170665987,-19.1433100828814));
#20642=CARTESIAN_POINT('',(79.5000011846423,11.0000002533197,-19.1433100828814));
#20643=CARTESIAN_POINT('Origin',(82.0000012218952,11.0000002533197,-19.1433100828814));
#20644=CARTESIAN_POINT('',(61.828155563758,11.0000002533197,-16.9542946228814));
#20645=CARTESIAN_POINT('',(82.4597775503079,11.0000002533197,-19.1433100828814));
#20646=CARTESIAN_POINT('Origin',(82.0000012218952,16.5000002458692,-19.1433100828814));
#20647=CARTESIAN_POINT('',(82.0000012218952,17.0000002533197,-16.9542946228814));
#20648=CARTESIAN_POINT('',(82.0000012218952,16.5000002458692,-16.9542946228814));
#20649=CARTESIAN_POINT('',(82.0000012218952,11.9388817029346,-16.9542946228814));
#20650=CARTESIAN_POINT('',(82.0000012218952,17.0000002533197,-19.1433100828814));
#20651=CARTESIAN_POINT('',(82.0000012218952,17.0000002533197,-19.1433100828814));
#20652=CARTESIAN_POINT('',(82.0000012218952,16.5000002458692,-19.1433100828814));
#20653=CARTESIAN_POINT('',(82.0000012218952,11.9388817029346,-19.1433100828814));
#20654=CARTESIAN_POINT('',(82.0000012218952,16.5000002458692,-19.1433100828814));
#20655=CARTESIAN_POINT('Origin',(79.5000011846423,16.5000002458692,-19.1433100828814));
#20656=CARTESIAN_POINT('',(79.5000011846423,16.5000002458692,-16.9542946228814));
#20657=CARTESIAN_POINT('',(60.5781555451316,16.5000002458692,-16.9542946228814));
#20658=CARTESIAN_POINT('',(79.5000011846423,16.5000002458692,-19.1433100828814));
#20659=CARTESIAN_POINT('',(81.2097775316815,16.5000002458692,-19.1433100828814));
#20660=CARTESIAN_POINT('',(79.5000011846423,16.5000002458692,-19.1433100828814));
#20661=CARTESIAN_POINT('Origin',(79.5000011846423,17.0000002533197,-19.1433100828814));
#20662=CARTESIAN_POINT('',(79.5000011846423,17.0000002533197,-16.9542946228814));
#20663=CARTESIAN_POINT('',(79.5000011846423,12.1888817066599,-16.9542946228814));
#20664=CARTESIAN_POINT('',(79.5000011846423,17.0000002533197,-19.1433100828814));
#20665=CARTESIAN_POINT('',(79.5000011846423,12.1888817066599,-19.1433100828814));
#20666=CARTESIAN_POINT('',(79.5000011846423,17.0000002533197,-19.1433100828814));
#20667=CARTESIAN_POINT('Origin',(82.0000012218952,17.0000002533197,-19.1433100828814));
#20668=CARTESIAN_POINT('',(61.828155563758,17.0000002533197,-16.9542946228814));
#20669=CARTESIAN_POINT('',(82.4597775503079,17.0000002533197,-19.1433100828814));
#20670=CARTESIAN_POINT('Origin',(90.5811079887206,16.9311472521778,18.0051036188712));
#20671=CARTESIAN_POINT('',(88.3920925287206,16.9311472521778,17.0051036188712));
#20672=CARTESIAN_POINT('',(88.3920925287206,16.9311472521778,18.0051036188712));
#20673=CARTESIAN_POINT('',(88.3920925287206,16.9311472521778,3.26167382299489));
#20674=CARTESIAN_POINT('',(90.5811079887206,16.9311472521778,17.0051036188712));
#20675=CARTESIAN_POINT('',(90.5811079887206,16.9311472521778,17.0051036188712));
#20676=CARTESIAN_POINT('',(90.5811079887206,16.9311472521778,18.0051036188712));
#20677=CARTESIAN_POINT('',(90.5811079887206,16.9311472521778,21.3210514087685));
#20678=CARTESIAN_POINT('',(90.5811079887206,16.9311472521778,18.0051036188712));
#20679=CARTESIAN_POINT('Origin',(90.5811079887206,10.0000001490116,22.0000003576279));
#20680=CARTESIAN_POINT('',(88.3920925287206,10.0000001490116,22.0000003576279));
#20681=CARTESIAN_POINT('',(88.3920925287206,16.2586661686461,18.3927007146317));
#20682=CARTESIAN_POINT('',(90.5811079887206,10.0000001490116,22.0000003576279));
#20683=CARTESIAN_POINT('',(90.5811079887206,8.44538455655578,22.8960322363172));
#20684=CARTESIAN_POINT('',(90.5811079887206,10.0000001490116,22.0000003576279));
#20685=CARTESIAN_POINT('Origin',(90.5811079887206,10.0000001490116,21.0000003427267));
#20686=CARTESIAN_POINT('',(88.3920925287206,10.0000001490116,21.0000003427267));
#20687=CARTESIAN_POINT('',(88.3920925287206,10.0000001490116,4.75912218492265));
#20688=CARTESIAN_POINT('',(90.5811079887206,10.0000001490116,21.0000003427267));
#20689=CARTESIAN_POINT('',(90.5811079887206,10.0000001490116,22.8184997706962));
#20690=CARTESIAN_POINT('',(90.5811079887206,10.0000001490116,21.0000003427267));
#20691=CARTESIAN_POINT('Origin',(90.5811079887206,16.9311472521778,17.0051036188712));
#20692=CARTESIAN_POINT('',(88.3920925287206,19.5079176949527,15.5199336106821));
#20693=CARTESIAN_POINT('',(90.5811079887206,11.6946360974715,20.0232651071497));
#20694=CARTESIAN_POINT('Origin',(90.5811079887206,9.93114725217776,-2.99489638112881));
#20695=CARTESIAN_POINT('',(88.3920925287206,16.8622943553439,-6.98979310498432));
#20696=CARTESIAN_POINT('',(88.3920925287206,9.93114725217776,-2.99489638112881));
#20697=CARTESIAN_POINT('',(88.3920925287206,10.8087088204223,-3.50069546197075));
#20698=CARTESIAN_POINT('',(90.5811079887206,16.8622943553439,-6.98979310498432));
#20699=CARTESIAN_POINT('',(90.5811079887206,16.8622943553439,-6.98979310498432));
#20700=CARTESIAN_POINT('',(90.5811079887206,9.93114725217776,-2.99489638112881));
#20701=CARTESIAN_POINT('',(90.5811079887206,2.99542722294117,1.00263603449682));
#20702=CARTESIAN_POINT('',(90.5811079887206,9.93114725217776,-2.99489638112881));
#20703=CARTESIAN_POINT('Origin',(90.5811079887206,9.93114725217776,-3.99489638112881));
#20704=CARTESIAN_POINT('',(88.3920925287206,9.93114725217776,-3.99489638112881));
#20705=CARTESIAN_POINT('',(88.3920925287206,9.93114725217776,-7.73832617700511));
#20706=CARTESIAN_POINT('',(90.5811079887206,9.93114725217776,-3.99489638112881));
#20707=CARTESIAN_POINT('',(90.5811079887206,9.93114725217776,10.3210514087685));
#20708=CARTESIAN_POINT('',(90.5811079887206,9.93114725217776,-3.99489638112881));
#20709=CARTESIAN_POINT('Origin',(90.5811079887206,16.8622943553439,-7.98979311988548));
#20710=CARTESIAN_POINT('',(88.3920925287206,16.8622943553439,-7.98979311988548));
#20711=CARTESIAN_POINT('',(88.3920925287206,14.0579603701367,-6.37346258683834));
#20712=CARTESIAN_POINT('',(90.5811079887206,16.8622943553439,-7.98979311988548));
#20713=CARTESIAN_POINT('',(90.5811079887206,6.24467875804644,-1.87013106515288));
#20714=CARTESIAN_POINT('',(90.5811079887206,16.8622943553439,-7.98979311988548));
#20715=CARTESIAN_POINT('Origin',(90.5811079887206,16.8622943553439,-6.98979310498432));
#20716=CARTESIAN_POINT('',(88.3920925287206,16.8622943553439,-9.23577453893287));
#20717=CARTESIAN_POINT('',(90.5811079887206,16.8622943553439,8.82360304684072));
#20718=CARTESIAN_POINT('Origin',(90.5811079887206,9.93114725217776,-0.994896381128807));
#20719=CARTESIAN_POINT('',(88.3920925287206,16.8622943553439,-4.98979310498432));
#20720=CARTESIAN_POINT('',(88.3920925287206,9.93114725217776,-0.994896381128807));
#20721=CARTESIAN_POINT('',(88.3920925287206,11.2413528337817,-1.75005795938124));
#20722=CARTESIAN_POINT('',(90.5811079887206,16.8622943553439,-4.98979310498432));
#20723=CARTESIAN_POINT('',(90.5811079887206,16.8622943553439,-4.98979310498432));
#20724=CARTESIAN_POINT('',(90.5811079887206,9.93114725217776,-0.994896381128807));
#20725=CARTESIAN_POINT('',(90.5811079887206,3.42807123630053,2.75327353708633));
#20726=CARTESIAN_POINT('',(90.5811079887206,9.93114725217776,-0.994896381128807));
#20727=CARTESIAN_POINT('Origin',(90.5811079887206,9.93114725217776,-1.99489638112881));
#20728=CARTESIAN_POINT('',(88.3920925287206,9.93114725217776,-1.99489638112881));
#20729=CARTESIAN_POINT('',(88.3920925287206,9.93114725217776,-6.73832617700511));
#20730=CARTESIAN_POINT('',(90.5811079887206,9.93114725217776,-1.99489638112881));
#20731=CARTESIAN_POINT('',(90.5811079887206,9.93114725217776,11.3210514087685));
#20732=CARTESIAN_POINT('',(90.5811079887206,9.93114725217776,-1.99489638112881));
#20733=CARTESIAN_POINT('Origin',(90.5811079887206,16.8622943553439,-5.98979311988548));
#20734=CARTESIAN_POINT('',(88.3920925287206,16.8622943553439,-5.98979311988548));
#20735=CARTESIAN_POINT('',(88.3920925287206,14.490604384305,-4.62282508564522));
#20736=CARTESIAN_POINT('',(90.5811079887206,16.8622943553439,-5.98979311988548));
#20737=CARTESIAN_POINT('',(90.5811079887206,6.67732277221475,-0.119493563959766));
#20738=CARTESIAN_POINT('',(90.5811079887206,16.8622943553439,-5.98979311988548));
#20739=CARTESIAN_POINT('Origin',(90.5811079887206,16.8622943553439,-4.98979310498432));
#20740=CARTESIAN_POINT('',(88.3920925287206,16.8622943553439,-8.23577453893287));
#20741=CARTESIAN_POINT('',(90.5811079887206,16.8622943553439,9.82360304684072));
#20742=CARTESIAN_POINT('Origin',(90.5811079887206,10.0000001490116,19.0000003427267));
#20743=CARTESIAN_POINT('',(88.3920925287206,10.0000001490116,20.0000003576279));
#20744=CARTESIAN_POINT('',(88.3920925287206,10.0000001490116,19.0000003427267));
#20745=CARTESIAN_POINT('',(88.3920925287206,10.0000001490116,3.75912218492265));
#20746=CARTESIAN_POINT('',(90.5811079887206,10.0000001490116,20.0000003576279));
#20747=CARTESIAN_POINT('',(90.5811079887206,10.0000001490116,20.0000003576279));
#20748=CARTESIAN_POINT('',(90.5811079887206,10.0000001490116,19.0000003427267));
#20749=CARTESIAN_POINT('',(90.5811079887206,10.0000001490116,21.8184997706962));
#20750=CARTESIAN_POINT('',(90.5811079887206,10.0000001490116,19.0000003427267));
#20751=CARTESIAN_POINT('Origin',(90.5811079887206,16.9311472521778,15.0051036188712));
#20752=CARTESIAN_POINT('',(88.3920925287206,16.9311472521778,15.0051036188712));
#20753=CARTESIAN_POINT('',(88.3920925287206,19.0752736815933,13.7692961080926));
#20754=CARTESIAN_POINT('',(90.5811079887206,16.9311472521778,15.0051036188712));
#20755=CARTESIAN_POINT('',(90.5811079887206,11.2619920841121,18.2726276045601));
#20756=CARTESIAN_POINT('',(90.5811079887206,16.9311472521778,15.0051036188712));
#20757=CARTESIAN_POINT('Origin',(90.5811079887206,16.9311472521778,16.0051036188712));
#20758=CARTESIAN_POINT('',(88.3920925287206,16.9311472521778,16.0051036188712));
#20759=CARTESIAN_POINT('',(88.3920925287206,16.9311472521778,2.26167382299489));
#20760=CARTESIAN_POINT('',(90.5811079887206,16.9311472521778,16.0051036188712));
#20761=CARTESIAN_POINT('',(90.5811079887206,16.9311472521778,20.3210514087685));
#20762=CARTESIAN_POINT('',(90.5811079887206,16.9311472521778,16.0051036188712));
#20763=CARTESIAN_POINT('Origin',(90.5811079887206,10.0000001490116,20.0000003576279));
#20764=CARTESIAN_POINT('',(88.3920925287206,15.8260221544778,16.6420632134386));
#20765=CARTESIAN_POINT('',(90.5811079887206,8.01274054238747,21.1453947351241));
#20766=CARTESIAN_POINT('Origin',(90.5811079887206,16.9311472521778,20.0051036188712));
#20767=CARTESIAN_POINT('',(88.3920925287206,16.9311472521778,19.0051036188712));
#20768=CARTESIAN_POINT('',(88.3920925287206,16.9311472521778,20.0051036188712));
#20769=CARTESIAN_POINT('',(88.3920925287206,16.9311472521778,4.26167382299489));
#20770=CARTESIAN_POINT('',(90.5811079887206,16.9311472521778,19.0051036188712));
#20771=CARTESIAN_POINT('',(90.5811079887206,16.9311472521778,19.0051036188712));
#20772=CARTESIAN_POINT('',(90.5811079887206,16.9311472521778,20.0051036188712));
#20773=CARTESIAN_POINT('',(90.5811079887206,16.9311472521778,22.3210514087685));
#20774=CARTESIAN_POINT('',(90.5811079887206,16.9311472521778,20.0051036188712));
#20775=CARTESIAN_POINT('Origin',(90.5811079887206,10.0000001490116,24.0000003576279));
#20776=CARTESIAN_POINT('',(88.3920925287206,10.0000001490116,24.0000003576279));
#20777=CARTESIAN_POINT('',(88.3920925287206,16.6913101828144,20.1433382158249));
#20778=CARTESIAN_POINT('',(90.5811079887206,10.0000001490116,24.0000003576279));
#20779=CARTESIAN_POINT('',(90.5811079887206,8.87802857072409,24.6466697375103));
#20780=CARTESIAN_POINT('',(90.5811079887206,10.0000001490116,24.0000003576279));
#20781=CARTESIAN_POINT('Origin',(90.5811079887206,10.0000001490116,23.0000003427267));
#20782=CARTESIAN_POINT('',(88.3920925287206,10.0000001490116,23.0000003427267));
#20783=CARTESIAN_POINT('',(88.3920925287206,10.0000001490116,5.75912218492265));
#20784=CARTESIAN_POINT('',(90.5811079887206,10.0000001490116,23.0000003427267));
#20785=CARTESIAN_POINT('',(90.5811079887206,10.0000001490116,23.8184997706962));
#20786=CARTESIAN_POINT('',(90.5811079887206,10.0000001490116,23.0000003427267));
#20787=CARTESIAN_POINT('Origin',(90.5811079887206,16.9311472521778,19.0051036188712));
#20788=CARTESIAN_POINT('',(88.3920925287206,19.940561708312,17.2705711132716));
#20789=CARTESIAN_POINT('',(90.5811079887206,12.1272801108309,21.7739026097392));
#20790=CARTESIAN_POINT('Origin',(90.5811079887206,9.93114725217776,-5.99489638112881));
#20791=CARTESIAN_POINT('',(88.3920925287206,9.93114725217776,-4.99489638112881));
#20792=CARTESIAN_POINT('',(88.3920925287206,9.93114725217776,-5.99489638112881));
#20793=CARTESIAN_POINT('',(88.3920925287206,9.93114725217776,-8.73832617700511));
#20794=CARTESIAN_POINT('',(90.5811079887206,9.93114725217776,-4.99489638112881));
#20795=CARTESIAN_POINT('',(90.5811079887206,9.93114725217776,-4.99489638112881));
#20796=CARTESIAN_POINT('',(90.5811079887206,9.93114725217776,-5.99489638112881));
#20797=CARTESIAN_POINT('',(90.5811079887206,9.93114725217776,9.32105140876848));
#20798=CARTESIAN_POINT('',(90.5811079887206,9.93114725217776,-5.99489638112881));
#20799=CARTESIAN_POINT('Origin',(90.5811079887206,16.8622943553439,-9.98979311988548));
#20800=CARTESIAN_POINT('',(88.3920925287206,16.8622943553439,-9.98979311988548));
#20801=CARTESIAN_POINT('',(88.3920925287206,13.6253163559684,-8.12410008803146));
#20802=CARTESIAN_POINT('',(90.5811079887206,16.8622943553439,-9.98979311988548));
#20803=CARTESIAN_POINT('',(90.5811079887206,5.81203474387813,-3.620768566346));
#20804=CARTESIAN_POINT('',(90.5811079887206,16.8622943553439,-9.98979311988548));
#20805=CARTESIAN_POINT('Origin',(90.5811079887206,16.8622943553439,-8.98979310498432));
#20806=CARTESIAN_POINT('',(88.3920925287206,16.8622943553439,-8.98979310498432));
#20807=CARTESIAN_POINT('',(88.3920925287206,16.8622943553439,-10.2357745389329));
#20808=CARTESIAN_POINT('',(90.5811079887206,16.8622943553439,-8.98979310498432));
#20809=CARTESIAN_POINT('',(90.5811079887206,16.8622943553439,7.82360304684072));
#20810=CARTESIAN_POINT('',(90.5811079887206,16.8622943553439,-8.98979310498432));
#20811=CARTESIAN_POINT('Origin',(90.5811079887206,9.93114725217776,-4.99489638112881));
#20812=CARTESIAN_POINT('',(88.3920925287206,10.376064807063,-5.25133296456026));
#20813=CARTESIAN_POINT('',(90.5811079887206,2.56278320958181,-0.748001468092687));
#20814=CARTESIAN_POINT('Origin',(90.5811079887206,9.93114725217776,0.00510361887119393));
#20815=CARTESIAN_POINT('',(88.3920925287206,9.93114725217776,1.00510361887119));
#20816=CARTESIAN_POINT('',(88.3920925287206,9.93114725217776,0.00510361887119393));
#20817=CARTESIAN_POINT('',(88.3920925287206,9.93114725217775,-5.73832617700511));
#20818=CARTESIAN_POINT('',(90.5811079887206,9.93114725217776,1.00510361887119));
#20819=CARTESIAN_POINT('',(90.5811079887206,9.93114725217776,1.00510361887119));
#20820=CARTESIAN_POINT('',(90.5811079887206,9.93114725217776,0.00510361887119393));
#20821=CARTESIAN_POINT('',(90.5811079887206,9.93114725217779,12.3210514087685));
#20822=CARTESIAN_POINT('',(90.5811079887206,9.93114725217776,0.00510361887119393));
#20823=CARTESIAN_POINT('Origin',(90.5811079887206,16.8622943553439,-3.98979311988548));
#20824=CARTESIAN_POINT('',(88.3920925287206,16.8622943553439,-3.98979311988548));
#20825=CARTESIAN_POINT('',(88.3920925287206,14.9232483984733,-2.8721875844521));
#20826=CARTESIAN_POINT('',(90.5811079887206,16.8622943553439,-3.98979311988548));
#20827=CARTESIAN_POINT('',(90.5811079887206,7.10996678638306,1.63114393723336));
#20828=CARTESIAN_POINT('',(90.5811079887206,16.8622943553439,-3.98979311988548));
#20829=CARTESIAN_POINT('Origin',(90.5811079887206,16.8622943553439,-2.98979310498432));
#20830=CARTESIAN_POINT('',(88.3920925287206,16.8622943553439,-2.98979310498432));
#20831=CARTESIAN_POINT('',(88.3920925287206,16.8622943553439,-7.23577453893287));
#20832=CARTESIAN_POINT('',(90.5811079887206,16.8622943553439,-2.98979310498432));
#20833=CARTESIAN_POINT('',(90.5811079887206,16.8622943553439,10.8236030468407));
#20834=CARTESIAN_POINT('',(90.5811079887206,16.8622943553439,-2.98979310498432));
#20835=CARTESIAN_POINT('Origin',(90.5811079887206,9.93114725217776,1.00510361887119));
#20836=CARTESIAN_POINT('',(88.3920925287206,11.6739968471411,0.000579543208266697));
#20837=CARTESIAN_POINT('',(90.5811079887206,3.86071524965989,4.50391103967584));
#20838=CARTESIAN_POINT('Origin',(90.5811079887206,10.0000001490116,18.0000003576279));
#20839=CARTESIAN_POINT('',(88.3920925287206,16.9311472521778,14.0051036188712));
#20840=CARTESIAN_POINT('',(88.3920925287206,10.0000001490116,18.0000003576279));
#20841=CARTESIAN_POINT('',(88.3920925287206,15.3933781403094,14.8914257122455));
#20842=CARTESIAN_POINT('',(90.5811079887206,16.9311472521778,14.0051036188712));
#20843=CARTESIAN_POINT('',(90.5811079887206,16.9311472521778,14.0051036188712));
#20844=CARTESIAN_POINT('',(90.5811079887206,10.0000001490116,18.0000003576279));
#20845=CARTESIAN_POINT('',(90.5811079887206,7.58009652821916,19.394757233931));
#20846=CARTESIAN_POINT('',(90.5811079887206,10.0000001490116,18.0000003576279));
#20847=CARTESIAN_POINT('Origin',(90.5811079887206,10.0000001490116,17.0000003427267));
#20848=CARTESIAN_POINT('',(88.3920925287206,10.0000001490116,17.0000003427267));
#20849=CARTESIAN_POINT('',(88.3920925287206,10.0000001490116,2.75912218492265));
#20850=CARTESIAN_POINT('',(90.5811079887206,10.0000001490116,17.0000003427267));
#20851=CARTESIAN_POINT('',(90.5811079887206,10.0000001490116,20.8184997706962));
#20852=CARTESIAN_POINT('',(90.5811079887206,10.0000001490116,17.0000003427267));
#20853=CARTESIAN_POINT('Origin',(90.5811079887206,16.9311472521778,13.0051036188712));
#20854=CARTESIAN_POINT('',(88.3920925287206,16.9311472521778,13.0051036188712));
#20855=CARTESIAN_POINT('',(88.3920925287206,18.6426296682339,12.0186586055031));
#20856=CARTESIAN_POINT('',(90.5811079887206,16.9311472521778,13.0051036188712));
#20857=CARTESIAN_POINT('',(90.5811079887206,10.8293480707528,16.5219901019706));
#20858=CARTESIAN_POINT('',(90.5811079887206,16.9311472521778,13.0051036188712));
#20859=CARTESIAN_POINT('Origin',(90.5811079887206,16.9311472521778,14.0051036188712));
#20860=CARTESIAN_POINT('',(88.3920925287206,16.9311472521778,1.26167382299489));
#20861=CARTESIAN_POINT('',(90.5811079887206,16.9311472521778,19.3210514087685));
#20862=CARTESIAN_POINT('Origin',(76.5564011693963,11.547883428344,-19.1433100828814));
#20863=CARTESIAN_POINT('',(76.5564011693963,11.547883428344,-19.1433100828814));
#20864=CARTESIAN_POINT('',(76.5564011693963,14.6102759042987,-19.1433100828814));
#20865=CARTESIAN_POINT('',(76.5564011693963,9.46282329417201,-19.1433100828814));
#20866=CARTESIAN_POINT('',(76.5564011693963,11.547883428344,-18.1433100828814));
#20867=CARTESIAN_POINT('',(76.5564011693963,11.547883428344,-19.1433100828814));
#20868=CARTESIAN_POINT('',(76.5564011693963,14.6102759042987,-18.1433100828814));
#20869=CARTESIAN_POINT('',(76.5564011693963,11.547883428344,-18.1433100828814));
#20870=CARTESIAN_POINT('',(76.5564011693963,14.6102759042987,-19.1433100828814));
#20871=CARTESIAN_POINT('Origin',(74.5564011693963,11.547883428344,-19.1433100828814));
#20872=CARTESIAN_POINT('',(74.5564011693963,9.54788342834403,-19.1433100828814));
#20873=CARTESIAN_POINT('Origin',(74.5564011693963,11.547883428344,-19.1433100828814));
#20874=CARTESIAN_POINT('',(74.5564011693963,9.54788342834403,-18.1433100828814));
#20875=CARTESIAN_POINT('',(74.5564011693963,9.54788342834403,-19.1433100828814));
#20876=CARTESIAN_POINT('Origin',(74.5564011693963,11.547883428344,-18.1433100828814));
#20877=CARTESIAN_POINT('Origin',(64.4202436048042,9.54788342834403,-19.1433100828814));
#20878=CARTESIAN_POINT('',(64.4202436048042,9.54788342834403,-19.1433100828814));
#20879=CARTESIAN_POINT('',(73.6698987417624,9.54788342834403,-19.1433100828814));
#20880=CARTESIAN_POINT('',(64.4202436048042,9.54788342834403,-18.1433100828814));
#20881=CARTESIAN_POINT('',(64.4202436048042,9.54788342834403,-19.1433100828814));
#20882=CARTESIAN_POINT('',(69.4598908553935,9.54788342834403,-18.1433100828814));
#20883=CARTESIAN_POINT('Origin',(64.4202436048042,11.547883428344,-19.1433100828814));
#20884=CARTESIAN_POINT('',(62.4202436048042,11.547883428344,-19.1433100828814));
#20885=CARTESIAN_POINT('Origin',(64.4202436048042,11.547883428344,-19.1433100828814));
#20886=CARTESIAN_POINT('',(62.4202436048042,11.547883428344,-18.1433100828814));
#20887=CARTESIAN_POINT('',(62.4202436048042,11.547883428344,-19.1433100828814));
#20888=CARTESIAN_POINT('Origin',(64.4202436048042,11.547883428344,-18.1433100828814));
#20889=CARTESIAN_POINT('Origin',(62.4202436048042,14.6102759042987,-19.1433100828814));
#20890=CARTESIAN_POINT('',(62.4202436048042,14.6102759042987,-19.1433100828814));
#20891=CARTESIAN_POINT('',(62.4202436048042,10.9940195321494,-19.1433100828814));
#20892=CARTESIAN_POINT('',(62.4202436048042,14.6102759042987,-18.1433100828814));
#20893=CARTESIAN_POINT('',(62.4202436048042,14.6102759042987,-19.1433100828814));
#20894=CARTESIAN_POINT('',(62.4202436048042,14.6102759042987,-18.1433100828814));
#20895=CARTESIAN_POINT('Origin',(64.4202436048042,14.6102759042987,-19.1433100828814));
#20896=CARTESIAN_POINT('',(64.4202436048042,16.6102759042987,-19.1433100828814));
#20897=CARTESIAN_POINT('Origin',(64.4202436048042,14.6102759042987,-19.1433100828814));
#20898=CARTESIAN_POINT('',(64.4202436048042,16.6102759042987,-18.1433100828814));
#20899=CARTESIAN_POINT('',(64.4202436048042,16.6102759042987,-19.1433100828814));
#20900=CARTESIAN_POINT('Origin',(64.4202436048042,14.6102759042987,-18.1433100828814));
#20901=CARTESIAN_POINT('Origin',(74.5564011693963,16.6102759042987,-19.1433100828814));
#20902=CARTESIAN_POINT('',(74.5564011693963,16.6102759042987,-19.1433100828814));
#20903=CARTESIAN_POINT('',(78.7379775240584,16.6102759042987,-19.1433100828814));
#20904=CARTESIAN_POINT('',(74.5564011693963,16.6102759042987,-18.1433100828814));
#20905=CARTESIAN_POINT('',(74.5564011693963,16.6102759042987,-19.1433100828814));
#20906=CARTESIAN_POINT('',(69.4598908553935,16.6102759042987,-18.1433100828814));
#20907=CARTESIAN_POINT('Origin',(74.5564011693963,14.6102759042987,-19.1433100828814));
#20908=CARTESIAN_POINT('Origin',(74.5564011693963,14.6102759042987,-19.1433100828814));
#20909=CARTESIAN_POINT('Origin',(74.5564011693963,14.6102759042987,-18.1433100828814));
#20910=CARTESIAN_POINT('Origin',(69.4883223871003,13.0790796663214,-18.1433100828814));
#20911=CARTESIAN_POINT('',(72.6999983459711,14.7499996703118,-18.1433100828814));
#20912=CARTESIAN_POINT('',(73.9999983459711,13.4499996703118,-18.1433100828814));
#20913=CARTESIAN_POINT('Origin',(72.6999983459711,13.4499996703118,-18.1433100828814));
#20914=CARTESIAN_POINT('',(66.2631863699831,14.7499996703118,-18.1433100828814));
#20915=CARTESIAN_POINT('',(71.0941603665357,14.7499996703118,-18.1433100828814));
#20916=CARTESIAN_POINT('',(64.9631863699831,13.4499996703118,-18.1433100828814));
#20917=CARTESIAN_POINT('Origin',(66.2631863699831,13.4499996703118,-18.1433100828814));
#20918=CARTESIAN_POINT('',(64.9631863699831,12.7388243884055,-18.1433100828814));
#20919=CARTESIAN_POINT('',(64.9631863699831,13.2645396683167,-18.1433100828814));
#20920=CARTESIAN_POINT('',(66.2631863699831,11.4388243884055,-18.1433100828814));
#20921=CARTESIAN_POINT('Origin',(66.2631863699831,12.7388243884055,-18.1433100828814));
#20922=CARTESIAN_POINT('',(72.6999983459711,11.4388243884055,-18.1433100828814));
#20923=CARTESIAN_POINT('',(67.8757543785417,11.4388243884055,-18.1433100828814));
#20924=CARTESIAN_POINT('',(73.9999983459711,12.7388243884055,-18.1433100828814));
#20925=CARTESIAN_POINT('Origin',(72.6999983459711,12.7388243884055,-18.1433100828814));
#20926=CARTESIAN_POINT('',(73.9999983459711,12.9089520273635,-18.1433100828814));
#20927=CARTESIAN_POINT('Origin',(64.9631863699831,13.4499996703118,-19.1433100828814));
#20928=CARTESIAN_POINT('',(64.9631863699831,13.4499996703118,-16.9542946228814));
#20929=CARTESIAN_POINT('',(64.9631863699831,13.4499996703118,-19.1433100828814));
#20930=CARTESIAN_POINT('',(64.9631863699831,12.7388243884055,-16.9542946228814));
#20931=CARTESIAN_POINT('',(64.963186369983,10.4138814151556,-16.9542946228814));
#20932=CARTESIAN_POINT('',(64.9631863699831,12.7388243884055,-19.1433100828814));
#20933=CARTESIAN_POINT('Origin',(66.2631863699831,13.4499996703118,-19.1433100828814));
#20934=CARTESIAN_POINT('',(66.2631863699831,14.7499996703118,-16.9542946228814));
#20935=CARTESIAN_POINT('',(66.2631863699831,14.7499996703118,-19.1433100828814));
#20936=CARTESIAN_POINT('Origin',(66.2631863699831,13.4499996703118,-16.9542946228814));
#20937=CARTESIAN_POINT('Origin',(72.6999983459711,14.7499996703118,-19.1433100828814));
#20938=CARTESIAN_POINT('',(72.6999983459711,14.7499996703118,-16.9542946228814));
#20939=CARTESIAN_POINT('',(72.6999983459711,14.7499996703118,-19.1433100828814));
#20940=CARTESIAN_POINT('',(57.178154125796,14.7499996703118,-16.9542946228814));
#20941=CARTESIAN_POINT('Origin',(72.6999983459711,13.4499996703118,-19.1433100828814));
#20942=CARTESIAN_POINT('',(73.9999983459711,13.4499996703118,-16.9542946228814));
#20943=CARTESIAN_POINT('',(73.9999983459711,13.4499996703118,-19.1433100828814));
#20944=CARTESIAN_POINT('Origin',(72.6999983459711,13.4499996703118,-16.9542946228814));
#20945=CARTESIAN_POINT('Origin',(62.2879318921707,18.133825,6.57762161289218));
#20946=CARTESIAN_POINT('',(90.5811079887206,18.133825,24.6369991986658));
#20947=CARTESIAN_POINT('Origin',(82.9195538787206,18.133825,24.6369991986658));
#20948=CARTESIAN_POINT('',(90.5811079887206,18.133825,-11.4817559728814));
#20949=CARTESIAN_POINT('',(90.5811079887206,18.133825,-11.4817559728814));
#20950=CARTESIAN_POINT('',(82.9195538787206,18.133825,-19.1433100828814));
#20951=CARTESIAN_POINT('Origin',(82.9195538787206,18.133825,-11.4817559728814));
#20952=CARTESIAN_POINT('',(41.6563099056208,18.133825,-19.1433100828814));
#20953=CARTESIAN_POINT('',(88.3920925287206,18.133825,8.21938234349206));
#20954=CARTESIAN_POINT('',(88.3923921777407,18.133825,8.21938234349206));
#20955=CARTESIAN_POINT('',(64.4734860244946,18.133825,8.21938234349207));
#20956=CARTESIAN_POINT('',(88.3920925287206,18.133825,24.6369991986658));
#20957=CARTESIAN_POINT('',(88.3920925287206,18.133825,-11.4817559728814));
#20958=CARTESIAN_POINT('',(82.9195538787206,18.133825,30.1095378486658));
#20959=CARTESIAN_POINT('Origin',(82.9195538787206,18.133825,24.6369991986658));
#20960=CARTESIAN_POINT('',(41.6563099056208,18.133825,30.1095378486658));
#20961=CARTESIAN_POINT('',(82.9195538787206,18.133825,30.1095378486658));
#20962=CARTESIAN_POINT('',(36.1837712556208,18.133825,24.6369991986658));
#20963=CARTESIAN_POINT('Origin',(41.6563099056208,18.133825,24.6369991986658));
#20964=CARTESIAN_POINT('',(36.1837712556208,18.133825,-11.4817559728814));
#20965=CARTESIAN_POINT('',(36.1837712556208,18.133825,24.6369991986658));
#20966=CARTESIAN_POINT('',(41.6563099056208,18.133825,-16.9542946228814));
#20967=CARTESIAN_POINT('Origin',(41.6563099056208,18.133825,-11.4817559728814));
#20968=CARTESIAN_POINT('',(82.9195538787206,18.133825,-16.9542946228814));
#20969=CARTESIAN_POINT('',(41.6563099056208,18.133825,-16.9542946228814));
#20970=CARTESIAN_POINT('',(88.3920925287206,18.133825,-11.4817559728814));
#20971=CARTESIAN_POINT('Origin',(82.9195538787206,18.133825,-11.4817559728814));
#20972=CARTESIAN_POINT('',(88.3920925287206,18.133825,4.93585915349207));
#20973=CARTESIAN_POINT('',(88.3920925287206,18.133825,-11.4817559728814));
#20974=CARTESIAN_POINT('',(88.3923921777407,18.133825,4.93585915349207));
#20975=CARTESIAN_POINT('',(64.4734860244946,18.133825,4.93585915349207));
#20976=CARTESIAN_POINT('',(88.3923921777407,18.133825,-4.43565040711331));
#20977=CARTESIAN_POINT('Origin',(66.6590401568185,24.342632975,8.21938234349207));
#20978=CARTESIAN_POINT('',(88.3923921777407,9.56677862,8.21938234349206));
#20979=CARTESIAN_POINT('',(88.3920925287206,20.2382289875,8.21938234349207));
#20980=CARTESIAN_POINT('',(88.3923921777407,22.70087138,8.21938234349206));
#20981=CARTESIAN_POINT('',(88.3923921777407,15.3129442025,8.21938234349206));
#20982=CARTESIAN_POINT('',(88.9396460427407,23.1600718962818,8.21938234349206));
#20983=CARTESIAN_POINT('',(82.4197698160918,17.6892461591793,8.21938234349206));
#20984=CARTESIAN_POINT('',(88.9396460427407,23.9809526937818,8.21938234349206));
#20985=CARTESIAN_POINT('',(88.9396460427407,23.7513524356409,8.21938234349206));
#20986=CARTESIAN_POINT('',(88.5086122682285,24.342632975,8.21938234349206));
#20987=CARTESIAN_POINT('',(82.313201532645,29.5411998382199,8.21938234349206));
#20988=CARTESIAN_POINT('',(87.5715113802407,24.342632975,8.21938234349206));
#20989=CARTESIAN_POINT('',(77.5838262125235,24.342632975,8.21938234349207));
#20990=CARTESIAN_POINT('',(87.5715113802407,9.56677862,8.21938234349206));
#20991=CARTESIAN_POINT('',(87.5715113802407,24.342632975,8.21938234349206));
#20992=CARTESIAN_POINT('',(64.4734860244946,9.56677862,8.21938234349207));
#20993=CARTESIAN_POINT('Origin',(73.9999983459711,12.7388243884055,-19.1433100828814));
#20994=CARTESIAN_POINT('',(73.9999983459711,12.7388243884055,-16.9542946228814));
#20995=CARTESIAN_POINT('',(73.9999983459711,12.7388243884055,-19.1433100828814));
#20996=CARTESIAN_POINT('',(73.9999983459711,10.058293774203,-16.9542946228814));
#20997=CARTESIAN_POINT('Origin',(72.6999983459711,12.7388243884055,-19.1433100828814));
#20998=CARTESIAN_POINT('',(72.6999983459711,11.4388243884055,-16.9542946228814));
#20999=CARTESIAN_POINT('',(72.6999983459711,11.4388243884055,-19.1433100828814));
#21000=CARTESIAN_POINT('Origin',(72.6999983459711,12.7388243884055,-16.9542946228814));
#21001=CARTESIAN_POINT('Origin',(66.2631863699831,11.4388243884055,-19.1433100828814));
#21002=CARTESIAN_POINT('',(66.2631863699831,11.4388243884055,-16.9542946228814));
#21003=CARTESIAN_POINT('',(66.2631863699831,11.4388243884055,-19.1433100828814));
#21004=CARTESIAN_POINT('',(53.9597481378019,11.4388243884055,-16.9542946228814));
#21005=CARTESIAN_POINT('Origin',(66.2631863699831,12.7388243884055,-19.1433100828814));
#21006=CARTESIAN_POINT('Origin',(66.2631863699831,12.7388243884055,-16.9542946228814));
#21007=CARTESIAN_POINT('Origin',(88.3923921777407,6.28325543,-15.4489224271188));
#21008=CARTESIAN_POINT('',(88.3923921777407,22.70087138,4.93585915349207));
#21009=CARTESIAN_POINT('',(88.3923921777407,6.28325543,4.93585915349207));
#21010=CARTESIAN_POINT('',(88.3923921777407,22.70087138,-15.4489224271188));
#21011=CARTESIAN_POINT('Origin',(87.5715113802407,24.342632975,-15.4489224271188));
#21012=CARTESIAN_POINT('',(87.5715113802407,9.56677862,4.93585915349207));
#21013=CARTESIAN_POINT('',(87.5715113802407,9.56677862,-4.43565040711332));
#21014=CARTESIAN_POINT('',(87.5715113802407,24.342632975,4.93585915349207));
#21015=CARTESIAN_POINT('',(87.5715113802407,24.342632975,-15.4489224271188));
#21016=CARTESIAN_POINT('',(87.5715113802407,15.3129442025,4.93585915349207));
#21017=CARTESIAN_POINT('Origin',(66.6590401568185,6.28325543,4.93585915349207));
#21018=CARTESIAN_POINT('',(88.3923921777407,9.56677862,4.93585915349207));
#21019=CARTESIAN_POINT('',(88.3920925287206,11.208540215,4.93585915349207));
#21020=CARTESIAN_POINT('',(64.4734860244946,9.56677862,4.93585915349207));
#21021=CARTESIAN_POINT('',(88.5086122682285,24.342632975,4.93585915349207));
#21022=CARTESIAN_POINT('',(77.5838262125235,24.342632975,4.93585915349207));
#21023=CARTESIAN_POINT('',(88.9396460427407,23.9809526937818,4.93585915349207));
#21024=CARTESIAN_POINT('',(86.7594552878676,25.810349952092,4.93585915349207));
#21025=CARTESIAN_POINT('',(88.9396460427407,23.1600718962818,4.93585915349207));
#21026=CARTESIAN_POINT('',(88.9396460427407,14.7216636631409,4.93585915349207));
#21027=CARTESIAN_POINT('',(77.9735160608692,13.9583962730513,4.93585915349207));
#21028=CARTESIAN_POINT('Origin',(88.9396460427407,23.1600718962818,-15.4489224271188));
#21029=CARTESIAN_POINT('',(88.9396460427407,23.1600718962818,-15.4489224271188));
#21030=CARTESIAN_POINT('',(88.9396460427407,23.9809526937818,-15.4489224271188));
#21031=CARTESIAN_POINT('Origin',(88.3923921777407,22.70087138,-15.4489224271188));
#21032=CARTESIAN_POINT('Origin',(88.5086122682285,24.342632975,-15.4489224271188));
#21033=CARTESIAN_POINT('',(88.5086122682285,24.342632975,-15.4489224271188));
#21034=CARTESIAN_POINT('Origin',(88.9396460427407,23.9809526937818,-15.4489224271188));
#21035=CARTESIAN_POINT('Origin',(88.3920925287206,7.37776316,-11.4817559728814));
#21036=CARTESIAN_POINT('',(88.3923921777407,9.56677861999999,24.6369983342657));
#21037=CARTESIAN_POINT('',(88.3923921777407,9.56677862,15.6073099735789));
#21038=CARTESIAN_POINT('',(88.3920925287206,7.37776316,24.6369991986658));
#21039=CARTESIAN_POINT('Origin',(88.3920925287206,7.37776316,-11.4817559728814));
#21040=CARTESIAN_POINT('',(88.3923921777407,9.56677862,-11.4817568372815));
#21041=CARTESIAN_POINT('',(88.3920925287206,7.37776316,-11.4817559728814));
#21042=CARTESIAN_POINT('',(88.3923921777407,9.56677862,15.6073099735789));
#21043=CARTESIAN_POINT('Origin',(36.1840709046409,6.28325543,28.6041639241029));
#21044=CARTESIAN_POINT('',(36.1837712556208,16.133825,8.21938234349206));
#21045=CARTESIAN_POINT('',(36.1837712556208,16.133825,4.93585915349205));
#21046=CARTESIAN_POINT('',(36.1837712556208,16.133825,24.6369991986658));
#21047=CARTESIAN_POINT('',(36.1840709046409,22.70087138,8.21938234349206));
#21048=CARTESIAN_POINT('',(36.1840709046409,6.28325543,8.21938234349206));
#21049=CARTESIAN_POINT('',(36.1840709046409,22.70087138,4.93585915349206));
#21050=CARTESIAN_POINT('',(36.1840709046409,22.70087138,28.6041639241029));
#21051=CARTESIAN_POINT('',(36.1840709046409,15.3129442025,4.93585915349206));
#21052=CARTESIAN_POINT('Origin',(37.0049517021409,24.342632975,28.6041639241029));
#21053=CARTESIAN_POINT('',(37.0049517021409,9.56677862,4.93585915349206));
#21054=CARTESIAN_POINT('',(37.0049517021409,9.56677862,8.21938234349206));
#21055=CARTESIAN_POINT('',(37.0049517021409,9.56677862,17.5908927684976));
#21056=CARTESIAN_POINT('',(37.0049517021409,24.342632975,4.93585915349206));
#21057=CARTESIAN_POINT('',(37.0049517021409,24.342632975,4.93585915349206));
#21058=CARTESIAN_POINT('',(37.0049517021409,24.342632975,8.21938234349206));
#21059=CARTESIAN_POINT('',(37.0049517021409,24.342632975,28.6041639241029));
#21060=CARTESIAN_POINT('',(37.0049517021409,15.3129442025,8.21938234349206));
#21061=CARTESIAN_POINT('Origin',(57.9174229255631,24.342632975,4.93585915349206));
#21062=CARTESIAN_POINT('',(36.1840709046409,9.56677862,4.93585915349206));
#21063=CARTESIAN_POINT('',(60.1026774088669,9.56677862,4.93585915349206));
#21064=CARTESIAN_POINT('',(36.1837712556208,15.8601980675,4.93585915349205));
#21065=CARTESIAN_POINT('',(35.6368170396409,23.1600718962818,4.93585915349206));
#21066=CARTESIAN_POINT('',(42.1566932662898,17.6892461591793,4.93585915349206));
#21067=CARTESIAN_POINT('',(35.6368170396409,23.9809526937818,4.93585915349206));
#21068=CARTESIAN_POINT('',(35.6368170396409,23.7513524356409,4.93585915349206));
#21069=CARTESIAN_POINT('',(36.0678508141532,24.342632975,4.93585915349206));
#21070=CARTESIAN_POINT('',(42.2632615497367,29.5411998382199,4.93585915349206));
#21071=CARTESIAN_POINT('',(46.9926368698581,24.342632975,4.93585915349206));
#21072=CARTESIAN_POINT('Origin',(57.9174229255631,6.28325543,8.21938234349206));
#21073=CARTESIAN_POINT('',(36.1840709046409,9.56677862,8.21938234349206));
#21074=CARTESIAN_POINT('',(60.1026774088669,9.56677862,8.21938234349206));
#21075=CARTESIAN_POINT('',(36.0678508141532,24.342632975,8.21938234349206));
#21076=CARTESIAN_POINT('',(46.9926368698581,24.342632975,8.21938234349206));
#21077=CARTESIAN_POINT('',(35.6368170396409,23.9809526937818,8.21938234349206));
#21078=CARTESIAN_POINT('',(37.817007794514,25.810349952092,8.21938234349206));
#21079=CARTESIAN_POINT('',(35.6368170396409,23.1600718962818,8.21938234349206));
#21080=CARTESIAN_POINT('',(35.6368170396409,14.7216636631409,8.21938234349206));
#21081=CARTESIAN_POINT('',(46.6029470215125,13.9583962730513,8.21938234349206));
#21082=CARTESIAN_POINT('',(36.1837712556208,6.830509295,8.21938234349206));
#21083=CARTESIAN_POINT('Origin',(35.6368170396409,23.1600718962818,28.6041639241029));
#21084=CARTESIAN_POINT('',(35.6368170396409,23.1600718962818,28.6041639241029));
#21085=CARTESIAN_POINT('',(35.6368170396409,23.9809526937818,28.6041639241029));
#21086=CARTESIAN_POINT('Origin',(36.1840709046409,22.70087138,28.6041639241029));
#21087=CARTESIAN_POINT('Origin',(36.0678508141532,24.342632975,28.6041639241029));
#21088=CARTESIAN_POINT('',(36.0678508141532,24.342632975,28.6041639241029));
#21089=CARTESIAN_POINT('Origin',(35.6368170396409,23.9809526937818,28.6041639241029));
#21090=CARTESIAN_POINT('Origin',(36.1837712556208,7.37776316,24.6369991986658));
#21091=CARTESIAN_POINT('',(36.1840709046409,9.56677862,-11.4817568372815));
#21092=CARTESIAN_POINT('',(36.1840709046409,9.56677862,-2.45206761219467));
#21093=CARTESIAN_POINT('',(36.1837712556208,7.37776316,-11.4817559728814));
#21094=CARTESIAN_POINT('',(36.1840709046409,9.56677861999999,24.6369983342657));
#21095=CARTESIAN_POINT('',(36.1837712556208,7.37776316,24.6369991986658));
#21096=CARTESIAN_POINT('',(36.1840709046409,9.56677862,-2.45206761219467));
#21097=CARTESIAN_POINT('Origin',(41.6563099056208,7.37776316,-11.4817559728814));
#21098=CARTESIAN_POINT('',(41.6566095546409,9.56677862,-16.9542954872815));
#21099=CARTESIAN_POINT('Origin',(41.6566095546409,9.56677862,-11.4817568372815));
#21100=CARTESIAN_POINT('',(41.6563099056208,7.37776316,-16.9542946228814));
#21101=CARTESIAN_POINT('Origin',(41.6563099056208,7.37776316,-16.9542946228814));
#21102=CARTESIAN_POINT('',(82.9198535277407,9.56677862,-16.9542954872815));
#21103=CARTESIAN_POINT('',(72.6038927099557,9.56677862,-16.9542954872815));
#21104=CARTESIAN_POINT('',(82.9195538787206,7.37776316,-16.9542946228814));
#21105=CARTESIAN_POINT('Origin',(82.9195538787206,7.37776316,-11.4817559728814));
#21106=CARTESIAN_POINT('Origin',(82.9198535277407,9.56677862,-11.4817568372815));
#21107=CARTESIAN_POINT('Origin',(41.6563099056208,7.37776316,24.6369991986658));
#21108=CARTESIAN_POINT('',(41.6566095546409,9.56677861999999,30.1095369842657));
#21109=CARTESIAN_POINT('Origin',(41.6566095546409,9.56677862,24.6369983342657));
#21110=CARTESIAN_POINT('',(41.6563099056208,7.37776316,30.1095378486658));
#21111=CARTESIAN_POINT('Origin',(82.9195538787206,7.37776316000001,30.1095378486658));
#21112=CARTESIAN_POINT('',(82.9198535277407,9.56677861999999,30.1095369842657));
#21113=CARTESIAN_POINT('',(51.9722707234058,9.56677862,30.1095369842657));
#21114=CARTESIAN_POINT('',(82.9195538787206,7.37776316000001,30.1095378486658));
#21115=CARTESIAN_POINT('Origin',(82.9195538787206,7.37776316,24.6369991986658));
#21116=CARTESIAN_POINT('Origin',(82.9198535277407,9.56677862,24.6369983342657));
#21117=CARTESIAN_POINT('Origin',(82.9195538787206,7.37776315999999,-19.1433100828814));
#21118=CARTESIAN_POINT('',(82.9195538787206,7.37776315999999,-19.1433100828814));
#21119=CARTESIAN_POINT('Origin',(82.9195538787206,7.37776316,-11.4817559728814));
#21120=CARTESIAN_POINT('',(90.5811079887206,7.37776316,-11.4817559728814));
#21121=CARTESIAN_POINT('Origin',(90.5811079887206,7.37776316,24.6369991986658));
#21122=CARTESIAN_POINT('',(90.5811079887206,7.37776316,24.6369991986658));
#21123=CARTESIAN_POINT('Origin',(82.9195538787206,7.37776316,24.6369991986658));
#21124=CARTESIAN_POINT('Origin',(62.2879318921707,9.56677862,6.57762161289218));
#21125=CARTESIAN_POINT('',(-49.,120.,-70.0000000000001));
#21126=UNCERTAINTY_MEASURE_WITH_UNIT(LENGTH_MEASURE(0.01),#21138,
'DISTANCE_ACCURACY_VALUE',
'Maximum model space distance between geometric entities at asserted c
onnectivities');
#21127=UNCERTAINTY_MEASURE_WITH_UNIT(LENGTH_MEASURE(0.01),#21138,
'DISTANCE_ACCURACY_VALUE',
'Maximum model space distance between geometric entities at asserted c
onnectivities');
#21128=UNCERTAINTY_MEASURE_WITH_UNIT(LENGTH_MEASURE(0.01),#21138,
'DISTANCE_ACCURACY_VALUE',
'Maximum model space distance between geometric entities at asserted c
onnectivities');
#21129=UNCERTAINTY_MEASURE_WITH_UNIT(LENGTH_MEASURE(0.01),#21138,
'DISTANCE_ACCURACY_VALUE',
'Maximum model space distance between geometric entities at asserted c
onnectivities');
#21130=UNCERTAINTY_MEASURE_WITH_UNIT(LENGTH_MEASURE(0.01),#21138,
'DISTANCE_ACCURACY_VALUE',
'Maximum model space distance between geometric entities at asserted c
onnectivities');
#21131=UNCERTAINTY_MEASURE_WITH_UNIT(LENGTH_MEASURE(0.01),#21138,
'DISTANCE_ACCURACY_VALUE',
'Maximum model space distance between geometric entities at asserted c
onnectivities');
#21132=(
GEOMETRIC_REPRESENTATION_CONTEXT(3)
GLOBAL_UNCERTAINTY_ASSIGNED_CONTEXT((#21126))
GLOBAL_UNIT_ASSIGNED_CONTEXT((#21138,#21140,#21141))
REPRESENTATION_CONTEXT('','3D')
);
#21133=(
GEOMETRIC_REPRESENTATION_CONTEXT(3)
GLOBAL_UNCERTAINTY_ASSIGNED_CONTEXT((#21127))
GLOBAL_UNIT_ASSIGNED_CONTEXT((#21138,#21140,#21141))
REPRESENTATION_CONTEXT('','3D')
);
#21134=(
GEOMETRIC_REPRESENTATION_CONTEXT(3)
GLOBAL_UNCERTAINTY_ASSIGNED_CONTEXT((#21128))
GLOBAL_UNIT_ASSIGNED_CONTEXT((#21138,#21140,#21141))
REPRESENTATION_CONTEXT('','3D')
);
#21135=(
GEOMETRIC_REPRESENTATION_CONTEXT(3)
GLOBAL_UNCERTAINTY_ASSIGNED_CONTEXT((#21129))
GLOBAL_UNIT_ASSIGNED_CONTEXT((#21138,#21140,#21141))
REPRESENTATION_CONTEXT('','3D')
);
#21136=(
GEOMETRIC_REPRESENTATION_CONTEXT(3)
GLOBAL_UNCERTAINTY_ASSIGNED_CONTEXT((#21130))
GLOBAL_UNIT_ASSIGNED_CONTEXT((#21138,#21140,#21141))
REPRESENTATION_CONTEXT('','3D')
);
#21137=(
GEOMETRIC_REPRESENTATION_CONTEXT(3)
GLOBAL_UNCERTAINTY_ASSIGNED_CONTEXT((#21131))
GLOBAL_UNIT_ASSIGNED_CONTEXT((#21138,#21140,#21141))
REPRESENTATION_CONTEXT('','3D')
);
#21138=(
LENGTH_UNIT()
NAMED_UNIT(*)
SI_UNIT(.MILLI.,.METRE.)
);
#21139=(
LENGTH_UNIT()
NAMED_UNIT(*)
SI_UNIT($,.METRE.)
);
#21140=(
NAMED_UNIT(*)
PLANE_ANGLE_UNIT()
SI_UNIT($,.RADIAN.)
);
#21141=(
NAMED_UNIT(*)
SI_UNIT($,.STERADIAN.)
SOLID_ANGLE_UNIT()
);
#21142=SHAPE_DEFINITION_REPRESENTATION(#21147,#21157);
#21143=SHAPE_DEFINITION_REPRESENTATION(#21148,#21158);
#21144=SHAPE_DEFINITION_REPRESENTATION(#21149,#21159);
#21145=SHAPE_DEFINITION_REPRESENTATION(#21150,#21160);
#21146=SHAPE_DEFINITION_REPRESENTATION(#21151,#21161);
#21147=PRODUCT_DEFINITION_SHAPE('',$,#21163);
#21148=PRODUCT_DEFINITION_SHAPE('',$,#21164);
#21149=PRODUCT_DEFINITION_SHAPE('',$,#21165);
#21150=PRODUCT_DEFINITION_SHAPE('',$,#21166);
#21151=PRODUCT_DEFINITION_SHAPE('',$,#21167);
#21152=PRODUCT_DEFINITION_SHAPE($,$,#26);
#21153=PRODUCT_DEFINITION_SHAPE($,$,#27);
#21154=PRODUCT_DEFINITION_SHAPE($,$,#28);
#21155=PRODUCT_DEFINITION_SHAPE($,$,#29);
#21156=PRODUCT_DEFINITION_SHAPE($,$,#30);
#21157=SHAPE_REPRESENTATION('',(#12738,#13762),#21132);
#21158=SHAPE_REPRESENTATION('',(#12739,#13592,#13593,#13594,#13595),#21133);
#21159=SHAPE_REPRESENTATION('',(#12740),#21134);
#21160=SHAPE_REPRESENTATION('',(#13325),#21135);
#21161=SHAPE_REPRESENTATION('',(#13517),#21136);
#21162=PRODUCT_DEFINITION_CONTEXT('part definition',#21179,'design');
#21163=PRODUCT_DEFINITION('2026-07-13-21-11-01-629','Carbon',#21168,#21162);
#21164=PRODUCT_DEFINITION('PCB 1','PCBc',#21169,#21162);
#21165=PRODUCT_DEFINITION('USB_C_Receptacle_HRO_TYPE-C-31-M-12',
'USB_C_Receptacle_HRO_TYPE-C-31-M-12',#21170,#21162);
#21166=PRODUCT_DEFINITION('SW_SPST_PTS647Sx38','SW_SPST_PTS647Sx38',#21171,
#21162);
#21167=PRODUCT_DEFINITION('Carbon_PCB','Carbon_PCB',#21172,#21162);
#21168=PRODUCT_DEFINITION_FORMATION('',$,#21181);
#21169=PRODUCT_DEFINITION_FORMATION('',$,#21182);
#21170=PRODUCT_DEFINITION_FORMATION('',$,#21183);
#21171=PRODUCT_DEFINITION_FORMATION('',$,#21184);
#21172=PRODUCT_DEFINITION_FORMATION('',$,#21185);
#21173=PRODUCT_RELATED_PRODUCT_CATEGORY('Carbon','Carbon',(#21181));
#21174=PRODUCT_RELATED_PRODUCT_CATEGORY('PCBc','PCBc',(#21182));
#21175=PRODUCT_RELATED_PRODUCT_CATEGORY(
'USB_C_Receptacle_HRO_TYPE-C-31-M-12',
'USB_C_Receptacle_HRO_TYPE-C-31-M-12',(#21183));
#21176=PRODUCT_RELATED_PRODUCT_CATEGORY('SW_SPST_PTS647Sx38',
'SW_SPST_PTS647Sx38',(#21184));
#21177=PRODUCT_RELATED_PRODUCT_CATEGORY('Carbon_PCB','Carbon_PCB',(#21185));
#21178=APPLICATION_PROTOCOL_DEFINITION('international standard',
'automotive_design',2009,#21179);
#21179=APPLICATION_CONTEXT(
'Core Data for Automotive Mechanical Design Process');
#21180=PRODUCT_CONTEXT('part definition',#21179,'mechanical');
#21181=PRODUCT('2026-07-13-21-11-01-629','Carbon',$,(#21180));
#21182=PRODUCT('PCB 1','PCBc','KiCad electronic assembly',(#21180));
#21183=PRODUCT('USB_C_Receptacle_HRO_TYPE-C-31-M-12',
'USB_C_Receptacle_HRO_TYPE-C-31-M-12',$,(#21180));
#21184=PRODUCT('SW_SPST_PTS647Sx38','SW_SPST_PTS647Sx38',$,(#21180));
#21185=PRODUCT('Carbon_PCB','Carbon_PCB',$,(#21180));
#21186=PRESENTATION_STYLE_ASSIGNMENT((#21194));
#21187=PRESENTATION_STYLE_ASSIGNMENT((#21195));
#21188=PRESENTATION_STYLE_ASSIGNMENT((#21196));
#21189=PRESENTATION_STYLE_ASSIGNMENT((#21197));
#21190=PRESENTATION_STYLE_ASSIGNMENT((#21198));
#21191=PRESENTATION_STYLE_ASSIGNMENT((#21199));
#21192=PRESENTATION_STYLE_ASSIGNMENT((#21200));
#21193=PRESENTATION_STYLE_ASSIGNMENT((#21201));
#21194=SURFACE_STYLE_USAGE(.BOTH.,#21202);
#21195=SURFACE_STYLE_USAGE(.BOTH.,#21203);
#21196=SURFACE_STYLE_USAGE(.BOTH.,#21204);
#21197=SURFACE_STYLE_USAGE(.BOTH.,#21205);
#21198=SURFACE_STYLE_USAGE(.BOTH.,#21206);
#21199=SURFACE_STYLE_USAGE(.BOTH.,#21207);
#21200=SURFACE_STYLE_USAGE(.BOTH.,#21208);
#21201=SURFACE_STYLE_USAGE(.BOTH.,#21209);
#21202=SURFACE_SIDE_STYLE('',(#21210));
#21203=SURFACE_SIDE_STYLE('',(#21211));
#21204=SURFACE_SIDE_STYLE('',(#21212));
#21205=SURFACE_SIDE_STYLE('',(#21213));
#21206=SURFACE_SIDE_STYLE('',(#21214));
#21207=SURFACE_SIDE_STYLE('',(#21215));
#21208=SURFACE_SIDE_STYLE('',(#21216));
#21209=SURFACE_SIDE_STYLE('',(#21217));
#21210=SURFACE_STYLE_FILL_AREA(#21218);
#21211=SURFACE_STYLE_FILL_AREA(#21219);
#21212=SURFACE_STYLE_FILL_AREA(#21220);
#21213=SURFACE_STYLE_FILL_AREA(#21221);
#21214=SURFACE_STYLE_FILL_AREA(#21222);
#21215=SURFACE_STYLE_FILL_AREA(#21223);
#21216=SURFACE_STYLE_FILL_AREA(#21224);
#21217=SURFACE_STYLE_FILL_AREA(#21225);
#21218=FILL_AREA_STYLE('ABS (White)',(#21226));
#21219=FILL_AREA_STYLE('Opaque(76,76,76)',(#21227));
#21220=FILL_AREA_STYLE('Opaque(247,224,153)',(#21228));
#21221=FILL_AREA_STYLE('Opaque(170,178,196)',(#21229));
#21222=FILL_AREA_STYLE('Opaque(204,204,204)',(#21230));
#21223=FILL_AREA_STYLE('Opaque(210,209,199)',(#21231));
#21224=FILL_AREA_STYLE('Opaque(70,70,70)',(#21232));
#21225=FILL_AREA_STYLE('Opaque(80,124,105)',(#21233));
#21226=FILL_AREA_STYLE_COLOUR('ABS (White)',#21234);
#21227=FILL_AREA_STYLE_COLOUR('Opaque(76,76,76)',#21235);
#21228=FILL_AREA_STYLE_COLOUR('Opaque(247,224,153)',#21236);
#21229=FILL_AREA_STYLE_COLOUR('Opaque(170,178,196)',#21237);
#21230=FILL_AREA_STYLE_COLOUR('Opaque(204,204,204)',#21238);
#21231=FILL_AREA_STYLE_COLOUR('Opaque(210,209,199)',#21239);
#21232=FILL_AREA_STYLE_COLOUR('Opaque(70,70,70)',#21240);
#21233=FILL_AREA_STYLE_COLOUR('Opaque(80,124,105)',#21241);
#21234=COLOUR_RGB('ABS (White)',0.964705882352941,0.964705882352941,0.952941176470588);
#21235=COLOUR_RGB('Opaque(76,76,76)',0.298039215686275,0.298039215686275,
0.298039215686275);
#21236=COLOUR_RGB('Opaque(247,224,153)',0.968627450980392,0.87843137254902,
0.6);
#21237=COLOUR_RGB('Opaque(170,178,196)',0.666666666666667,0.698039215686274,
0.768627450980392);
#21238=COLOUR_RGB('Opaque(204,204,204)',0.8,0.8,0.8);
#21239=COLOUR_RGB('Opaque(210,209,199)',0.823529411764706,0.819607843137255,
0.780392156862745);
#21240=COLOUR_RGB('Opaque(70,70,70)',0.274509803921569,0.274509803921569,
0.274509803921569);
#21241=COLOUR_RGB('Opaque(80,124,105)',0.313725490196078,0.486274509803922,
0.411764705882353);
ENDSEC;
END-ISO-10303-21;
